Q: Why can't a blonde dial 911?,A: She can't find the eleven.,
Q: Why did the mirror have holes in it?,A: A moron kept trying to shoot himself.,
A blonde goes on a hot date and ends up making out with the guy in his car.,The guy asks if she would like to go in the backseat.,[QUOTE]No![QUOTE] yells the blonde.,Things get even hotter[COMMA] and the guy asks again.,[QUOTE]For the last time[COMMA] no![QUOTE] says the blonde.,Frustrated[COMMA] the guy asks[COMMA] [QUOTE]Well[COMMA] why the hell not?[QUOTE],The blonde says[COMMA] [QUOTE]Because I wanna stay up here with you![QUOTE],
Two blondes were driving down the road.,The blonde driving looks at her friend in the passenger seat and asks her to see if her blinker is working.,So the blonde looks out the window and says[COMMA] ''Yes.,No.,Yes.,No.'',
What are the blonde's first words after 4 years of college?,[QUOTE]Would you like fries with that?[QUOTE],
Q: Why did the blonde run with the bike?,A: It was going too fast for her to get on.,
Q: Why was the blonde's bellybutton bruised?,A: Her husband was a blonde[COMMA] too.,
Q: What do you call a bunch of blondes standing ear to ear?,A: A wind tunnel.,
Q: What do blondes and beer bottles have in common?,A: They're both empty from the neck up.,
Did you hear about the blonde who shot an arrow into the air?,She missed.,
A blonde has sharp pains in her side[COMMA] so she goes to the hospital.,The doctor examines her and says[COMMA] [QUOTE]You have acute appendicitis.[QUOTE],The blonde says[COMMA] [QUOTE]That's sweet[COMMA] doc[COMMA] but I came here to get medical help.[QUOTE] ,
Q: Why couldn't the blonde add 10 and seven on a calculator?,A: She couldn't find the 10 key.,
Q: What is every blonde's ambition?,A: To be like Vanna White and learn the alphabet.,
Q: Why does the blonde have the biggest tits in the third grade?, A: Because she's 21.,
Q: How did the blonde die raking leaves?,A: She fell out of the tree.,
Two blondes walk into a tanning salon.,The receptionist asks[COMMA] [QUOTE]Are you two sisters?[QUOTE] , They chuckled and reply[COMMA] [QUOTE] No[COMMA] we aren't even Catholic.[QUOTE] ,
Q: Why did the blonde become a big basketball fan?,A: Because every time they stopped the clock[COMMA] she thought that she had stopped aging.,
A blonde rings up an airline., She asks[COMMA],[QUOTE]How long are your flights from America to England?[QUOTE],The woman on the other end of the phone says[COMMA] [QUOTE]Just a minute.[QUOTE],The blonde says[COMMA] [QUOTE]Thanks![QUOTE] and hangs up the phone.,
Q: What's it called when a blonde blows in another blonde's ear?,A: Data transfer.,
Q: What do you call 24 blondes in a box?, A: A case of empties!,
Q: What do you call a blonde with two brain cells?,A: Pregnant.,
Q: How do you make a blonde's brain the size of a pea?,A: Inflate it.,
Q: Why did the blonde build a bridge across the river?,A: So she could have shade when she swam across.,
Q: What do you call a brunette between two blondes?,A: The translator.,
Q: What do you call a blonde between two brunettes?,A: A mental block.,
A blonde goes to the doctor with burns on both of her ears and her right hand.,[QUOTE]Sit down and tell me how it happened[COMMA][QUOTE] says the doctor.,[QUOTE]I was ironing my clothes when I received a call.,Instead of picking up the phone[COMMA] I picked up the iron and burned my ear.[QUOTE],[QUOTE]'What about the other ear and your hand?[QUOTE] the doctor asked., She replied[COMMA] [QUOTE]I tried to call for an ambulance.[QUOTE] ,
Q: What does a blonde do when it gets cold?,A: She sits by a candle.,Q: What does she do when it gets really cold?, A: She lights it.,
Q: Why did the blonde keep taking off the soda's bottle cap and putting it back on?,A: The bottle cap said[COMMA] [QUOTE]Sorry[COMMA] try again.[QUOTE] ,
Q: How do blondes' brain cells die?,A: Alone.,
Q: What is long and hard to a blonde?,A: Fourth grade.,
Q: What do you call three blondes at Christmas?,A: Ho[COMMA] ho[COMMA] ho!,
Q: What do you call 10 blondes standing in a circle?,A: A dope ring.,
Q: A blonde and a brunette jumped off a cliff.,Who hit bottom first?,A: The brunette -- the blonde had to stop and ask for directions.,
Q: How can you tell a blonde's been using the computer?,A: There's white-out all over the screen.,
Q: How are blondes and computers similar?,A: You never appreciate them until they go down on you.,
Q: How do you confuse a blonde?,A: You put her in a round room and tell her to sit in a corner.,Q: How does a blonde confuse you?,A: She comes out and says she did.,
Q: How do you confuse a blonde?,A: Tell her a blonde joke.,
Q: Why can't a blonde count to 70?,A: Because 69 is a bit of a mouthful.,
Why do blondes have one more brain cell than cows?,So when you pull on a blonde's tit[COMMA] she doesn't s**t on the floor.,
Q: Why did the blonde have tire tread marks on her back?,A: She crawled across the street when the sign said[COMMA] ''DON'T WALK.'' ,
A blonde sees a flier on a bulletin board that reads[COMMA] [QUOTE]Cruise -- Only $5.[QUOTE] She goes to the address on the flier and hands the receptionist $5.,The receptionist nods to a burly man reading a newspaper.,He walks over to the blonde and knocks her unconscious.,The blonde wakes up tied to a log floating down river.,To her right[COMMA] she sees one of her blonde friends.,[QUOTE]Do you think they're going to serve food on this trip?[QUOTE] she asks., Her friend replies[COMMA] [QUOTE]They didn't last year.[QUOTE] ,
Q: How do you know a blonde is having a bad day?,A: Her tampon is behind her ear[COMMA] and she can't find her pencil.,
Q: What do you get when you find a dead blonde in a closet?,A: The hide-and-seek champion of 1996.,
The blonde walks into a drugstore and asks the pharmacist for some bottom deodorant.,The pharmacist[COMMA] a little bemused[COMMA] explains to the woman that they don't sell anything called bottom deodorant[COMMA] and never have.,Unfazed[COMMA] the blonde assures him that she has been buying the stuff from this store on a regular basis[COMMA] and would like some more.,[QUOTE]I'm sorry[COMMA][QUOTE] says the pharmacist[COMMA] [QUOTE]we don't have any.[QUOTE] ,[QUOTE]But I always get it here[COMMA][QUOTE] says the blonde.,[QUOTE]Do you have the container it comes in?[QUOTE] ,[QUOTE]Yes![QUOTE] says the blonde[COMMA] [QUOTE]I will go and get it.[QUOTE],She returns with the container and hands it to the pharmacist[COMMA] who looks at it and says to her[COMMA] [QUOTE]This is just a normal stick of underarm deodorant.[QUOTE] ,The annoyed blonde snatches the container back and reads out loud from the container: [QUOTE]To apply[COMMA] push up bottom.[QUOTE],
Tired of constant blonde jokes[COMMA] a blonde dyes her hair brown.,She goes for a drive in the country and sees a shepherd herding his sheep across the road.,[QUOTE]Hey[COMMA] shepherd[COMMA] if I guess how many sheep are here[COMMA] can I keep one?[QUOTE] she asks.,The shepherd agrees.,She blurts out[COMMA] [QUOTE]352![QUOTE],The shepherd is stunned but keeps his word and allows her to pick a sheep.,[QUOTE]I'll take this one[COMMA][QUOTE] she says proudly.,[QUOTE]It's the cutest![QUOTE],[QUOTE]Hey lady[COMMA][QUOTE] says the shepherd.,[QUOTE]If I guess your real hair color[COMMA] can I have my dog back?[QUOTE] ,
Two blondes were on their way to Disneyland and came to a fork in the road.,The sign read: [QUOTE]Disneyland Left.[QUOTE],So they went home.,
Q: Why does a blond dog have lumps on his head?,A: He's been chasing parked cars.,
A blonde complains to a brunette friend that her Internet is down.,The brunette friend offers to let the blonde check her e-mail at her house.,[QUOTE]That's OK[COMMA][QUOTE] says the blonde.,[QUOTE]Why don't you check it and forward me what I got?[QUOTE],
A blonde says to her doctor[COMMA] [QUOTE]Each time I try to sip my coffee[COMMA] my eye hurts.[QUOTE],The doctor says[COMMA] [QUOTE]Maybe you should take the stirrer out of the cup.[QUOTE] ,
Q: Why did the blonde take a right into the ditch?,A: Her blinker was on.,
A blonde was swerving all over the road so she got pulled over by a cop.,The cop asked[COMMA] [QUOTE]Miss[COMMA] why are you driving so recklessly?[QUOTE] ,The blonde said[COMMA] [QUOTE]I'm sorry[COMMA] sir[COMMA] but wherever I go[COMMA] there's always a tree in front of me[COMMA] and I can't seem to get away from it![QUOTE] ,The cop told her[COMMA] [QUOTE]Lady[COMMA] that's your air freshener.[QUOTE] ,
Q: Why are there no dumb brunettes?,A: Peroxide.,
Q: How do you know when a blonde's been sending email?,A: There are envelopes in the disk drive.,
What do you call two brunettes and a blonde in the NFL?,Two tight ends and a wide receiver!,
Q: What is the definition of eternity?,A: Four blondes in four cars at a four-way stop.,
A blonde who really needed a job saw an ad in the newspaper for an opening job at an Elmo factory.,She applied[COMMA] but the manager told her that she wouldn't want the job because it was so boring.,The blonde begged him and told him she would do anything because she really needed the money.,Finally the manager hired her.,After a few hours[COMMA] the manager noticed that the conveyer belt was backed up.,He,went downstairs to find out what was wrong., He saw that the blonde was sewing two marbles into the crotch of every Elmo.,The manager told her[COMMA] [QUOTE]I said to give each Elmo two test tickles -- not two testicles![QUOTE] ,
A blonde goes to work in tears.,Her boss asks[COMMA] [QUOTE]What's wrong?[QUOTE],She says[COMMA] [QUOTE]My mom died.[QUOTE] ,He told her to go home[COMMA] but she said[COMMA] [QUOTE]No[COMMA] I'll be fine.[QUOTE] ,Later that day[COMMA] her boss finds her crying again.,He says[COMMA] [QUOTE]What's wrong?[QUOTE] ,She replies[COMMA] [QUOTE]I just talked to my sister[COMMA] and her mom died[COMMA] too![QUOTE] ,
Q: How do you know when a blonde has a brain fart?,A: Her ears flap.,
A blond man and a brunette woman were happily married and about,to have a baby.,One day[COMMA] the wife started having contractions[COMMA] so the husband rushed her to the hospital[COMMA] and she gave birth to two baby boys.,The blond man turned to his wife and yelled[COMMA] [QUOTE]All right[COMMA] who's the other father?[QUOTE] ,
Q: Why did the blonde scale the chain-link fence?,A: To see what was on the other side.,
A blonde walked into her final exam very nervous.,But when she received the test[COMMA] she was relieved to find out that it was a True or False exam.,Immediately[COMMA] she reached into her purse and pulled out a coin.,Each time she flipped the coin she would write down an answer.,[QUOTE]What are you doing?[QUOTE] the professor asked her.,[QUOTE]I'm figuring out the answers[COMMA][QUOTE] the blonde replied.,To this[COMMA] the professor just rolled his eyes and looked away.,When she was done[COMMA] the professor announced that there were five minutes left to go.,[QUOTE]Oh my god![QUOTE] she said in an excited voice[COMMA] and started to flip the coin as fast as possible.,
A blonde's house was on fire[COMMA] so she called 911 and started screaming[COMMA] [QUOTE]Help me[COMMA] please!,My house is burning!,Hurry![QUOTE] ,The operator said[COMMA] [QUOTE]OK[COMMA] calm down[COMMA] and we'll be there soon.,How do we get to your house?[QUOTE],The blonde replied[COMMA] [QUOTE]Duh[COMMA] in that big red truck![QUOTE] ,
Q: Why are so many blondes rushing out to get breast implants?,A: They don't want to pay the flat tax.,
An airline captain was helping a new blonde flight attendant prepare for her first overnight trip.,Upon their arrival[COMMA] the captain showed the flight attendant the best place for airline personnel to eat[COMMA] shop[COMMA] and stay overnight.,The next morning as the pilot was preparing the crew for the day's route[COMMA] he noticed the new stewardess was missing.,He knew which room she was in at the hotel and called her up to ask what happened to her.,She answered the phone[COMMA] crying[COMMA] and said[COMMA] [QUOTE]I can't get out of the room![QUOTE] [QUOTE]You can't get out of your,room?[QUOTE]; the captain asked.,[QUOTE]Why not?[QUOTE] She replied[COMMA] [QUOTE]There are only three,doors in here[COMMA][QUOTE] she sobbed[COMMA] [QUOTE]one is the bathroom[COMMA] one is the closet[COMMA] and one has,a sign on it that says 'Do Not Disturb'![QUOTE],
Q: What did the blonde say when the airplane began to shake?,A: [QUOTE]Must be an earthquake.[QUOTE],
A blonde walks into a doctor's office and says[COMMA] [QUOTE]Doc[COMMA] I'm horribly sick![QUOTE],The doctor looks at her and asks[COMMA] [QUOTE]Flu?[QUOTE],[QUOTE]No[COMMA] I drove here.[QUOTE],
Q: What do you call a fly in a blonde's brain?,A: A space invader.,
The following sign was posted at a fast-food restaurant owned by two blondes: ,Parking for drive-through customers only!,
Did you hear the one about the blonde fox that got stuck in a trap?,She chewed off three legs and was still stuck.,
What does a blonde do when her computer,freezes?,She sticks it in the microwave.,
Q: What do you call a blonde in the freezer?,A: A Frosted Flake.,
Q: What do you call a basement full of blondes?,A: A whine cellar.,
Q: Why do blondes have more fun?,A: They're easier to keep amused.,
A blonde[COMMA] a brunette[COMMA] and a redhead are stranded on an island., The redhead looks to the east and says that the shore is about 20 miles away., She swims out 10 miles[COMMA] but she gets tired and drowns.,The brunette also looks to the east[COMMA] figures the distance to shore is about 20 miles and starts swimming., She gets 15 miles out[COMMA] but she gets tired and drowns.,The blonde figures that there's about 20 miles to the shore also.,She swims 19 miles to the point where she can barely see the shore[COMMA] and then she gets tired.,So she swims back.,
How do you keep an idiot busy?,(see below),How do you keep an idiot busy?,(see above) ,
A blonde bought some goldfish[COMMA] but she did not know how to feed them.,She called her brunette friend for help.,Once they were done feeding them[COMMA] the blonde said[COMMA] ''Now[COMMA] what do I give them to drink?'',
A man takes a beautiful blonde to his apartment.,They're kissing in the elevator when she feels something in his pocket.,[QUOTE]What is that?[QUOTE] she asks.,He replies[COMMA] [QUOTE]Those are my golf balls.[QUOTE],She says[COMMA] [QUOTE]Is that like tennis elbow?[QUOTE] ,
A blonde[COMMA] a brunette and a redhead go camping for the weekend., The brunette brings food so they can eat[COMMA] the red head brings water so they can drink and the blonde brings a car door[COMMA] so if she gets hot she can roll down a window.,
Q: What do you do if a blonde throws a grenade at you?,A: Pull the pin and throw it back.,
Q: What is a blonde's favorite rock group?,A: Air Supply.,
Q: Why did the blonde run out of shampoo so fast?,A: She kept following the instructions: lather[COMMA] rinse[COMMA] repeat!,
Q: Why does the blonde keep a wire coat hanger in the backseat of her car?,A: In case she locks her keys inside.,
Q: Why did the blonde get pulled over by the police?,A: Her headlights weren't working[COMMA] so she was flashing people.,
How do you keep a blonde at home?,Build a circular driveway.,
Why did the blonde have empty beer cans in her fridge?,For people who don't drink.,
Q: What's worse than a redhead and a brunette trying to build a house underwater?,A: A blonde trying to set fire to it.,
Q: What do you call a blonde who eats too much?,A: Fat.,
There was a competition between a team of blondes and a team of brunettes to see who could catch the most fish icefishing.,Once the contest started[COMMA] it was clear that the brunettes were going to win -- they kept pulling out fish after fish.,Soon[COMMA] the blondes got worried and sent over one of their team to see what the brunettes were doing differently.,A few minutes later[COMMA] the blonde comes running back.,[QUOTE]A hole!,You need to put a hole in the ice![QUOTE],
Q: Why can't blondes make ice cubes?,A: Because they always forget the recipe.,
How did the blonde die icefishing?,She got run over by the zamboni!,
Did you hear about the blonde couple who were found frozen to death in their car at a drive-in movie theater?,They went to see [QUOTE]Closed for the Winter.[QUOTE] ,
A blonde and a brunette walk past a flower shop and see the brunette's boyfriend buying flowers.,She sighs and says[COMMA] [QUOTE]Oh crap[COMMA] my boyfriend is buying me flowers again.,Now[COMMA] I'll be expected to spend the weekend on my back with my legs in the air.[QUOTE],The blonde says[COMMA] [QUOTE]Don't you have a vase?[QUOTE],
Q: What do you call a blonde who has dyed her hair brown?,A: Artificial intelligence.,
Q: What invention did a blonde come up with that didn't pass the patent board?,A: Ejection seats in helicopters.,
Why are Iranians so smart?,Because none of them are blonde.,
What did Santa say to the three blondes on the corner?,[QUOTE]Ho.,Ho.,Ho.[QUOTE],
Q: On an application form[COMMA] what does a blonde put down for [QUOTE]sex[QUOTE]?,A: [QUOTE]Lots.[QUOTE] ,
Q: What happened when the blonde tried to give her boyfriend a blow job while he was driving?,A: They both fell off the motorcycle.,
Q: How did a blonde get a job at a prestigious country club?,A: She told them she was good at handling members.,
A brunette goes to the doctor and says[COMMA] [QUOTE]Everywhere I touch it hurts.[QUOTE] He asks [QUOTE]What do you mean?[QUOTE] So she showed him what she meant.,She touched her knee and said [QUOTE]Ouch![QUOTE] Then she touched her chest and said[COMMA] [QUOTE]Ouch![QUOTE] Then her shoulder[COMMA] [QUOTE]Ouch![QUOTE] ,The doctor looks at her and asks[COMMA] [QUOTE]Your really blonde[COMMA] aren''t you?[QUOTE] She replies [QUOTE]Yes[COMMA] as a matter of fact I am.,How did you guess?[QUOTE] Doctor says[COMMA] [QUOTE]Well your finger is broken.[QUOTE],
Q: What's brown and black and blue all over?,A: A brunette who has been telling too many blonde jokes.,
Q: Why are blonde jokes one-liners?,A: So brunettes can understand them.,
A blonde and a redhead met in a bar after work for a drink[COMMA] and were watching the 6 O'clock news., A, man was shown threatening to jump from the Brooklyn Bridge.,The blonde bet the redhead $50,that he wouldn't jump[COMMA] and the redhead replied[COMMA] [QUOTE]I'll,take that bet![QUOTE] ,Anyway[COMMA] sure enough[COMMA] he jumped[COMMA] so the blonde gave the redhead the $50 she owed.,The redhead said[COMMA] [QUOTE]I can't take this[COMMA] you're my friend., I have to admit[COMMA] I saw this on the 5 o'clock news[COMMA] so I can't take, your money.[QUOTE],The blonde replied[COMMA] [QUOTE]Well[COMMA] so did I[COMMA] but I never, thought he'd jump again![QUOTE] ,
Q: How does a blonde kill a bird?,A: She throws it off a cliff.,
Q: Why can't you tell blondes knock-knock jokes?,A: They always leave to go answer the door.,
Q: Why did the blonde take a ladder into the bar?,A: She heard drinks were on the house.,
Two people are on opposite sides of a lake.,One yells to the other[COMMA] [QUOTE]How do you get to the other side?[QUOTE],[QUOTE]You are on the other side[COMMA][QUOTE] the other shouts back.,
What's the difference between a blonde and Windows 95?,The blonde operates on more laptops!,
Q: How do you make a blonde laugh on Friday?,A: Tell her a joke on Monday.,
A brunette doing laundry asked her blonde friend to help her find a match for her sock.,The blonde asked[COMMA] [QUOTE]Are you going to set it on fire?[QUOTE] ,
Q: What do you call a blonde in an institute of higher learning?,A: A visitor.,
Q: What do you call a blonde in a leather jacket?,A: A rebel without a clue.,
Q: What did one of the blonde's legs say to the other one?,A: [QUOTE]Between you and me[COMMA] we could make a lot of money.[QUOTE],
A blonde was taking helicopter lessons.,The instructor said[COMMA] [QUOTE]I'll radio you every 1[COMMA]000 feet to see how you're doing.[QUOTE],At 1[COMMA]000 feet[COMMA] the instructor radioed her and said she was doing great.,At 2[COMMA]000 feet[COMMA] he said she was still doing well.,Right before she got to 3[COMMA]000 feet[COMMA] the propeller stopped[COMMA] and she twirled to the ground.,The instructor ran to where she crashed and pulled her out of the helicopter.,He asked her[COMMA] [QUOTE]What went wrong?[QUOTE],The blonde said[COMMA] [QUOTE]At 2[COMMA]500 feet[COMMA] I started to get cold[COMMA] so I turned the big fan off.[QUOTE],
A blonde walks into a library and asks the librarian[COMMA] [QUOTE]Can I have a burger and fries?[QUOTE],She replies[COMMA] [QUOTE]Sorry[COMMA] this is a library.[QUOTE],The blonde whispers[COMMA] [QUOTE]Oh[COMMA] sorry.,May I have a burger and fries?[QUOTE] ,
Q: Why was the blonde mad when she got her drivers license back?,A: She had an [QUOTE]F[QUOTE] under [QUOTE]Sex.[QUOTE] ,
A cop pulls over a blonde for speeding and asks her for her license.,[QUOTE]You cops should get it together[COMMA][QUOTE] she said.,[QUOTE]One day you take away my license[COMMA] and the next day you ask me to show it to you.[QUOTE],
Q: How many blondes does it take to change a lightbulb?,A: One hundred -- one to hold the lightbulb[COMMA] the other 99 to rotate the house.,
Q: Why do blondes wear green lipstick?,A: Because red means stop.,
Q: Why do blondes like hearing blonde jokes?,A: It makes them feel popular.,
A blonde finds a lamp with a genie inside.,He says[COMMA] [QUOTE]I will grant you three wishes.[QUOTE],The blonde says[COMMA] [QUOTE]For my first wish[COMMA] I want my love handles to disappear.[QUOTE],The genie replies[COMMA] [QUOTE]Your wish is my command.[QUOTE],The blonde exclaims[COMMA] [QUOTE]Holy s**t!,What did you do with my ears?[QUOTE] ,
A blonde was at a gumball machine.,She kept putting quarters in and getting gumballs out.,The man behind her asked if he could get a gumball.,She said[COMMA] [QUOTE]Shut up!,I'm winning.[QUOTE],
Q: Why do blondes need see through lunch boxes,A: So they can tell if they're coming home or going to work.,
It was a really hot day and this blonde decided she would go buy a coke., She went to the coke machine and when she put her money in[COMMA] a coke came out - so she kept putting money in.,And since it was such a hot day[COMMA] a line had formed behind her., Finally[COMMA] a guy on line said[COMMA] [QUOTE]Will you hurry up?,We're all hot and thirsty![QUOTE] ,And the blonde said[COMMA] [QUOTE]No way., I'm still winning![QUOTE],
A blonde was telling a brunette that her computer broke.,So the brunette said she would check the blonde's e-mail for her.,The blonde said[COMMA] ''Cool!,E-mail me and tell me what I got.'',
Blonde: [QUOTE]I'm on the road a lot[COMMA] and my clients are complaining that they can never reach me.[QUOTE],Psychiatrist: [QUOTE]Don't you have a cell phone?[QUOTE],Blonde: [QUOTE]They're too expensive[COMMA] so I did the next best thing: I put a mailbox in my car.[QUOTE],Psychiatrist: [QUOTE]And do you receive any letters?[QUOTE],Blonde: [QUOTE]No[COMMA] but I figure it's because when I'm driving around[COMMA] my zip code keeps changing.[QUOTE],
A blonde buys a used sports car.,However[COMMA] during the first joy ride[COMMA] the engine jerks and the car slows to a stop.,The blonde calls a tow truck.,The mechanic sets to work[COMMA] and 10 minutes later[COMMA] the car is running again.,[QUOTE]What was the matter?[QUOTE] she asks.,[QUOTE]Simple really[COMMA] just sh*t in the carburetor[QUOTE] he replies.,Taken aback she asks[COMMA] [QUOTE]Oh[COMMA] how many times a week do I have to put that in?[QUOTE],
Q: Why did the blonde put lipstick on her forehead?,A: She was trying to make up her mind.,
Q: Why don't blondes like making Kool-Aid?,A: They can't fit eight cups of water in the little packet.,
Q: What do you call a blonde with a chainsaw?,A: Dead.,
Q: What goes stop[COMMA] go[COMMA] stop[COMMA] go[COMMA] stop[COMMA] go?,A: A blonde at a flashing red light.,
Q: What did the blonde say when she saw a box of Cheerios?,A: [QUOTE]Wow!,Doughnut seeds![QUOTE] ,
A brunette is walking through the country when she finds a bottle.,She rubs it[COMMA] and a genie appears.,The genie says[COMMA] [QUOTE]You are allowed three wishes.,But I must warn you[COMMA] anything you get[COMMA] all the blondes in the world get twice as much.[QUOTE],The woman says[COMMA] [QUOTE]OK.,Give me a nice house.[QUOTE],The genie replies[COMMA] [QUOTE]You now have one nice house[COMMA] and all the blondes in the world have two.[QUOTE] ,The woman says[COMMA] [QUOTE]Give me a gorgeous man.[QUOTE] ,The genie replies[COMMA] [QUOTE]You now have one gorgeous man while all the blondes have two.[QUOTE],The brunette says[COMMA] [QUOTE]For my last wish[COMMA] Genie[COMMA] see that stick over there?,Beat me half to death with it.[QUOTE] ,
This blonde was walking down a road carrying a bag[COMMA] when a guy came along.,The guy asks[COMMA] ''What are you carrying?'',''Melons[COMMA]'' the blonde replies.,''Cool[COMMA][QUOTE] the guy says.,[QUOTE]If I can guess how many there are[COMMA] can I have one of them?'',The blonde giggles and says[COMMA] ''If you can guess how many there are[COMMA] you can have BOTH of them.'',
Why'd they create the microwave?,So blondes could cook[COMMA] too!,
A guy had a date with this really hot blonde.,He wanted a tan without a tan line[COMMA] so he went up on his roof and stripped., He fell asleep and woke up three hours later with a sunburn everywhere[COMMA] even on his d**k.,He puts lotion on it[COMMA] wraps it up and gets ready for his date.,The blonde comes over[COMMA] and they make dinner.,They're watching a movie when the sunburn on the guy's d**k really starts to hurt.,He excuses himself to the kitchen[COMMA] where he pours milk on his d**k to alleviate the burn., The blonde[COMMA] who has followed him[COMMA] peeks in the kitchen and says to herself[COMMA],[QUOTE]So that's how they load them.[QUOTE] ,
Two blondes find a mirror on the sidewalk.,The first blonde picks it up[COMMA] looks into it and says[COMMA] [QUOTE]Hey[COMMA] I know this person!,I've seen her somewhere before.[QUOTE],The second blonde takes the mirror[COMMA] looks into it and says[COMMA] [QUOTE]Duh!,Of course you have -- that's me![QUOTE],
She is so blonde that when she missed the 44 bus[COMMA] she took the 22 bus twice.,
Q: What do you call the blonde in a horror movie?,A: Dead meat.,
A blonde got a dent in her car and took it in to the repair shop.,The repairman[COMMA] noticing that the woman was a blonde[COMMA] decided to have a wee bit of fun.,So he told her that all she had to was take it home and blow in the tailpipe until the dent popped itself out.,After 15 minutes of this[COMMA] the blonde's blonde friend came over and asked what she was doing.,[QUOTE]I'm trying to pop out this dent[COMMA] but it's not really working.[QUOTE],[QUOTE]Duh.,You have to roll up the windows first![QUOTE],
Q: Why don't blondes take birth control pills?,A: The pills keep falling out.,
NASA sends a space shuttle up with two pigs and a blonde on board.,While the shuttle is taking off[COMMA] the NASA command center calls the first pig and asks[COMMA] [QUOTE]Pig,#1[COMMA] do you know your mission?[QUOTE],The pig replies[COMMA] [QUOTE]Oink oink.,Get the shuttle into orbit and launch the trillion dollar satellite.,Oink oink.[QUOTE] ,Then NASA asks the second pig[COMMA] [QUOTE]Pig #2[COMMA] do you know your mission?[QUOTE] ,The second pig replies[COMMA] [QUOTE]Oink oink., Once Pig #1 has completed the trillion dollar satellite launch[COMMA] close hatch and go back to Earth., Land shuttle.,Oink oink.[QUOTE] ,Then NASA asks the blonde[COMMA] [QUOTE]Blonde woman[COMMA] do you know your mission?[QUOTE] ,The blonde woman replies[COMMA] [QUOTE]Um.,Oh yeah[COMMA] I remember now.,'Feed the pigs -- and don't touch a thing!'[QUOTE] ,
Q: What do you call a blonde who dyes her hair?,A: Artifical intelligence.,
Q: What is a blonde's definition of a naval destroyer?,A: A hula hoop with a nail in it.,
A dentist tells a blonde that she needs braces.,The blonde says[COMMA] [QUOTE]Why?,I can walk just fine.[QUOTE],When the dentist explains that braces are for her teeth[COMMA] she replies[COMMA] [QUOTE]But my teeth don't walk.[QUOTE] ,
Q: How many blonde jokes are there?,A: One.,The rest are all true stories.,
Q: Why does a blonde nurse carry around a red pen?,A: To draw blood.,
Q: Why can't a blonde count to 70?,A: Because 69's a mouthful.,
Two blondes are walking down the road when one says[COMMA] [QUOTE]Look at that dog with one eye![QUOTE],The other blonde covers one of her eyes and says[COMMA] [QUOTE]Where?[QUOTE] ,
How can you tell a blond has been working at a computer?,There is white out all over the screen.,
A blonde told her doctor that she was really worried because every part of her body hurt.,The doctor looked concerned and said[COMMA] [QUOTE]Show me where.[QUOTE] ,The blonde touched her own arm and screamed[COMMA] [QUOTE]Ouch![QUOTE],Then she touched her leg and screamed[COMMA] [QUOTE]Ouch![QUOTE] ,She touched her nose and cried[COMMA] [QUOTE]Ouch![QUOTE],She looked at her doctor and said[COMMA] [QUOTE]See?,It hurts everywhere![QUOTE],The doctor laughed and said[COMMA] [QUOTE]Don't worry; it's not serious.,You've just got a broken index finger.[QUOTE] ,
Q: What do Barbie and Paris Hilton have in common?,A: They are both blonde[COMMA] brainless and made out of plastic.,
Q: Why can't blondes parallel park?,A: Because guys keep telling them that 1 inch is really 6 inches.,
An idiot walking down the street spots a banana peel and,sighs.,[QUOTE]Here we go again![QUOTE] ,
A blond gets a new cell phone from her husband.,The next day she goes to Wal-mart and her phone rings[COMMA] so she answers it.,It was her husband., He says[COMMA] [QUOTE]How's the new cell phone?[QUOTE],She replied[COMMA] [QUOTE]Great...but how did you know I was at Wal-mart?[QUOTE],
A blonde goes to an international message center to call her mother.,When the man tells her it will be $300[COMMA] she exclaims[COMMA] [QUOTE]I don't have that kind of money[COMMA] but I'll do ANYTHING to get a message to my mother.[QUOTE],He tells the blonde to follow him and takes her into a back room.,He unzips his pants and takes out his penis.,The blonde gets on her knees[COMMA] brings it toward her mouth and says[COMMA] [QUOTE]Hello?,Mom?[QUOTE],
A blonde with two burnt ears went to the doctor and told him[COMMA] [QUOTE]The phone rang[COMMA] and I accidentally picked up the iron.[QUOTE] , The doctor asked her[COMMA] [QUOTE]What about the other ear?[QUOTE] , She replied[COMMA] [QUOTE]They called back.[QUOTE] ,
Q: How are blondes like pianos?,A: When they're not upright[COMMA] they're grand.,
Q: Why don't blondes eat pickles?,A: They can't get their heads in the jars.,
Four blondes drive to a bar in their old pickup truck.,Three sit in the cab[COMMA] and one sits in the bed of the truck.,The three blondes go into the bar and order a round of shots.,Almost an hour later[COMMA] the fourth blonde finally joins them.,[QUOTE]Where have you been?[QUOTE] they ask.,She responds[COMMA] [QUOTE]Well[COMMA] you all forgot to open the tailgate![QUOTE] ,
Sure[COMMA] your hair's blonde[COMMA] but I'd kill to see your blackbeard.,Yar!,
A blonde orders a pizza and is asked if she wants it cut into six or 12 pieces.,She responds[COMMA] [QUOTE]Six[COMMA] please.,I could never eat 12 pieces.[QUOTE] ,
Q: What did the blonde do when she couldn't afford a personalized license plate?,A: She changed her name to JKM345.,
A man notices a blonde sucking on the bottom of a Coke can.,Curious[COMMA] he asks her what she's doing.,[QUOTE]Duh!,It says for best taste drink by date on the bottom.[QUOTE],
A blonde canvassed a wealthy neighborhood looking for odd jobs.,She went to the front door of the first house and asked the owner if he had anything for her to do.,[QUOTE]Well[COMMA] you can paint my porch.,How much will you charge?[QUOTE],She replied[COMMA] [QUOTE]How about $50?[QUOTE],The man agreed and told her the paint was in the garage.,A short time later[COMMA] the blonde came to the door to collect her money.,[QUOTE]You're finished already?[QUOTE] he asked.,[QUOTE]Yes[COMMA][QUOTE] the blonde answered[COMMA] [QUOTE]and I had paint left over[COMMA] so I gave it two coats.[QUOTE],Impressed[COMMA] the man reached in his pocket for the $50.,[QUOTE]And by the way[COMMA][QUOTE] the blonde added[COMMA] [QUOTE]that's not a Porsche; it's a Ferrari.[QUOTE],
Three women were at the doctor's office for the second trimester check up., The first woman[COMMA] a brunette[COMMA], said that she was sure that she would have a girl because when she made love to her husband[COMMA] she was on top!, The second affirmed with certainty that she would, have a boy[COMMA] because she was on bottom., The blonde grabbed her head between her hands.,[QUOTE]Oh[COMMA] crap!,Puppies.[QUOTE],
Q: Why does a blond prefer BMW over Chevrolet?,A: She can spell BMW.,
Q: What does a blonde say when she finds out she's pregnant?,A: [QUOTE]Are you sure it's mine?[QUOTE] ,
Q: Have you heard about the blonde psychology major working her way through college as a prostitute?,A: For $50[COMMA] she'll screw with your mind.,
Q: Why did the blonde get so excited when she finished her jigsaw puzzle in only 6 months?,A: Because on the box it said [QUOTE]From 2-4 years.[QUOTE],
A blonde is putting together a puzzle.,She is very frustrated and asks her husband for help.,[QUOTE]It's supposed to be a tiger![QUOTE] she cries.,[QUOTE]Honey[COMMA][QUOTE] says her husband wearily[COMMA] [QUOTE]Put the Frosted Flakes back in the box.[QUOTE],
How does a blonde spell [QUOTE]farm?[QUOTE],E-I-E-I-O!!,
A blonde bought an a.m.,radio and it took her a month to find out she could listen to it at night.,
Q: Two blondes are standing on top of the Empire State Building., How can you tell which one is the true blonde and which one is the bleached blonde?,A: The bleached blonde isn't throwing bread crumbs at the helicopters!,
How do you confuse a blonde?,Tell her to count the stairs on a escalator.,
There was a,blonde[COMMA] two brunettes[COMMA] and redhead in a 400 meter relay.,The starter said[COMMA] [QUOTE]On your mark[COMMA] get set[COMMA] go.[QUOTE] The blonde ran all the way around and said[COMMA] [QUOTE]It was a 400 meter race[COMMA] wasn't it?[QUOTE],
Q: Why did the blonde quit her restroom attendant job?,A: She couldn't figure out how to refill the hand dryer.,
Two blondes suddenly got into bird hunting and were eager to try it out for themselves.,They had read that a birddog is a great and useful accessory in bird hunting[COMMA] so they decided to go to the pet shop and buy one.,They asked for a well-trained birddog[COMMA] and got one.,The two blondes immediately went to the woods to try it out.,The dog didn't work.,No matter how hard they tried[COMMA] it just didn't follow their commands.,They became really frustrated and one of the blondes said to her companion[COMMA] [QUOTE]Okay[COMMA] we'll give him one more try.,We'll throw him in the air one more time and if he doesn't fly[COMMA] we're taking him back to the store![QUOTE],
Q: What is black and blue and brown[COMMA] and lies in a ditch?,A: A brunette who has told too many blonde jokes.,
Q: Why did the blind blonde cross the road?,A: She was following her seeing-eye chicken.,
Q: Why did the blonde cross the road?,A: I don't know[COMMA] and neither does she.,
A blonde's car breaks down.,A cop pulls up and inquires about the group of naked men standing next to her car.,The blonde says[COMMA] [QUOTE]They're my emergency flashers.[QUOTE],
A blonde wanted to sell her car[COMMA] but she couldn't find any buyers.,She called her friend for advice[COMMA] and her friend asked her how many miles she had on her car.,She answered[COMMA] [QUOTE]235[COMMA]000 miles.[QUOTE] Her friend told her that was the problem.,So the blonde went to the mechanic and told him to put the miles at 40[COMMA]000., Two days later the blonde's friend asked her if she sold the car after rolling back the odometer., The blonde told her[COMMA] [QUOTE]Why would I sell my car?,There are only 40[COMMA]000 miles on it.[QUOTE] ,
Q: What's dumber than a brunette trying to build a house under water?,A: A blonde trying to burn it down,
Q: What's the difference between a rooster and a blonde?,A: A rooster says[COMMA] [QUOTE]Cock-a-doodle-doo[COMMA][QUOTE] and a blonde says[COMMA] [QUOTE]Any c**k'll do.[QUOTE],
There were five blondes and one brunette holding onto a rope off the edge of a cliff.,But their rope could only bear the weight of of five people.,The brunette said[COMMA],[QUOTE]Save yourselves., I'll let go.[QUOTE],Impressed by her sacrifice[COMMA] all of the blondes clapped...,
There were 11 blondes and one brunette on a rope climbing up a mountain.,The rope began slipping and breaking., The brunette said[COMMA] ''Girls[COMMA] I'm going to let go of the rope since it can't hold all of us.,Your lives are more important to me.[QUOTE] She made a big speech about how special the blondes were.,At the end of her speech[COMMA] all of the blondes started clapping.,
Q: What did the blonde fill in for [QUOTE]Salary Expected[QUOTE] on a job application?,A: Yes.,
Why don't blondes wear miniskirts in San Francisco?,Because their balls hang out!,
A blonde was driving across several states to go visit her family.,She was five hours late and her family was getting worried.,When she finally got there she explained that she had seen 10 signs that said [QUOTE]CLEAN RESTROOMS AHEAD...[QUOTE],
Q: Why do brunettes know so many blonde jokes?,A: It gives them something to do on Saturday night.,
A blonde is working as a lifeguard at a swimming pool when a girl begins to drown[COMMA] screaming [QUOTE]lifesaver!,lifesaver![QUOTE] ,The blonde thinks for a moment[COMMA] and then asks [QUOTE]cherry or grape?[QUOTE],
A blonde takes her typewriter to the doctor.,[QUOTE]Doc[COMMA] I'm afraid my typewriter is pregnant.[QUOTE],The doctor asks[COMMA] [QUOTE]Why in the world would you think that?[QUOTE],She says[COMMA] [QUOTE]Because it's started missing its period.[QUOTE],
A midget is riding a bus when a blonde steps on, him.,[QUOTE]Hey you[COMMA], brunette[COMMA] watch where you're going[COMMA][QUOTE] yells the midget.,The blonde looks down and says[COMMA] [QUOTE]I am not a, brunette[COMMA] I am a blonde.[QUOTE],The midget replies[COMMA] [QUOTE]Not from where I'm, standing.[QUOTE],
Q: What do you call nine blondes in the ocean?,A: An air pocket.,
What's the difference between a blonde and a hole in the mattress?,I still can't find the difference.,
What do blondes and the Bermuda Triangle have in common?',They both swallow semen,
What do blonde women put behind their ears to attract men?,Their ankles.,
Q: How do you know if a blonde sent you a fax?,A: There's a stamp on it.,
What do you call a doll on fire?,A Barbie-Q!,
What did the leper say to the blonde hooker?,Keep the tip.,
Q: How did the blonde prepare for safe sex?,A: She installed a padded headboard.,
Q: Why was the blonde afraid to have phone sex?,A: Because the condom wouldn't fit over the phone.,
A blonde and a brunette were opening their paychecks when the blonde asked the brunette what she was going to buy.,The brunette replied[COMMA] [QUOTE]I think I'll buy a new set of plates because mine are chipped.,What are you going to buy?[QUOTE] ,The blonde said[COMMA] [QUOTE]I think I'm gonna buy a new butt because my old one has an enormous crack in it.[QUOTE] ,
Q: Why do some blondes only think about sex?,A: They're dirty blondes.,
Q: What aren't blondes sexually active?,A: Because they just lie there.,
Once there was a blonde driving home from work when she saw a sheep farm.,She stops and asks the farmer if she can have a sheep.,The farmer says [QUOTE]If you can count all my sheep I'll let you have any one you want.[QUOTE] The blonde looks around her for a moment and says[COMMA] [QUOTE]You have 356 sheep.[QUOTE] The farmer exclaims[COMMA] [QUOTE]Wow -- you're exactly right.,I guess blondes really aren't dumb.,Now go pick yourself out a sheep.[QUOTE] ,The blonde makes her choice[COMMA] picks it up[COMMA] comes back to the farmer to thank him.,[QUOTE]Oh no[COMMA][QUOTE] he says[COMMA] [QUOTE]you can't have that one.[QUOTE] [QUOTE]Why not?[QUOTE] asks the blonde[COMMA] [QUOTE]you said I could have any sheep I wanted.[QUOTE] And the farmer says[COMMA] [QUOTE]Ma'am[COMMA] that's my dog.[QUOTE],
Q: Why do blondes need [QUOTE]TGIF[QUOTE] written on their shoes?,A: To remind them that Toes Go In First.,
Q: Why are dumb blonde jokes so short?,A: So brunettes can remember them.,
Two girls speed down the highway at 90 mph.,[QUOTE]Hey[COMMA][QUOTE] asks the brunette at the wheel.,[QUOTE]Do you see any cops following us?[QUOTE],The blonde turns around.,[QUOTE]As a matter of fact[COMMA] I do.[QUOTE],[QUOTE]Damn![QUOTE] says the brunette.,[QUOTE]Are his flashers on?[QUOTE] ,The blonde turns around again.,[QUOTE]Yup.,Nope.,Yup.,Nope.,Yup.[QUOTE],
One day[COMMA] a blonde was skipping on some train tracks singing [QUOTE]21[COMMA] 21[COMMA] 21[COMMA] 21[COMMA]...'''' ,Along came a blonde who thought it looked like fun.,So she joined in and started singing [QUOTE]21[COMMA] 21[COMMA] 21[COMMA] 21[COMMA][QUOTE] and then a train came.,The brunette jumped off the tracks but the train ran over the blonde.,The brunette got back on the train tracks and started singing [QUOTE]22[COMMA] 22[COMMA] 22[COMMA] 22[COMMA]...[QUOTE],
Q: Why do blondes wear tampons when they skydive?,A: So they don't whistle on their way down.,
Did you hear about the blonde skydiver?, She missed the Earth.,
Q: Why was the blonde having trouble sleeping?,A: She forgot to close her eyes.,
How are a blonde's legs like automatic doors?,You walk toward them and they open!,
What do you call a smart blonde?,A Golden Retriever.,
Why does it take longer to make a blonde snowman?,Because you have to hollow out the head first.,
She is so blonde that it takes her two hours to watch [QUOTE]60 Minutes.[QUOTE],
She is so blonde[COMMA] when she went to the airport and saw a sign that said [QUOTE]Airport Left[COMMA][QUOTE] she turned around and went back home.,
A blonde began a job as an elementary school counselor and she was eager to help.,One day during recess she noticed a girl standing by herself on one side of a playing field while the rest of the kids enjoyed a game of soccer at the other.,The blonde approached and asked if she was all right.,The girl said she was.,A little while later[COMMA] however[COMMA] Sandy noticed the girl was in the same spot[COMMA] still by herself.,Approaching again[COMMA] Sandy offered[COMMA] [QUOTE]Would you like me to be your friend?[QUOTE] ,The girl hesitated[COMMA] then said[COMMA] [QUOTE]Okay[COMMA][QUOTE] looking at the woman suspiciously.,Feeling she was making progress[COMMA] the blonde then asked[COMMA] [QUOTE]Why are you standing here all alone?[QUOTE] ,[QUOTE]Because[COMMA][QUOTE] the little girl said with great exasperation[COMMA] [QUOTE]I'm the goalie![QUOTE],
Q: What's a blonde's definition of socialism?,A: Partying!,
Knock knock,Who's there?,Britney Spears,Britney Spears who?,Knock knock,Who's there?,Oops I did it again!,
A blonde was walking down the street with shower caps on her breasts.,A guy asked her[COMMA] [QUOTE]Hey[COMMA] what's with the shower caps?[QUOTE],[QUOTE]Shower caps?[QUOTE] she replied.,[QUOTE]These are booby condoms![QUOTE] ,
Q: Why did the blonde keep a picture of herself in her room?,A: So she could use it as a mirror.,
Q: How does a blonde order a root beer?,A: Extra large[COMMA] hold the roots.,
A police officer saw a car speeding down the highway[COMMA] and he started chasing after the speeder.,When he got close[COMMA] he saw that it was a woman who was knitting while driving.,The cop yelled[COMMA] [QUOTE]Pull over![QUOTE] ,She shouted back[COMMA] [QUOTE]No[COMMA] it's a sweater![QUOTE] ,
Three blondes die and go to St.,Peter.,He says[COMMA] [QUOTE]I have one question[COMMA] and if you get it right[COMMA] I will let you into Heaven.[QUOTE],He asks the first blonde[COMMA] [QUOTE]What is Easter?[QUOTE],She answers[COMMA] [QUOTE]That's the time of the year when our whole family gets together and we eat turkey.[QUOTE],St.,Peter says to the next blonde[COMMA] [QUOTE]What is Easter?[QUOTE],She answers[COMMA] [QUOTE]That's the time of year when the fat jolly guy comes down the chimney and our family gets together to open presents.[QUOTE],St.,Peter asks the third blonde[COMMA] [QUOTE]What is Easter?[QUOTE],She says[COMMA] [QUOTE]That's when Christ died and they put him in a tomb behind a rock.[QUOTE],[QUOTE]That's right![QUOTE] exclaims St.,Peter.,[QUOTE]Then[COMMA] once a year[COMMA][QUOTE] continues the third blonde[COMMA] [QUOTE]we roll the stone away and he comes out[COMMA] and if he sees his shadow[COMMA] we have six more weeks of winter.[QUOTE],
A boss tells a blonde applicant[COMMA] [QUOTE]I'll give you $8 an hour[COMMA] starting today[COMMA] and in three months[COMMA] I'll raise it to $10 an hour.,So when would you like to start?[QUOTE] She replies[COMMA] [QUOTE]In three months.[QUOTE],
A blonde was bragging about her knowledge of international capitals.,She said[COMMA] [QUOTE]Go ahead and quiz me.,I know all of them![QUOTE] ,Her friend asked[COMMA] [QUOTE]What's the capital of France?[QUOTE],The blonde replied[COMMA] [QUOTE]Oh[COMMA] that's so easy!,F.[QUOTE] ,
Two blondes walked in to a bar...Thought they'd see that coming.,
Two blondes wait at a bus stop.,A bus pulls up and opens the door.,One of the blondes leans inside and asks the driver[COMMA] [QUOTE]Will this bus take me to 5th Avenue?[QUOTE],The bus driver says[COMMA] [QUOTE]No[COMMA] I'm sorry.[QUOTE],The other blonde leans inside and asks[COMMA] [QUOTE]How about me?[QUOTE],
There was a blonde at a stoplight and it said [QUOTE]walk.[QUOTE],She started walking and[COMMA] when she was in the middle of the street[COMMA] the sign turned to [QUOTE]don't walk.[QUOTE],So she stopped.,
A blonde went to the appliance store sale and found a bargain.,[QUOTE]I would like to buy this TV[COMMA][QUOTE] she told the salesman.,[QUOTE]Sorry[COMMA] we don't sell to blondes[COMMA][QUOTE] he replied.,She hurried home and dyed her hair[COMMA] then came back and again told the salesman[COMMA] [QUOTE]I would like to buy this TV.[QUOTE] ,[QUOTE]Sorry[COMMA] we don't sell to blondes[COMMA][QUOTE] he replied.,[QUOTE]Darn[COMMA] he recognized me[COMMA][QUOTE] she thought.,She went for a complete disguise this time: haircut and new color[COMMA] new outfit and big sunglasses[COMMA] and then she waited a few days before she again approached the salesman.,[QUOTE]I would like to buy this TV.[QUOTE],[QUOTE]Sorry[COMMA] we don't sell to blondes[COMMA][QUOTE] he replied.,Frustrated[COMMA] she exclaimed[COMMA] [QUOTE]How do you know I'm a blonde?[QUOTE],[QUOTE]Because that's a microwave[COMMA][QUOTE] he replied.,
Q: Why do blondes smile when there's lightning?,A: They think they're getting their picture taken.,
One day in class[COMMA] the teacher told everyone to turn to a blank sheet of paper in their notebooks., She noticed that Chip[COMMA] the dumb jock[COMMA] was having trouble with her directions.,[QUOTE]Have you found a blank piece yet[COMMA] Chip?[QUOTE] said the teacher.,[QUOTE]Nope.,I haven't[COMMA][QUOTE] said the dumb jock., [QUOTE]Somebody went through and drew lines across all of the pages.[QUOTE],
Two people were stranded on an iceberg with only a telescope.,One of them was looking through the telescope and said[COMMA] ''We're saved!,Look[COMMA] it's the Titanic!'',
Q: Why did the blonde have square boobs?,A: She forgot to take the tissues out of the box.,
Two blondes realize that their apartment is on fire and go out onto the balcony.,[QUOTE]Help[COMMA] help![QUOTE] yells one of the blondes.,[QUOTE]Help us[COMMA] help us![QUOTE] yells the other.,[QUOTE]Maybe it would help if we yelled together[COMMA][QUOTE] said the first blonde.,[QUOTE]Good idea[COMMA][QUOTE] said the other.,[QUOTE]Together[COMMA] together![QUOTE],
Q: How do you sink a submarine full of blondes?,A: Knock on the door.,
One day a blonde finds out from her friend that her boyfriend is cheating on her., So one day she goes out to the mall and buys a gun., After that she goes to her boyfriend's house., She busts down the door and points the gun at her head.,[QUOTE]What are you doing?'' says her boyfriend.,[QUOTE]Shut up!,You're next![QUOTE],
Did you hear about the blonde who tried to kill herself?,She jumped out a basement window!,
Q: Why did the blonde think it was Sunday?,A: Because the sun was out.,
Q: Why was the blonde disappointed with her trip to England?,A: She found out Big Ben was only a clock.,
Q: Why did the blonde get fired from her job at the M&M factory?,A: She threw away all the W&W's.,
Q: Why did the blonde snort Sweet'N Low?,A: She thought it was Diet Coke.,
A blonde[COMMA] a brunette[COMMA] and a redhead all enter a swim meet.,The gun goes off[COMMA] and the brunette quickly captures first[COMMA] with the redhead coming in second.,An hour later[COMMA] the blonde emerges from the pool and complains to the judges that while she was doing the breast stroke[COMMA] the others were using their arms.,
A blonde[COMMA] brunette and a redhead have a breaststroke race across the English Channel.,The brunette comes in first[COMMA] the redhead comes in second[COMMA] and the blonde never finishes.,In the lifeboat[COMMA] the blonde says[COMMA] [QUOTE]I don't want to be a tattletale[COMMA] but the other two used their arms.[QUOTE] ,
Q: Did you hear about the blonde who died while drinking milk?,A: The cow fell on her.,
A blonde is driving her new sports car and cuts out in front of a semi[COMMA] almost causing it to drive over a cliff., The driver furiously motions for her to pull over.,The driver gets out and draws a circle and tells her to stand in it.,Then he gets out his knife and cuts up her leather seats.,He turns around and sees that she's smiling.,So he goes to his truck[COMMA] takes out a baseball bat and starts busting her windows and beating her car.,He looks back to see that she's laughing.,He's really mad now[COMMA] so he takes his knife and slices her tires.,He turns around[COMMA] and she's laughing so hard that she's about to fall down.,He demands[COMMA] [QUOTE]What's so funny?[QUOTE] ,She says[COMMA] [QUOTE]Every time you weren't looking[COMMA] I stepped out of the circle![QUOTE] ,
She is so blonde[COMMA] she thinks that Taco Bell is the Mexican phone company.,
A blonde and a redhead are taken hostage by terrorists.,The women are taken to a remote island and put before a firing squad.,Just before the squad fires[COMMA] the redhead points and yells[COMMA] [QUOTE]Tornado![QUOTE] The terrorists run in all different directions[COMMA] and the redhead escapes.,When they realize what has happened[COMMA] the terrorists come back to where the blonde is still standing.,They raise their rifles[COMMA] and thinking quickly[COMMA] the blonde points and yells[COMMA] [QUOTE]Fire![QUOTE],
A pretty blonde woman is driving down a country road when her car breaks down.,She goes to the nearest farmhouse and knocks on the door., When the farmer answers[COMMA] she says to him[COMMA] ''My car broke down!,I don't know what to do!,Can I stay here for the night until I can get some help tomorrow?'',''Well[COMMA]'' drawls the farmer[COMMA] ''you can stay here[COMMA] but I don't want you messin' with my sons Jed and Luke.'',The blonde looks through the screen door and sees two men standing behind the farmer., ''Okay[COMMA]'' she says., After going to bed[COMMA] the woman begins to get a little hot,thinking about the two boys in the room next to her.,So she quietly goes into their room and says[COMMA] ''Boys[COMMA] how would you like for me to teach you the ways of the world?'',They say[COMMA] ''Huh?'',She says[COMMA] ''The only thing is[COMMA] I don't want to get pregnant[COMMA] so you have to wear these rubbers.'' She puts them on the boys[COMMA] and the three of them go at it all night long.,Forty years later Jed and Luke are sitting on the front porch[COMMA] rocking back and forth., Jed says[COMMA] ''Luke?,You remember that blonde woman that came by here forty years ago and showed us the ways of the world?'',''Yeah[COMMA]'' says Luke[COMMA] ''I remember.'',''Well[COMMA] do you care if she gets pregnant?'' asks Jed.,''Nope[COMMA]'' says Luke[COMMA] ''I reckon not.'',''Me neither[COMMA]'' says Jed.,''Let's take these things off.'',
A blonde biology student conducts an experiment on grasshoppers.,She pulls off one of its legs at a time and yells[COMMA] [QUOTE]Hop.[QUOTE] The grasshopper hops each time until all of its legs are gone.,The blonde concludes: when all the legs of a grasshopper are removed[COMMA] it becomes deaf.,
Q: Why doesn't a blonde talk during sex?,A: Because her mother told her never to talk to strangers.,
How do you stop a blonde tank?,Shoot the people pushing it!,
Q: What happened to the blonde tap dancer?,A: She fell in the sink.,
Q: Why was the blonde late for work?,A: She was stranded on the broken escalator.,
A blonde walks into a drugstore and purchases a pack of condoms.,[QUOTE]That will be $1.08[COMMA] please[COMMA][QUOTE] says the clerk.,[QUOTE]What are the eight cents for?[QUOTE] asks the blonde.,[QUOTE]It says one dollar right here on the packaging.[QUOTE],[QUOTE]Tax[COMMA][QUOTE] replies the clerk.,[QUOTE]Gee[COMMA][QUOTE] says the blonde[COMMA] [QUOTE]I thought you just rolled them on and they stayed put.[QUOTE],
A blonde[COMMA] a brunette[COMMA] and a redhead team were sent out to install telephone poles for the Telephone Company.,After the first day[COMMA] the brunette team had installed 30 poles[COMMA] the redhead team had installed 37 poles[COMMA] and the blonde team had installed 7.,The contractor was outraged with the blonde team and demanded to know why they had done so few.,[QUOTE]Hey[COMMA] we saw what the other teams were doing.,Their's were still sticking out of the ground.[QUOTE],
Q: Why did the blonde sell her television?,A: To buy a VCR.,
One day while jogging[COMMA] a man noticed two tennis balls lying by the side of the road.,He picked the balls up[COMMA] put them in his pocket and proceeded on his way.,Waiting at the cross street for the light to change[COMMA] he noticed a beautiful blonde standing next to him and smiling.,[QUOTE]What are those big bulges in your running shorts?[QUOTE] she asked.,[QUOTE]Tennis balls[COMMA][QUOTE] answered the man[COMMA] smiling back.,[QUOTE]Wow[COMMA][QUOTE] said the blonde[COMMA] looking upset.,[QUOTE]That must hurt.,I once had tennis elbow and the pain was unbearable.[QUOTE],
She is so blonde[COMMA] she studied for a blood test.,
Q: What happens after you find out that a blonde passed a test?,A: You wake up.,
Q: Why did the blonde take more than one pregnancy test?,A: Because she slept with more than one guy.,
A blonde goes to the library to get a book.,A few days later[COMMA] she comes back and says to librarian at the counter[COMMA] [QUOTE]This book was very boring.,It had too many characters and too many numbers[COMMA] so I would like to return it.[QUOTE] ,The librarian says to her coworkers[COMMA] [QUOTE]So here's the person who took our phone book![QUOTE] ,
A blonde get's in her car and notices her steering wheel[COMMA] dashboard[COMMA] and windshield is missing.,She calls the police and reports a theft.,When the police officer comes[COMMA] he looks at,the blonde who is crying and and says[COMMA] [QUOTE]Ma'am...you're sitting in the backseat...[QUOTE],
A blonde notices that her coworker has a thermos[COMMA] so she asks him what it's for.,He responds[COMMA] [QUOTE]It keeps hot things hot and cold things cold.[QUOTE],The blonde immediately buys one for herself.,The next day[COMMA] she goes to work and proudly displays it.,Her coworker asks[COMMA] [QUOTE]What do you have in it?[QUOTE],She replies[COMMA] [QUOTE]Soup and ice cream.[QUOTE],
She is so blonde[COMMA] she thinks a thesaurus is a dinosaur.,
Q: How many blonde jokes are there?,A: None -- they're all true.,
Q: What does a blonde do after she finishes sucking c**k?,A: Spits out the feathers.,
Q: How many blondes does it take to make chocolate chip cookies?,A: 100.,One to make the batter and 99 to crack the shells on the M&Ms.,
A man comes home from work early to find his blonde wife in bed with three men.,Completely shocked[COMMA] he shouts[COMMA] [QUOTE]Hello[COMMA] Hello[COMMA] Hello![QUOTE],The blonde whines[COMMA] [QUOTE]What?,No hello for me?[QUOTE],
One day three women went camping - a blonde[COMMA] a brunette and a redhead.,The blonde suddenly had to go to the bathroom.,She went into the woods with her toilet paper and did her business.,While she was gone[COMMA] the brunette and the redhead decided to play a joke on her.,They skinned a rabbit and snuck up on the blonde[COMMA] put the guts behind her and ran back to the campsite.,Three minutes later they heard a scream.,Then they waited another half an hour and the blonde came back[COMMA] sweating., She said[COMMA] [QUOTE]I had to poop so hard I pooped my guts out.,But thanks to God and these two fingers[COMMA] I stuffed them back in.[QUOTE],
A blonde[COMMA] brunette and redhead are in a desert.,The brunette says[COMMA] [QUOTE]I brought some water so we don't get dehydrated.[QUOTE] The redhead says[COMMA] [QUOTE]I brought some suntan lotion so we don't get sunburned.[QUOTE] Then the blonde says I brought a car door.[QUOTE] The other girls said[COMMA] [QUOTE]Why did you bring that?[QUOTE] Then the blonde says[COMMA] [QUOTE]So I can roll down the window if it gets hot.[QUOTE],
A blonde[COMMA] a brunette[COMMA] and a redhead are crossing an enchanted bridge in Magical Fairyland when they run into a fairy.,The fairy says that they can be granted a transformation if they jump off the bridge and call out their wish.,The brunette immediately jumps off the bridge and yells [QUOTE]Eagle![QUOTE] She turns into a beautiful bird of prey and flies away.,The redhead jumps off the bridge and yells out [QUOTE]Salmon![QUOTE] She turns into a gorgeous shimmering salmon and swims upstream to spawn.,The blonde is at this point so excited that she jumps off the bridge without thinking of her wish.,She panics.,[QUOTE]Crap![QUOTE],
Q: Why did three blondes jump off a building?,A: They wanted to see if their maxi-pads really had wings.,
Q: Why did the blonde tiptoe past the medicine cabinet?,A: She didn't want to wake up the sleeping pills.,
Q: Why is a blonde's top speed 68 mph?,A: Because at 69 she blows a rod.,
A brunette was jumping along railroad tracks[COMMA] saying[COMMA] [QUOTE]21[COMMA] 21[COMMA] 21.[QUOTE],A blonde comes along and starts doing the same thing.,They hear a train[COMMA] and the brunette jumps off[COMMA] but the blonde keeps jumping., The blonde gets hit and dies.,After the train leaves[COMMA] the brunette jumps back on[COMMA] this time saying[COMMA] [QUOTE]22[COMMA] 22[COMMA] 22.[QUOTE],
She is so blonde[COMMA] she thought she needed a token to get on [QUOTE]Soul Train.[QUOTE],
Q: How do you give a blonde a brain transplant?,A: Blow in her ear.,
Q: How do you get a blonde out of a tree?,A: You wave at her.,
How do you get a one-armed blonde out of a tree?,Sit a kitty beside her.,
Q: How do you recognize a blonde's tricycle?, A: It's the one with the kickstand.,
A blonde decides to try horseback rising.,On her first outing[COMMA] the bouncing horse causes her to lose control[COMMA] and she is thrown from the horse.,Just as she loses consciousness[COMMA] the carousel stops.,
Q: A smart blonde[COMMA] a stupid blonde and Santa Claus play poker.,Who wins?,A: The stupid blonde -- the other two don't exist.,
How does a blonde try to kill a fish?,She drowns it!!,
Q: How do you get a twinkle in a blonde's eye?,A: Shine a flashlight in her ear.,
Every day after work two blondes would look for their cars together.,Since they could never remember where they parked[COMMA] they would sit around until all the cars were gone and they could spot their vehicles.,One blonde says [QUOTE]We need to find a faster way to get home.[QUOTE],The next day[COMMA] they come to work on a donkey.,After work they come out and see a donkey tied to the fence.,I think we're going to have to wait again[COMMA] [QUOTE] says the one blonde.,[QUOTE]I'm not convinced that's our donkey.[QUOTE],[QUOTE]Why not?[QUOTE] asks the second blonde.,The first blonde says[COMMA] [QUOTE]Well[COMMA] this donkey only has one a**hole[COMMA] and this morning when we rode in[COMMA] I distinctly overhead someone say[COMMA] 'Hey look at those two a**holes on that donkey.'[QUOTE],
Two blondes are shopping at the mall.,When they are done they go out to their car[COMMA] which happens to be an awesome leather interior convertible.,When they get to the car[COMMA] they realize they had locked the keys in the car.,So they both kind of stand there and think for a while.,Finally one gets am idea to try to open the car with a hanger.,So the first blonde starts fiddling with the lock with the hanger.,The other blonde looks up at the sky and suddenly becomes very worried.,[QUOTE]HURRY[COMMA] HURRY[COMMA][QUOTE] she urges.,[QUOTE]IT'S GOING TO RAIN AND WE LEFT THE TOP DOWN![QUOTE],
Q: Did you hear about the blonde who had two chances to get pregnant?,A: She blew it both times.,
Two brunettes and a blonde are attempting to fix a roof.,While they are on the roof[COMMA] a herd of cattle run by and knock down the ladder and leave a big pile of poop behind.,The two brunettes decide to make the blonde check how deep the poop is so they can jump down.,So the blonde jumps down and yells[COMMA] [QUOTE]It's only ankle deep.[QUOTE] ,So the two brunettes jump down and scream[COMMA] [QUOTE]What are you talking about?!,It's up to our heads![QUOTE] ,And the blonde replies[COMMA] [QUOTE]Well[COMMA] I jumped in head first.[QUOTE],
Want to hear two blonde jokes?,Listen to Britney Spears and Justin Timberlake.,
Two blondes stand on opposite sides of a lake.,One blonde yells[COMMA] [QUOTE]How do I get to the other side?[QUOTE],The other blonde yells back[COMMA] [QUOTE]You're already on the other side![QUOTE],
While her husband was at work[COMMA] a blonde decided to paint their living room.,After her husband arrives home[COMMA],he finds his wife lying on the floor in a pool of sweat while wearing a parka and a mink.,He asked her what she was doing., She said[COMMA] [QUOTE]I wanted to prove to you that not all blonde women are dumb[COMMA] and I wanted to do it by painting the living room.[QUOTE],He says that he was impressed at the good job she had done[COMMA] but asked[COMMA] [QUOTE]Why are you wearing two coats?,She replied[COMMA] [QUOTE]I read the directions on the paint can[COMMA] and they said[COMMA] ''For best results[COMMA] put on two coats!'[QUOTE] ,
Q: What did the blonde say when she was offered a position at the UN?,A: [QUOTE]Would that be a missionary position?[QUOTE] ,
What do you call a blonde standing on her head?,A brunette with bad breath.,
Q: Why is it so hard to replace Vanna White?,A: They can't find another blonde who knows the whole alphabet.,
Q: What is the difference between a blonde and a vending machine?,A: Nothing.....you get what you paid for.,
<ol>,<li>Ice Cube Mix,<li>Tricycle Kickstand,<li>Solar Flashlight,<li>Dehydrated Water,<li>Fire Proof Matches,<li>Reversible Sandwich Bread,<li>Black Light Bulb,<li>Garage Door Closer,<li>Cordless Cell Phone,<li>Disposable Garbage Bags,</ol>,
Did you hear about the blonde and the weight loss video?,She threw it away because the people in the video weren't losing weight either!,
A man was mowing his lawn when he heard his neighbor[COMMA] who happened to be a blonde[COMMA] come out of her house.,She opened her mailbox[COMMA] looked inside and slammed it shut.,She stomped her foot and went back inside.,The man thought ''how weird.'' ,A few minutes passed and sure enough[COMMA] the blonde came out of her house again[COMMA] checked her mail box[COMMA] stamped her foot and went back inside.,The man stopped mowing and checked her mailbox to see what was so wrong with it.,After seeing nothing[COMMA] he went back to mowing just shrugging his shoulders.,As soon as he heard her coming out again[COMMA] he shut off his mowing machine and went up to her.,''What in the world are you doing[COMMA] coming out here every five minutes?'' ,The blonde looked up at the man and said[COMMA] ''Well[COMMA] you see[COMMA] there's this little voice in my house that keeps on saying[COMMA] 'You've got mail[COMMA]' but when I come out here to check[COMMA] I don't have any.'',
Blonde: [QUOTE]Doc[COMMA] you've gotta help me.,I keep hearing voices.[QUOTE],Doc: [QUOTE]When are you hearing these voices?[QUOTE],Blonde: [QUOTE]When I'm on the telephone.[QUOTE],
What's blonde and has an IQ of 160?,A foursome!,
Q: What's the difference between nerdy co-eds and blonde co-eds?,A: Nerdy co-eds blow the curve.,blondes blow the professor.,
Q: What happened when the blonde saw the [QUOTE]NC-17: Under 17 Not Admitted[QUOTE] sign at the movie theater?,A: She called 16 friends to come meet her.,
Q: What did the blonde do when she learned that 90% of all crimes occur around the home?,A: She moved.,
Q: What is the difference between a brunette and garbage?,A: At least the garbage gets taken out once a week.,
Q: What did the blonde customer say after reading the buxom waitress's name tag?,A: [QUOTE]What did you name the other one?[QUOTE] ,
An office exec was interviewing a blonde for an assistant position[COMMA] and wanted to find out a little about her personality.,[QUOTE]If you could have a conversation with anyone[COMMA] alive or dead[COMMA] who would it be?[QUOTE],[QUOTE]I'd have to say the living one.[QUOTE],
A married couple go to a restaurant.,A blonde waitress takes their order and returns several minutes later[COMMA] carrying a plate with only a plain hamburger bun on it.,The man asks[COMMA] [QUOTE]Where's the burger?[QUOTE],The waitress lifts her arm and pulls out a burger from her armpit.,[QUOTE]I was keeping it warm[COMMA][QUOTE] she replies.,The wife says[COMMA] [QUOTE]Please cancel my hot dog order.[QUOTE] ,
A blonde and a brunette are walking down the street when the brunette says[COMMA] [QUOTE]Look[COMMA] a dead bird![QUOTE],So the blonde looks up!,
What do you call a blond who can't swim?,Bait!,
Did you hear about the blonde who got a pair of,waterskis?,She's still looking for a lake with a slope!!,
Why did they have to stop doing the wave at the,Skydome in Toronto?,Beacause a blonde drowned in it.,
6.,Both are made out of plastic.,5.,Both are full of hot air.,4.,Both are frequently passed from man to man.,3.,Both have been known to score.,2.,Both are often handled by hot[COMMA] sweaty guys on television.,1.,Women aren't especially fond of them.,
A cop pulled over a car for swerving all over the road.,The blonde at the wheel looked very confused and scared.,[QUOTE]What's going on here[COMMA] ma'am?[QUOTE],[QUOTE]Well[COMMA] I was driving along when all of a sudden there was a tree right in my path.,I swerved to miss it[COMMA] but there was another tree.,And after that[COMMA] another[COMMA] and another.[QUOTE] The cop looked inside her car and sighed.,[QUOTE]Ma'am.,That's your air freshener.[QUOTE],
Q: Why do blondes wear their hair up?,A: To catch everything that goes over their heads.,
Q: Why did the blonde bring a gun to the wedding?,A: She was told she was supposed to hold up the bride's train.,
A blonde calls a pharmacy to ask if she needs an infant scale to weigh a baby.,The clerk explains that many mothers figure out an infant's weight by weighing themselves while holding the baby on an adult scale and then subtracting their own weight.,[QUOTE]Oh[COMMA] that won't work[COMMA][QUOTE] replies the blonde.,[QUOTE]I'm not the mother -- I'm the aunt.[QUOTE] ,
There were two blondes at the park.,One says[COMMA] [QUOTE]Look at that dead seagull over there.[QUOTE] ,And the other looks up and says[COMMA] [QUOTE]Where?[QUOTE],
A brunette[COMMA] a red-head and a blonde were in jail when they decided to break out.,The girls broke out and the brunette said[COMMA] [QUOTE]Let's hide in that barn[COMMA] they'll never find us.[QUOTE],So they climed up the ladder and then the blonde threw it down.,The next morning[COMMA] the cops said[COMMA] [QUOTE]Come out with your hands in the air![QUOTE] ,The red-head said[COMMA] [QUOTE]Hide in those baskets[COMMA] they'll never find us![QUOTE] ,So the Brunette got in the first one[COMMA] the red-head got in the second one and the blonde got in the third one.,Meanwhile[COMMA] the cops were getting a ladder set up and trying to get up there.,Once they got up[COMMA] the seargent ordered them to kick the baskets.,So the cop kicked the first one: [QUOTE]RUFF.[QUOTE],[QUOTE]It's just a damn dog![QUOTE] yelled the cop.,The cop kicked the next one: [QUOTE]MEOW.[QUOTE] ,[QUOTE]It's just a damn cat[COMMA][QUOTE] yelled the cop.,The cop kicked the next basket and the blonde yelled[COMMA] [QUOTE]POTATOES![QUOTE],
Why did the Blonde pee in the Grocery Store?,The sign said ''Wet Floor.'',
Q: What's the,difference between a blonde and an ironing board?,A: An ironing board's legs are hard to open,
What did the blonde say after college?,[QUOTE]Will that be paper or plastic?[QUOTE],
Q: What did the bartender say when a priest[COMMA] a Boy Scout[COMMA] and a blonde walked in?,A: [QUOTE]Is this a joke?[QUOTE] ,
What's blonde[COMMA] brunette[COMMA] blonde[COMMA] brunette[COMMA] blonde[COMMA] brunette[COMMA] blonde?,A fake blonde doing cartwheels!,
Did you hear about the blonde who didn't catch the joke?,It went over her head!,
Two blondes drive through the middle of Kansas[COMMA] surrounded entirely by wheat fields.,One blonde riding shotgun says[COMMA] [QUOTE]Look over there![QUOTE] They see another blonde in scuba gear who is acting like she's swimming through the wheat.,The blonde driving says[COMMA] [QUOTE]It's girls like that who give us blondes a bad name.[QUOTE],The other blonde says[COMMA] [QUOTE]Yeah!,And if I knew how to swim[COMMA] I'd go out there and tell her off.[QUOTE] ,
Q: Why did the blonde have lipstick all over her steering wheel?,A: She was trying to blow her horn.,
How do you tell a blonde isn't wearing underwear?,Dandruff on her shoes!,
A mathematician[COMMA] a philosopher[COMMA] and a blonde all go to Hell and receive a challenge from the Devil -- if they can stump him[COMMA] they're free to go to heaven instead.,The philosopher goes first and asks the Devil a very hard philosophy question -- to which the Devil snaps his fingers[COMMA] gets a book[COMMA] and gives the answer.,The mathematician tries as well -- but the Devil instantly gets the answer.,When it comes to the blonde[COMMA] she pulls up a chair and drills three holes in it.,She then sits down in the chair and farts.,[QUOTE]Now[COMMA][QUOTE] she says[COMMA] [QUOTE]which hole did the fart come out of?[QUOTE],[QUOTE]That's easy[COMMA][QUOTE] says the Devil.,[QUOTE]All of them.[QUOTE],[QUOTE]No[COMMA] stupid!,It came out of my butthole![QUOTE],
A blonde walks into the police department looking for a job., The officer wants to ask her a few questions....,Officer: What's 2+2?,Blonde: Ummmmm...,4!,Officer: What's the square root of 100?,Blonde: Ummmm...,10!,Officer: Good!, Now[COMMA] who killed Abraham Lincoln?,Blonde: Ummmm...,I dunno.,Officer:,Well[COMMA] you can go home and think about it., Come back tomorrow.,The blonde goes home and calls up one of her friends[COMMA] who asks her if she got the job.,The blonde says[COMMA] excitedly[COMMA] [QUOTE]Not only did I get the job[COMMA] I'm already working on a murder case![QUOTE],
Once there was a blonde who wanted to prove to people that she wasn't just a dumb blonde.,So she asked her friend [QUOTE]how could I show people I'm not just a dumb blonde?[QUOTE],Her friend says[COMMA] [QUOTE]First learn all the provinces and their capitals.[QUOTE],So that week the blonde learned them.,The next week she was at a party and a man asked a question.,The blonde says[COMMA] [QUOTE]I know the anwser![QUOTE] ,Then the man said [QUOTE] What would you know?,You're just a dumb blonde?[QUOTE] ,Then the blonde says[COMMA] [QUOTE]I'll have you know I'm not just a dumb blonde[COMMA] I know all the provinces and their capitals.[QUOTE],Then the man said[COMMA] [QUOTE] Okay[COMMA] Saskatchewan.[QUOTE],The blonde started to grin.,[QUOTE]What are you grinning about?[QUOTE] said the man.,The blonde said[COMMA] [QUOTE]Easy.,S.[QUOTE],
How many blondes does it take to milk a cow?,Five - one to hold the udder[COMMA] and four to lift and the cow up and down.,
A nun[COMMA] a priest[COMMA] an Irishman[COMMA] a Scotsman[COMMA] a rabbi and a blonde walk into a bar.,The bartender looks at them and asks[COMMA] [QUOTE]Is this some kind of joke?[QUOTE] ,
A farm boy who had just finished his schooling on the farm[COMMA] was sent by his Ma and Pa to the big city to go to college.,The first thing the boy does when he gets to town[COMMA] is go to find a whorehouse.,He goes inside to talk to the madam about getting a girl.,She leads him upstairs[COMMA] opens the door to a room and tells him to sit and wait for the girl to arrive.,After several minutes of anxious waiting[COMMA] a young[COMMA] blonde prostitute comes in.,The boy is beside himself[COMMA] and he leaps up from the bed[COMMA] grabs the television[COMMA] and throws it out the window.,The girl thinks this is odd behavior[COMMA] but she shrugs it off[COMMA] and begins to undress.,As she strips[COMMA] the farmboy runs over[COMMA] grabs the night stand and throws it out the window.,Again the girl thinks this is odd[COMMA] but being an experienced hooker[COMMA] she figures it's a fetish and continues disrobing., The girl removes her panties[COMMA] and with that[COMMA] the farm boy grabs the entire bed and starts lugging it toward the window.,The girl[COMMA] figuring this is one even she hasn't heard of[COMMA] finally asks[COMMA] [QUOTE]What the hell are you doing?[QUOTE],The farm boy replies[COMMA] [QUOTE]Ah ain't never been with no woman before but[COMMA] if it's anythin' like fuckin' sheep[COMMA] we gonna need all the room we can git.[QUOTE],
Why did the blonde go to KFC?,She heard she could get a pair of breasts for $1.99,
Q: What's a blonde's favorite wine?,A: [QUOTE]Hoooooney[COMMA] I want to go to Miaaami![QUOTE] ,
A blonde[COMMA] a brunette and a redhead are stuck on an island and discover a magic lamp.,They rub and rub[COMMA] and sure enough[COMMA] out pops a genie.,The genie says[COMMA] [QUOTE]Since I can only grant three wishes[COMMA] you may each have one.[QUOTE],The brunette says[COMMA] [QUOTE]I've been stuck here for years.,I miss my family[COMMA] my husband and my life.,I just want to go home.[QUOTE],Poof!,The brunette gets her wish[COMMA] and she is returned to her family.,The redhead says[COMMA] [QUOTE]I've also been stuck here for years[COMMA] and I wish I could go home[COMMA] too.[QUOTE],Poof!,The redhead gets her wish[COMMA] and she is returned to her family.,The blonde starts crying uncontrollably.,The genie asks[COMMA] [QUOTE]My dear[COMMA] what's the matter?[QUOTE],The blonde whimpers[COMMA] [QUOTE]I wish my friends were still here.[QUOTE] ,
Q: What do you call a blonde with half a brain?,A: Gifted.,
A German woman is walking down the street.,Eleven blonde guys walk up and attack her.,She screams[COMMA] ''Nein!,Nein!'' so two guys walk away.,
Q: What do women and cars have in common?,A: They can both drive you crazy.,
A blonde[COMMA] a redhead and a brunette look through a dictionary for the hardest words they know.,The brunette's word is [QUOTE]quizzical.[QUOTE],The redhead's word is [QUOTE]sardonic.[QUOTE],The blonde's word is [QUOTE]d**k.[QUOTE],
Why do blondes have TGIF written on their shirt?,It stands for[COMMA] [QUOTE]Tits Go In Front.[QUOTE],
A blonde[COMMA] a brunette and a redhead all work for a female boss who always goes home early.,[QUOTE]Hey girls[COMMA][QUOTE] says the brunette.,[QUOTE]Let's go home early tomorrow.,She'll never know.[QUOTE] ,So the next day[COMMA] they all leave right after their boss.,The brunette gets some extra gardening done[COMMA] the redhead goes to a bar[COMMA] and the blonde goes home to find her husband having sex with the female boss.,She quietly sneaks out of the house and returns at her normal time.,[QUOTE]That was fun[COMMA][QUOTE] says the brunette.,[QUOTE]We should do it again sometime.[QUOTE],[QUOTE]No way[COMMA][QUOTE] says the blonde.,[QUOTE]I almost got caught.[QUOTE] ,
Q: How does a blonde try to kill a worm?,A: Bury it alive!,
 13&gt; Driving your fellow,Congressman into the turnbuckle now considered acceptable method of ending a filibuster., 12&gt; President now shouts,entire State of the Union address with his face 18 inches from TV camera., 11&gt; IRS audit replaced,by more efficient reverse body slam onto enema., 10&gt; Government becomes a,charade of meaningless noises and lots of posturing by a bunch of inarticulate losers with,no class or manners-- Hey[COMMA] wait a minute..., 9&gt; Free school lunches,destined for the needy instead go to the biggest[COMMA] meanest[COMMA] stupidest kid in each school., 8&gt; Sex scandals now,involve even skankier women., 7&gt; January 20:,Inauguration ceremonies January 21: FDA approves over-the-counter sale of steroids., 6&gt; Newt Gingrich is,finally able to wear his mask and cape out of the house., 5&gt; During House debate[COMMA],it is acceptable to yield to the gentleman wielding a folding chair., 4&gt; Difficult finding,interns willing to accommodate an entire pouch of Skoal., 3&gt; Strom Thurmond,*finally* removed by The Undertaker., 2&gt; Line to bodyslam Ken,Starr winds around Lincoln Memorial., 1&gt; Before: Mr.,Vice,President, After: Stone Cold Cheney,<p align=[QUOTE]center[QUOTE]><a href=[QUOTE]../../Default.htm[QUOTE]>Back</a>,
Q: What does XXX stand for in a porno film?,A: It's the signature of the three blondes who [QUOTE]act[QUOTE] in it.,
One day two blondes walk into a perfume shop.,The one blonde picks up a bottle of perfume that is titled [QUOTE]Viens Chez Moi.[QUOTE] ,The blonde asks the manager what it means[COMMA] and the manager says it means[COMMA] [QUOTE]Come to Me.[QUOTE],So the blonde smells the perfume and asks her friend[COMMA] [QUOTE]Does this smell like come to you?, Because it doesn't smell like come to me.[QUOTE],
Why'd the chicken cross the road?,To show the blonde how!,
Q: What are the best 10 years of a blonde's life?,A: Third grade.,
Q: What did the blonde say when she saw the sign for the YMCA?,A: [QUOTE]Look[COMMA] they spelled Macy's wrong![QUOTE] ,
What's the difference between a blonde and a construction worker?,One lays bricks and the other lays pricks!,
What do a peroxide blonde and a 747 have in, common?,They both have a black box!,
Why do blondes like sunroofs?,More legroom!,
Q: What do you call a blonde with a dollar on her head?,A: All you can eat under a buck.,
A 747 was starting its descent and the pilot had forgotten to turn off the P.A.,system.,''As soon as I clock off'' he said[COMMA] ''I'm going to have a nice cold beer and then screw the arse off that blonde flight attendant.'',The horrified flight attendant made a dash toward the cockpit[COMMA] but tripped over in the aisle., A little old lady sitting there whispered[COMMA] ''There's no need to hurry love[COMMA] he said he was going to have a beer first.'',
What do you call a blond with half a brain?,Gifted,
A blonde was at home watching TV with her friends when she heard a noise.,She ran out just in time to see a thief drive off in her car.,[QUOTE]Did you see their face?[QUOTE] her friends asked when she came back inside.,[QUOTE]No[COMMA] but it's okay -- I got the license plate number![QUOTE],
Why do blondes wash their hair in the sink?,That's where you wash all your vegetables!,
Q: How do you confuse a blonde?,A: Give her an M&M bag[COMMA] and tell her to alphabetize it.,
How do you drown a blonde?,Put a scratch-n-sniff sticker at the bottom of a pool.,
'[QUOTE]Have you heard my knock-knock joke?[QUOTE] asked the blonde.,[QUOTE]No[COMMA][QUOTE] said the brunette.,[QUOTE]Okay[COMMA][QUOTE] said the blonde.,[QUOTE]You start.[QUOTE] ,
Q: Why do blondes smile when lightning flashes?,A: Because they think their picture is being taken.,
