A lawyer was just waking up from anesthesia after surgery[COMMA] and his wife was sitting by his side.,His eyes fluttered open and he said[COMMA] [QUOTE]You're beautiful![QUOTE] and then he fell asleep again.,His wife had never heard him say that so she stayed by his side.,A couple of minutes later[COMMA] his eyes fluttered open and he said[COMMA] [QUOTE]You're cute![QUOTE] Well[COMMA] the wife was dissapointed because instead of [QUOTE]beautiful[COMMA][QUOTE] it was [QUOTE]cute.[QUOTE] She asked[COMMA] [QUOTE]What happened to 'beautiful'?[QUOTE] His reply was [QUOTE]The drugs are wearing off![QUOTE] ,
A blind man walks into a bar[COMMA] taps the man next him and says[COMMA] [QUOTE]Hey[COMMA] wanna hear a blond joke?[QUOTE] ,The man said to the blind man[COMMA] [QUOTE]Look buddy[COMMA] I'm blond.,The man behind me is a 400-pound professional wrestler[COMMA] and he's blond.,The bouncer is blond.,The man sitting over to your left is also blond.,Still wanna tell that blond joke?[QUOTE] ,The blind man was silent for a moment and then said[COMMA] [QUOTE]Nah[COMMA] I wouldn't want to have to explain it five times.[QUOTE] ,
A blonde has sharp pains in her side[COMMA] so she goes to the hospital.,The doctor examines her and says[COMMA] [QUOTE]You have acute appendicitis.[QUOTE],The blonde says[COMMA] [QUOTE]That's sweet[COMMA] doc[COMMA] but I came here to get medical help.[QUOTE] ,
Q: How do you know that carrots are good for your eyesight?, A: Have you ever seen a rabbit with glasses?,
A little girl cuts her hand on the playground and runs crying to the teacher.,She asks the teacher for a glass of cider.,[QUOTE]Why do you want a glass of cider?[QUOTE] the teacher asks.,[QUOTE]To take away the pain[COMMA][QUOTE] sobs the little girl.,[QUOTE]What do you mean?[QUOTE] the teacher asks.,[QUOTE]Well[COMMA][QUOTE] sobs the little girl.,[QUOTE]I overheard my big sister say that,whenever she has a prick in her hand[COMMA] she can't wait to get it in cider.[QUOTE],
A man goes to a $10 hooker and contracts crabs.,When he goes back to complain[COMMA] the hooker laughs and says[COMMA] [QUOTE]What do you expect for $10 -- lobster?[QUOTE] ,
Ted and Julie go to bed with each other for the first time.,Julie: [QUOTE]I should warn you[COMMA] Ted: I've got acute angina.[QUOTE],Ted: [QUOTE]Your breasts aren't bad either.[QUOTE] ,
One day a medical professor and his class were standing over a corpse and the professor said[COMMA] ''There are two things to being a medical forensicist.,First: Don't fear anything.'',After saying that[COMMA] the professor shoved his middle finger up the corpse's anus and licked it.,He then told the class to do the same.,After hesitating[COMMA] they all did it.,''Next[COMMA]'' the professor said[COMMA] ''you have to have a key observation finger.,Thus[COMMA] I licked my index finger.'',
I hope you know CPR because you're taking my breath away.,
An old woman walked into a dentist's office[COMMA] took off all her clothes and spread her legs.,The dentist said[COMMA] ''I think you have the wrong room.'',''You put in my husband's teeth last week[COMMA][QUOTE] she replied.,[QUOTE]Now you have to remove them.[QUOTE] ,
Q: Why are there hardly any dental professionals in Arkansas?,A: Because it takes 35 patients to make a full set of teeth.,
One day Bill complained to his friend that his elbow really hurt.,His friend suggested that he go to,a computer at the drug store that can diagnose anything quicker and cheaper than a doctor.,''Simply put in a sample of your urine and the computer will diagnose your problem and tell you what you can do about it.,It only costs $10.[QUOTE], Bill figured he had nothing to lose[COMMA] so he filled a jar with a urine sample and went to the drug store.,Finding the computer[COMMA] he poured in the sample and deposited the $10.,The computer started making some noise and various lights started flashing.,After a,brief pause out popped a small slip of paper on which was printed:,[QUOTE]You have tennis elbow., Soak your arm in warm water., Avoid heavy lifting., It will be better in two weeks.[QUOTE],Later that evening while thinking how amazing this new technology was and how it would change medical science forever[COMMA] he began to wonder if this machine could be fooled., He mixed together some tap water[COMMA] a stool, sample from his dog and urine samples from his, wife and daughter.,To top it off[COMMA] he masturbated into the concoction.,He went back to the drug, store[COMMA] located the machine[COMMA] poured in the sample and deposited the $10.,The computer again made the usual noise and printed out the following message:,[QUOTE]Your tap water is too hard., Get a water softener., Your dog has worms.,Get him vitamins., Your daughter is using cocaine., Put her in a rehabilitation clinic., Your wife is pregnant with twin girls., They aren't yours., Get a lawyer., And if you don't stop jerking off[COMMA] your tennis, elbow will never get better.[QUOTE],
Q: What's the difference between a divorce and a circumcision?,A: In a divorce[COMMA] you get rid of the whole schmuck.,
There's a bunch of doctors gathered together at a doctor's convention one night., A male doctor notices a female doctor from across the room.,The female doctor notices also and the next thing you know[COMMA] they're sitting next to each other by the end of dinner., After dinner[COMMA] the male asks the woman if she wants to go up to his hotel room., ''Sure[COMMA]'' the woman says.,''Let me go wash my hands first.'' ,After she washes her hands[COMMA] they have sex.,After they are finished[COMMA] she washes her hands again.,This is really starting to annoy the male doctor so he says[COMMA] ''You know[COMMA] you must be a surgeon[COMMA] because you keep washing your hands.'' ,Angry at this remark[COMMA] the woman says[COMMA] ''Well[COMMA] you must be an anasthesiologist[COMMA] because I didn't feel a thing!'',
There was a lady[COMMA] who had a dog that she loved[COMMA] and he followed her everywhere.,One morning she woke up[COMMA] went to the bathroom[COMMA] came out[COMMA] and realized that her dog wasn't at her feet.,She found him in his bed ''sleeping''.,She called his name[COMMA] but he didn't get up.,So she took him to the vet and told the vet that her dog wouldn't wake up.,So he looked at her dog and said[COMMA] ''Your dog is dead''.,She asked the doctor to perform another test to be sure.,The doctor went into another room[COMMA] and came back with a cage.,In it there was a cat.,He let the cat out[COMMA] and she walked arund the dog[COMMA] sniffed[COMMA] and went back in her cage.,The doc put the cat back in the other room.,He came out and said again[COMMA] ''Your dog is dead''.,She was like ''Ok[COMMA] how much do I owe you?'' ,The doctor said ''$300'',She said[COMMA] ''What!?!?,How could it cost that much??'',He said ''$15 for me to say he was dead.,Then $285 for the cat scan'',
Q: Why did the man put condoms on his ears during sex?,A: He didn't want to get hearing aids.,
Q: What do Eskimos get from sitting on a block of ice?,A.,Polaroids.,
A guy goes to the eye doctor.,In the middle of the exam[COMMA] the doctor tells him[COMMA] [QUOTE]You need to stop masturbating.[QUOTE],The guy replies[COMMA] [QUOTE]Why Doc?,Am I going blind?[QUOTE],The doctor says[COMMA] [QUOTE]No[COMMA] but you're upsetting my nurse and me.[QUOTE] ,
A man working with an electric saw accidentally cuts off all of his fingers.,At the emergency room[COMMA] his doctor says[COMMA] [QUOTE]Give me the fingers[COMMA] and I'll see what I can do.[QUOTE],The injured man repies[COMMA] [QUOTE]But I don't have the fingers![QUOTE],[QUOTE]Why didn't you bring them?[QUOTE] the doctor asks.,The injured man responds[COMMA] [QUOTE]Doc[COMMA] I couldn't pick them up.[QUOTE] ,
A sick patient asked his doctor[COMMA] ''Flu?'' , The doctor replied[COMMA] ''No[COMMA] I came on my bicycle actually!'' ,
A blonde walks into a doctor's office and says[COMMA] [QUOTE]Doc[COMMA] I'm horribly sick![QUOTE],The doctor looks at her and asks[COMMA] [QUOTE]Flu?[QUOTE],[QUOTE]No[COMMA] I drove here.[QUOTE],
A mechanic noticed his co-worker drinking brake fluid at lunch.,[QUOTE]What are you doing[COMMA] man?,You can't drink that stuff![QUOTE],[QUOTE]Relax[COMMA][QUOTE] replied his co-worker[COMMA] [QUOTE]this stuff tastes pretty good[COMMA] and I don't drink it all the time.[QUOTE],[QUOTE]Seriously[COMMA][QUOTE] the mechanic exclaimed[COMMA] [QUOTE]that brake fluid is poison![QUOTE],[QUOTE]Hey[COMMA] man[QUOTE] yelled the co-worker[COMMA] [QUOTE]back off!,I can stop any time I want.[QUOTE],
After an elderly couple starts getting forgetful[COMMA] they visit their doctor.,Their doctor tells them that many people find it useful to write themselves little notes.,When they get home[COMMA] the wife says[COMMA] [QUOTE]Dear[COMMA] will you please go to the kitchen and get me a dish of ice cream?,And maybe write that down so you won't forget?[QUOTE],[QUOTE]Nonsense[COMMA][QUOTE] says the husband.,[QUOTE]I can remember a dish of ice cream.[QUOTE],[QUOTE]Well[COMMA] I'd also like some strawberries and whipped cream on it[COMMA][QUOTE] the wife replies.,[QUOTE]My memory's not all that bad[COMMA][QUOTE] says the husband.,[QUOTE]No problem -- a dish of ice cream with strawberries and whipped cream.,I don't need to write it down.[QUOTE],He goes into the kitchen[COMMA] and his wife hears pots and pans banging., The husband finally emerges from the kitchen and presents his wife with a plate of bacon and eggs.,She looks at the plate and asks[COMMA] [QUOTE]Hey[COMMA] where's the toast I asked for?[QUOTE] ,
Bertha was worried about her husband George[COMMA] so one day she took him to the doctor's.,As the doctor called George in and looked him over[COMMA] George began insisting[COMMA] [QUOTE]There's nothing wrong with me.,I know because God takes care of me.[QUOTE] What do you mean?[QUOTE] asked the doctor.,[QUOTE]Well[COMMA][QUOTE] George responded[COMMA] [QUOTE]when I go to the bathroom he turns the light on and off.[QUOTE],The doctor decided he had better talk to both George and his wife[COMMA] so he calls Bertha into the room and begins to explain[COMMA] [QUOTE]George says God turns the light on and off for him when he goes to the bathroom.,Is it true that --[QUOTE] [QUOTE]DAMMIT[COMMA] George![QUOTE] Bertha bursts out[COMMA] [QUOTE]How many times do I have to tell you not to piss in the fridge?[QUOTE],
Can I call you Little Asthma?,'Cause you take my breath away.,
I'm allergic to three things: cheese[COMMA] pollen and not being with you.,
You're a breath of fresh air[COMMA] just like my asthma inhaler!,
An old lady goes to the doctor and says[COMMA] [QUOTE]I have this problem with frequent gas.,Fortunately[COMMA] the farts never smell and are always silent.,As a matter of fact[COMMA] I've farted at least 10 times since I've been here[COMMA] and I bet you didn't even notice![QUOTE],The doctor says[COMMA] [QUOTE]I see.,Take these pills and come back next week.[QUOTE],The next week the old lady returns.,[QUOTE]Doctor[COMMA][QUOTE] she says[COMMA] [QUOTE]I don't know what the hell you gave me[COMMA] but now my silent farts stink like the dickens.[QUOTE],The doctor says[COMMA] [QUOTE]Good!,Now that we've cleared up your sinuses[COMMA] let's work on your hearing.[QUOTE] ,
A woman goes to the gynecologist for an exam.,She puts her feet into the stirrups and the doctor begins his exam.,After a moment[COMMA] he says[COMMA] [QUOTE]You have an unusually deep vagina.[QUOTE],The woman replies[COMMA] [QUOTE]You don't have to say it twice.[QUOTE],The doctor says[COMMA] [QUOTE]I didn't.[QUOTE],
Q: What do a nearsighted gynecologist and a dog have in common?,A: Wet noses.,
Why did the gynecologist go to the eye doctor?,Because things were looking a little fuzzy.,
Dermatologist:,Good News my dear[COMMA] aftr looking through your test results I'm happy to report you will no longer be plagued by pimples.,Girl:,Wow!,That's great!,Why?,Dermatologist: There's no more space.,
One day[COMMA] Jeffrey complained to his friend[COMMA] ,My elbow really hurts[COMMA] I guess I should see a doctor.,Don't do that!,There's a computer at the drug store that can diagnose anything[COMMA] quicker and cheaper than a doctor.,Simply put in a sample of your urine and the computer will diagnose your problem and tell you what you can do about it.,It only costs $10.,Jeffery figured he had nothing to lose[COMMA] so he took his urine sample to the drug store.,Finding the computer[COMMA] he poured in the sample and deposited the $10.00.,The computer started making some noise and various lights started flashing.,After a brief pause[COMMA] out popped a small slip of paper on which was printed:,[QUOTE]You have tennis elbow.,Soak your arm in warm water.,Avoid heavy lifting.,It will be better in two weeks.[QUOTE], Late that evening while thinking how,amazing this new technology was and how it would change medical science forever[COMMA] he began to wonder if this machine could be fooled.,He decided to give it a try.,He mixed together some tap water[COMMA] a stool sample from his dog and urine samples from his wife and daughter., To top it off[COMMA] he masturbated into the concoction., He went back to the drug store[COMMA] located,the machine[COMMA] poured in the sample and deposited $10.00.,The computer again made the usual noise and printed out the following message:,[QUOTE]Your tap water is too hard.,Get a water softener.,Your dog has worms.,Get him vitamins.,Your daughter's using cocaine.,Put her in a rehabilitation clinic.,Your wife's pregnant - twin girls.,They aren't yours.,Get a lawyer.,And if you don't stop jerking off[COMMA] your tennis elbow will,never get better.[QUOTE],
An army major visits the sick soldiers[COMMA] goes up to one private and asks:,What's your problem[COMMA] Soldier?,Chronic syphilis[COMMA] Sir,What treatment are you getting?,Five minutes with the wire brush each day.,What's your ambition?,To get back to the front[COMMA] Sir.,Good man., says the Major.,He goes to the next bed.,What's your,problem[COMMA] Soldier?,Chronic piles[COMMA] Sir,What treatment are you getting?,Five minutes with the wire brush each day.,What's your ambition?,To get back to the front[COMMA] Sir.,Good man., says the Major.,He goes to the next bed.,What's your,problem[COMMA] Soldier?,Chronic gum disease[COMMA] Sir,What treatment are you getting?,Five minutes with the wire brush each day.,What's your ambition?,To get the wire brush before the other two[COMMA] Sir,
Q: Why did the cat go to the hospital?,A: To have a,CAT scan done.,
A middle-aged woman had a heart attack and was taken to the hospital.,While on the operating table she had a near death experience., Seeing,God she asked[COMMA] [QUOTE]Is my time up?[QUOTE] God said[COMMA] [QUOTE]No you have another,43 years[COMMA] 2 months and 8 days to live.[QUOTE],Upon hearing this[COMMA] the woman decided to stay in the hospital and have,a face lift[COMMA] liposuction and a tummy tuck.,She even had someone change her hair,color., Since she had so much more time to live[COMMA] she figured she might as well,make the most of it.,She was released from the hospital but while crossing the street on her,way home[COMMA] she was killed by a car.,Arriving in front of God[COMMA] she demanded[COMMA] [QUOTE]I thought you said I had another,43 years?!,Why didn't you pull me out of the path of that car?[QUOTE],God replied[COMMA] [QUOTE]I didn't recognize you.[QUOTE],
A distraught woman goes to her gynecologist.,When the doctor asks her what is wrong[COMMA] she says[COMMA] [QUOTE]Remember the hormones you gave me?,Well[COMMA] look what happened![QUOTE],She unbuttons her blouse and reveals her chest[COMMA] completely covered with hair.,The doctor is aghast.,He says[COMMA] [QUOTE]I've never seen anything like this.,How far down does it go?[QUOTE],She says[COMMA] [QUOTE]All the way down to my penis!,And that's the other thing we have to talk about![QUOTE],
A woman tells her doctor[COMMA] [QUOTE]My husband is 300% impotent.,The doctor asks her[COMMA] [QUOTE]I'm not quite sure what you mean.,Could you elaborate?[QUOTE],She replies[COMMA] [QUOTE]Well[COMMA] the first part you can imagine[COMMA] but he also burned his tongue and broke his finger.[QUOTE] ,
Q: Why did Santa have to have his balls removed?,A: Because he'd carried his sack over his shoulders one too many times.,
Q: What do you call a nurse with dirty knees?,A: The head nurse.,
A lady with a frog stuck to her head went to the,doctor's office.,When the doctor asked her what was wrong[COMMA] the frog replied[COMMA] [QUOTE]I've got something stuck to my ass![QUOTE] ,
A lawyer is standing in a long line at the box office.,Suddenly[COMMA] he feels a pair of hands kneading, his shoulders[COMMA] back[COMMA] and neck.,The lawyer turns, around.,[QUOTE]What, the hell do you think you're doing?[QUOTE],[QUOTE]I'm a chiropractor[COMMA] and, I'm just keeping in practice while I'm waiting in, line.[QUOTE],[QUOTE]Well[COMMA] I'm a lawyer[COMMA] but you don't see me screwing the guy in front of, me[COMMA] do you?[QUOTE],
Q: How do crabs leave the hospital?,A: On crutches.,
Q: Why didn't the skeleton go to the dance?,A: He had no body to go with.,
Q: What kind of dog hears voices?,A: A Shih-Tzu-Phrenic.,
One day a group of husbands and wives went to a scientific program., The doctor there was showing them brains from real peopleand telling how expensive it would be to buy one., He said it was five million dollars for a female brain and ten million dollars for a male brain., The men snickered[COMMA] thinking they knew why.,One of the women said[COMMA] ''Well[COMMA] why is that[COMMA] sir?'' The doctor answered[COMMA] [QUOTE]The men's brains cost more[COMMA] for they have never been used.[QUOTE],
A man who was having heart trouble went to the doctor to see what his options were.,Naturally[COMMA] the doctor recommended a heart transplant.,The man reluctantly agreed[COMMA] and asked if there were any hearts immediately available[COMMA] considering that money was no object.,[QUOTE]I do have three hearts[COMMA][QUOTE] said the doctor.,[QUOTE]The first is from an 18-year old kid[COMMA] non-smoker[COMMA] athletic[COMMA] swimmer[COMMA] with a great diet.,He hit his head on the swimming pool and died.,It's $100[COMMA]000.,The second is from a marathon runner[COMMA] 25 years old[COMMA] great condition[COMMA] very strong.,He got hit by a bus.,It's $150[COMMA]000.,The third is from a heavy drinker[COMMA] cigar smoker[COMMA] steak lover.,It's $500[COMMA]000.[QUOTE],[QUOTE]Hey[COMMA] why is that heart so expensive?,He lived a terrible life![QUOTE],[QUOTE]Yes[COMMA] but it's from a laywer.,It's never been used.[QUOTE],
Why can't you shoot up marijuana?,Because you'll get a budclot!,
An old woman goes to the doctor's office.,The doctor gives her a checkup and says[COMMA] [QUOTE]I need to do stool[COMMA] blood and urine tests.[QUOTE],The woman says[COMMA] [QUOTE]Well[COMMA] can I just leave my underwear?, Bingo starts in half an hour.[QUOTE] ,
Dad always thought laughter was the best medicine.,I guess that was why several of us died of tuberculosis.,
You're plague-free[COMMA] I'm plague-free--we must be destined to meet.,
No[COMMA] don't worry[COMMA] that's not infected.,It's supposed to be red.,
One day two deaf-mutes meet on the street.,They had been friends in school but had lost touch over time.,They used sign language to catch up on old times.,Through the course of conversation one of the deaf-mutes learned the other had learned to speak and was no longer mute.,This amazed the fellow that was still mute and he asked about the procedure.,His friend gave him the doctor's card and went on his way.,The deaf mute wasted no time and went straight to the doctor's office.,The doctor informed the procedure took 26 days and cost one million dollars.,The man handed the doc his insurance card and begged the doctor to start the treatment that day.,The doctor had the man strip and lay over the examination table.,The doctor went to his closet and took out a bucket of mayonnaise and a broom handle with a door knob on the end.,The doc got a running start and shoved the mayonaise covered door knob up the deaf-mute's ass.,The mute screamed[COMMA],AY!AY!AY!, The doctor said[COMMA],very good we will work on the B's tomorrow.,
[QUOTE]Doctor[COMMA] doctor!,I need glasses![QUOTE],[QUOTE]You certainly do[COMMA] ma'am.,This is a barber shop.[QUOTE] ,
A newlywed couple arrives in their sumptuous honeymoon suite[COMMA] and it turns out they are both virgins.,Brought up the old traditional way[COMMA] neither of them really knows how to have sex.,So after about half a painful hour of abortive attempts to get it on[COMMA] an idea occurs to the husband., ''OK[COMMA] honey[COMMA]'' he says[COMMA] ''this is what we'll do.,I'll go into the closet and you go into the bathroom.,We'll both get undressed and turn off the lights in the bedroom.,And then on the count of three we'll both rush out at each other and then it will just happen in the middle of the bedroom.'',The wife is a bit unsure about this[COMMA] but since she doesn't have any better ideas she agrees.,So[COMMA] the husband goes into the closet and the wife goes into the bathroom and they both get undressed., The anticipation is driving the husband mad and as he takes off his clothes he gets an enormous erection.,The wife turns off the lights and on the count of three they both rush into the bedroom towards each other.,But since the room is dark the husband gets disoriented and runs by his wife &#151; right into the dresser.,He hits the dresser so hard that he passes out from the pain.,The next thing he remembers is coming to in a hosital bed[COMMA] with a doctor looking down at him.,His throbbing dick is still so painful that he moans to the doctor[COMMA] ''Doc[COMMA] doc[COMMA] how bad is it?'',''That's nothing[COMMA] son.,Wait till you see your wife!,We still haven't gotten her off the doorknob.'',
A newly married hillbilly couple decided they wanted children[COMMA] but didn't know how to go about it.,Questions and conversations with friends and relatives proved no help[COMMA] until a neighbor said they should go to town and ask the Big City Doctor.,The doctor let them look at a child's book about where babies came from[COMMA] but to no avail.,He tried his own explanation but was met with blank stares.,Exasperated[COMMA] he took them to his private office[COMMA] and showed them a porno movie.,This was also useless.,Angrily[COMMA] he ordered the girl to strip[COMMA] told the man to watch[COMMA] and had sex with her on the couch.,''Now[COMMA] do you understand?'' he asked.,''I just have one question.,How many times a week do I have to bring her in for this?'',
Doctor: I have good news and bad news.,Patient: Go with the good news first.,Doctor: You have 24 hours to live.,Patient: What!?!,How about the bad news?,Doctor: Um...,I forgot to tell you yesterday.<p/>,
A guy is in the hospital with two broken legs.,The nurse comes in and tells him that there's good news and bad news.,The guy asks for the bad news first.,The nurse says[COMMA] [QUOTE]We're going to have to remove your legs.[QUOTE],Then the guy asks for the good news.,The nurse says[COMMA] [QUOTE]The guy beside you wants to buy your sneakers.[QUOTE],
Q: Why does a blonde nurse carry around a red pen?,A: To draw blood.,
Nurse: Doctor[COMMA] Doctor[COMMA] there's an invisible man in the waiting room!,Doctor: Well[COMMA] go in there and tell him I can't see him!!,
Did you hear about the army nurse who went to bed eating popcorn?,She woke up with a kernel between her legs.,
Q: How many nurses does it take to change a light bulb?,A: Twelve.,One to do it[COMMA] one to chart it and ten to write the policy and procedure.,Q:,How many doctors does it take to change a light bulb?,A: Twenty.,One primary care physican to change it and 19 specialists to take it apart and look at it under a microscope.,
Did you hear that nursing homes are starting to give Viagra to the old men living there?,It's to keep them from rolling out of bed.,
Q: What's green and eats nuts?,A: Syphilis.,
A guy goes to the psychiatrist wearing shorts made of clear plastic wrap.,The psychiatrist says[COMMA] [QUOTE]Well[COMMA] I can clearly see you're nuts.[QUOTE],
I wish I was a glow worm.,A glow worm's never glum., It's hard to be downhearted[COMMA] , When the sun shines out of your bum!,
Ladies[COMMA] what's the first thing we do when they put us in the room and tell us to get undressed?,Look around and say[COMMA] 'Now where am I gonna hide my panties?' Don't you roll them up and stick them in your purse?,Or you tuck them down in your shoe?,I hid mine so well the other day[COMMA] I still can't find them.,
Two old men in a retirement village were sitting in the reading room and one said to the other[COMMA] ''How do you really feel?,I mean[COMMA] you're 72 years old[COMMA] how do you honestly feel?'',''Honestly[COMMA] I feel like a new born baby.,I've got no hair[COMMA] no teeth[COMMA] and I just wet myself.'',
A woman walks into her doctor's office and says[COMMA] [QUOTE]Doctor[COMMA] I need to lose weight fast.[QUOTE] The doctor replies[COMMA] [QUOTE]Instead of putting food in your mouth[COMMA] try putting it up your butt.[QUOTE],Two months later[COMMA] she comes in and says[COMMA] [QUOTE]Doctor[COMMA] it's a dream come true.,I'm half the size I was.[QUOTE],But the doctor notices that she is bouncing up and down.,He asks[COMMA] [QUOTE]Where did you get this twitch?[QUOTE] The woman replies[COMMA] [QUOTE]I don't have a nervous twitch; I'm chewing bubble gum.[QUOTE] ,
A blonde told her doctor that she was really worried because every part of her body hurt.,The doctor looked concerned and said[COMMA] [QUOTE]Show me where.[QUOTE] ,The blonde touched her own arm and screamed[COMMA] [QUOTE]Ouch![QUOTE],Then she touched her leg and screamed[COMMA] [QUOTE]Ouch![QUOTE] ,She touched her nose and cried[COMMA] [QUOTE]Ouch![QUOTE],She looked at her doctor and said[COMMA] [QUOTE]See?,It hurts everywhere![QUOTE],The doctor laughed and said[COMMA] [QUOTE]Don't worry; it's not serious.,You've just got a broken index finger.[QUOTE] ,
A world famous painter started losing her eyesight in the prime of her career.,After several surgeries and weeks of therapy[COMMA] her eyesight was restored.,The painter decided to show her gratitude to her surgeon by painting a mural with pairs of eyes in every shade and shape in his office.,When she finished[COMMA] she held a press conference to unveil her latest work of art.,One reporter asked the doctor[COMMA] [QUOTE]What was your first reaction upon seeing your newly painted office?[QUOTE],[QUOTE]Thank God I'm not a gynecologist.[QUOTE],
Show me a man that thinks baseball is the national pastime and I'll show you a man who never played doctor when he was a kid!,
A man is in a hospital bed completly wrapped up in a body cast., One of the nurses gave him a rectal, thermometer and said[COMMA] [QUOTE]Don't move -- I'll be right back.[QUOTE],When she returned the thermometer was in his, mouth.,She asked in amazement[COMMA] [QUOTE]How did you get, that in your mouth[COMMA] you can't even move?[QUOTE], Then the man said[COMMA] [QUOTE]I hiccupped.[QUOTE],
Woman: Can I get Viagra here?,Pharmacist: Yes.,Woman: Can I get it over the counter?,Pharmacist: If you give me two of them[COMMA] you can.,
A blonde with two burnt ears went to the doctor and told him[COMMA] [QUOTE]The phone rang[COMMA] and I accidentally picked up the iron.[QUOTE] , The doctor asked her[COMMA] [QUOTE]What about the other ear?[QUOTE] , She replied[COMMA] [QUOTE]They called back.[QUOTE] ,
What is the difference between a pickpocket and a gynecologist?,A pickpocket snatches watches and a gynecologist watches snatches.,
Q: What's meaner than a pit bull with herpes?,A: The guy who gave it to him.,
You ever accidentally go up to a real big fat person[COMMA] and you accidentally ask them for a good place to eat?,And they look at you and say they don't know.,And you're looking at them[COMMA] like[COMMA] 'You do know.,I bet if I follow you for an hour[COMMA] we gonna be eatin'.,'.,
Don't worry[COMMA] the plague left a few of my parts intact.,
Two children were in a doctor's waiting room., The little girl was softly sobbing.,[QUOTE]Why are you crying?[QUOTE] asked the little boy.,[QUOTE]I'm here for a blood test[COMMA] and they're going to cut my finger[COMMA][QUOTE] said the girl.,When he heard this[COMMA] the little boy started to cry.,[QUOTE]Why are you crying?[QUOTE] asked the girl.,The boy looked at her worriedly and said[COMMA] [QUOTE]I'm here for a urine test.[QUOTE],
Three women were at the doctor's office for the second trimester check up., The first woman[COMMA] a brunette[COMMA], said that she was sure that she would have a girl because when she made love to her husband[COMMA] she was on top!, The second affirmed with certainty that she would, have a boy[COMMA] because she was on bottom., The blonde grabbed her head between her hands.,[QUOTE]Oh[COMMA] crap!,Puppies.[QUOTE],
Q: Two little potatoes stand on the street corner.,One is a prostitute.,How can you tell which one is the prostitute?,A: It's the one with the little sticker that reads: [QUOTE]I-DA-HO.[QUOTE] Also[COMMA] she has herpes sores on her lips.,
I'm no longer poxy.,Care for a flogging?,Yar!,
Q: How do you know you can't trust doctors and lawyers?,A: Because they both [QUOTE]practice[QUOTE] their professions.,
Your prescription for one large[COMMA] um[COMMA] suppository is ready for pickup.,
A girl goes into the doctor's office for a checkup.,As she,takes off her blouse[COMMA] he notices a red [QUOTE]H[QUOTE] on her chest.,[QUOTE]How did you, get that mark on your chest?[QUOTE] asks the doctor.,[QUOTE]Oh[COMMA] my boyfriend went,to Harvard and he's so proud of it that he never takes off his Harvard,sweatshirt[COMMA] even when we make love[COMMA][QUOTE] she replies.,A couple of days later[COMMA] another girl comes in for a checkup.,As she, takes off her blouse[COMMA] he notices a blue [QUOTE]Y[QUOTE] on her chest.,[QUOTE]How did, you get that mark on your chest?[QUOTE] asks the doctor., [QUOTE]Oh[COMMA] my boyfriend goes to Yale and he's so proud of it that he never takes off his Yale,sweatshirt[COMMA] even when we make love[COMMA][QUOTE] she replies.,A couple of days later[COMMA] another girl comes in for a checkup.,As she, takes off her blouse[COMMA] he notices a green [QUOTE]M[QUOTE] on her chest.,[QUOTE]Do you,have a boyfriend at Michigan?[QUOTE] asks the doctor.,[QUOTE]No[COMMA] but I have a,girlfriend at Wisconsin.,Why do you ask?[QUOTE],
A businessman returns from the far east.,After a few days he notices stange growth on his penis.,He sees several doctors.,They all say: [QUOTE]You've been screwing around in the Far East[COMMA] very common there[COMMA] no cure.,We'll have to cut it off.[QUOTE] The man panics[COMMA] but figures if it is common in the East they must know how to cure it.,So he goes back and sees a doctor in Pakistan.,The doctor examines him and says[COMMA] ,You've been fooling around in my country.,This is a very common problem here.,Did you see any other doctors?[QUOTE],The man replies[COMMA] [QUOTE]Yes a few in the USA.[QUOTE],The doctor says[COMMA] ,I bet they told you it had to be cut off.,The man answers[COMMA] ,Yes!,The doctor smiles[COMMA] nods[COMMA] ,That is not correct.,It will fall off by itself.,
Did you hear about the depressed proctologist?,He's been feeling down in the dumps.,
Q: What's the difference between a proctologist and a bartender?,A: The proctologist only handles one a**hole at a time.,
What kind of a car does a proctologist drive?,A brown Probe!,
The man told his doctor that he wasn't able to do all the things around the house that he used to do.,When the examination was complete[COMMA] he said[COMMA] ,Now[COMMA] Doc[COMMA] I can take it.,Tell me in plain English what is wrong with me.,Well[COMMA] in plain English[COMMA], the doctor replied[COMMA] ,you're just lazy.,Okay[COMMA], said the man.,Now give me the medical term so I can tell my wife.,
A young mother was having a consultation with a doctor., As they spoke[COMMA] her Little Johnny could clearly be heard terrorizing the people in the waiting room - yet she made no attempt to restrain him.,Soon they heard some clattering in an adjoining room[COMMA] but still she did nothing.,Finally[COMMA] after an extra-loud crash[COMMA] the woman casually told the doctor[COMMA] [QUOTE]I hope you don't mind my Little Johnny playing in there.[QUOTE],[QUOTE]No[COMMA] not at all[COMMA][QUOTE] said the doctor calmly., [QUOTE]I'm sure he'll calm down as soon as he finds the poison.[QUOTE],
A man walked into the office of the eminent psychiatrist Dr.,Heidberg[COMMA] and sat down to explain his problem.,[QUOTE]Doctor[COMMA] doctor!,I've got this problem[COMMA][QUOTE] the man said.,[QUOTE]I keep hallucinating that I'm a dog.,It's crazy.,I don't know what to do![QUOTE],[QUOTE]A common canine complex[COMMA][QUOTE] said the doctor soothingly.,[QUOTE]Relax.,Come here and lie down on the couch.[QUOTE],[QUOTE]Oh no[COMMA] Doctor[COMMA][QUOTE] the man said nervously[COMMA] [QUOTE]I'm not allowed up on the furniture.[QUOTE],
How many psychiatrists does it take to change a light bulb?,One[COMMA] but it really has to want to change.,
Three rabbits escape from a testing lab and find an entire field full of carrots.,They eat themselves into a stupor and sleep throughout the night.,The next morning[COMMA] they find an entire field full of female rabbits with no males in sight.,They screw themselves into a stupor and sleep throughout the night.,The next morning[COMMA] the rabbits get to talking.,[QUOTE]I'm gonna go back to that field of carrots[COMMA][QUOTE] says one.,[QUOTE]I'm gonna go back to those cute little rabbits[COMMA][QUOTE] says the second.,[QUOTE]I'm going back to the lab[COMMA][QUOTE] says the third.,[QUOTE]I'm dying for a cigarette.[QUOTE],
Q: What do you get when you put Raggedy Ann and the Pillsbury Doughboy together?,A: A redhead with a yeast infection.,
A man and and a woman from Alabama don't want any more children because they already have 11.,So the husband goes to a doctor in Ohio., The doctor asks[COMMA] [QUOTE]What state are you from?,The man say[COMMA]s [QUOTE]Alabama.[QUOTE] The doctor tells him to go home[COMMA] put a lit cherry bomb in an empty soda can[COMMA] hold it in his hand[COMMA] and count to 10., The husband isn't so sure of this[COMMA] so he goes to another doctor[COMMA] this time in California.,When that doctor finds out that the husband is from Alabama[COMMA] he tells him the exact same thing that the doctor in Ohio told him.,The husband figures that the doctors must be right.,So he goes home[COMMA] puts a lit cherry bomb in a soda can[COMMA] and starts to count., ''1...2...3...4...5...'',The husband takes the soda can and puts it between his legs to continue counting on his fingers on his right hand., ''6...7...8...9...'',
Artery: Study of paintings,Bacteria: Backdoor to cafeteria,Barium: What to do when treatment fails,Bowel: Letter like A E I O or U,Ceasarean Section: District in Rome,Cat Scan: Searching for Kitty,Cauterize: Made eye contact with her,Coma: Punctuation Mark,Congenital: Friendly, D & C: Where Washington is,Dilate: To live long,Enema: Not a friend,Fester: Quicker,Genital: Non-Jewish,Hang Nail: Coat Hook,Impotent: Distinguished[COMMA] well known,Labor pain: Hurt at work,Morbid: Higher offer,Nitrate: Cheeper than day,Node: Was aware of,Outpatient: Person fainted,Post op: Letter Carrier,Recovery Room: Place to apholster,Rectum: Dang near Killed Him,Rheumatic: Amorous,Secretion: Hiding something,Tablet: Small table,Terminal Illness: Sick at Airport,Tibia: Country in North Africa,Tumor: More than One,Urine: Opposite of 'you're out',Varicose: Nearby,Vein: Conceited,
A redneck takes his daughter to the doctor to get birth control pills.,The doctor wonders if she's a little young for birth control pills and asks her father if she's sexually active.,The father replies[COMMA] [QUOTE]No[COMMA] she just kinda lays there[COMMA] just like her mother.[QUOTE],
Woman: I have a problem.,Doctor: Well[COMMA] are you regular?,Woman: Yes I am., Every day I do a number one at 7:30 in the morning and a number two at 8:30.,Doctor: So[COMMA] what's the problem?,Woman: I don't get up untill 9:30.,
Did you hear about the redneck who went to the hospital to have a mole removed from his d*ck?,He swore off sex with them creatures forever.,
A gynecologist tired of his profession[COMMA] and wanting less responsibility[COMMA] decided a career change was in order.,After some serious thought[COMMA] he decided that being an engine mechanic[COMMA] something he had once enjoyed prior to college[COMMA] would be a good choice.,However[COMMA] it had been a long time since he had tinkered with an engine and he knew that in order to compete with the younger workforce[COMMA] he would have to go to school.,He enrolled in a technical institute that specialized in teaching auto mechanics.,He aced the course[COMMA] but the final exam required each student to completely strip and reassemble an engine.,It was with some trepidation that he took the test.,At completion[COMMA] he turned the engine over to his instructors for evaluation and awaited his final grade.,When they were handed out[COMMA] he did a double take at the 150% grade he received.,Rather confused[COMMA] he asked his instructors how it was possible to have a grade like this.,[QUOTE]It is really quite simple[COMMA][QUOTE] they said.,[QUOTE]We gave you 50% for correctly disassembling the engine[COMMA] 50% for correctly reassembling it[COMMA] and an additional 50% for doing it all through the muffler.[QUOTE],
[QUOTE]How are your hemorrhoids?[QUOTE],[QUOTE]Swell.[QUOTE],
A man visits his doctor with celery stalks stuck in each ear and a carrot stick up each nostril.,He mumbles[COMMA] [QUOTE]Doc[COMMA] I'm just not feeling well.[QUOTE] ,The doctor replies[COMMA] [QUOTE]Maybe you're not eating right.[QUOTE] ,
A man goes to his doctor and says[COMMA] [QUOTE]Please help me!,I've got a problem.[QUOTE],The doctor examines the man and finds a red ring around his penis.,The doctor gives him an ointment to rub on the problem area.,[QUOTE]It's all cleared up[COMMA][QUOTE] the man reports when he returns., [QUOTE]What was that medication you gave me?[QUOTE],[QUOTE]Lipstick remover.[QUOTE],
A punk rocker with acute appendicitis needs immediate surgery.,As the nurse preps the punk rocker[COMMA] she finds that her pubic hair is dyed green with a tattoo above[COMMA] reading [QUOTE]Keep off the grass.[QUOTE],After the operation[COMMA] the punk rocker wakes up to find a small note taped to her belly: [QUOTE]Sorry -- had to mow the lawn.[QUOTE],
A man staggers into an emergency room with two black eyes and a five iron wrapped tightly around his throat.,[QUOTE]I was having a quiet round of golf with my wife[COMMA][QUOTE] he tells the doctor[COMMA] [QUOTE]when she sliced her ball into a pasture of cows.,We went to look for it[COMMA] and I noticed one of the cows had something white in its rear end.,I walked over and lifted up the tail[COMMA] and sure enough[COMMA] there was my wife's golf ball stuck right in the cow's butt.,That's when I made my mistake.[QUOTE],[QUOTE]What did you do?[QUOTE] asks the doctor.,[QUOTE]Well[COMMA] as I was standing there holding up the tail[COMMA] I yelled to my wife[COMMA] 'Hey[COMMA] this looks like yours!'[QUOTE],
Roses are red,Violets are blue,I'm a schizophrenic,And so am I.,
Roses are red,Violets are blue ,I'm schizophrenic ,And so am I ,
A policeman is walking down the road when he sees a man with a brick tied to a dog leash.,He decides to go and humor him.,He walks up to the man and says[COMMA] ''Hello[COMMA] sir[COMMA] I like your dog!'',The man looks at the brick[COMMA] then the policeman[COMMA] and says[COMMA] ''It's not a dog[COMMA] it's a brick.'' ,The policeman replies[COMMA] ''Oh[COMMA] sorry[COMMA] I thought you were a bit mad[COMMA]'' and walks off rather puzzled.,As the policeman goes out of sight[COMMA] the man turns to the brick and says[COMMA] ''That fooled him[COMMA] didn't it Rover?'',
What kind of accident did the proctologist have?,He was rear-ended!,
Bob walks into a public bathroom and notices a guy with no arms standing next to a urinal.,As Bob takes care of his business[COMMA] he wonders how the poor soul is going to take a leak., Bob finishes and heads for the door[COMMA] but figures he should ask the man if he needs help.,''Oh yes please!?[QUOTE] the man cries.,[QUOTE]You have a kind heart[COMMA] sir[COMMA]'' says the man with no arms.,But as Bob goes ahead[COMMA] unzips the man[COMMA] and pulls his willy out[COMMA] he encounters all kinds of mold[COMMA] red bumps[COMMA] moles[COMMA] scabs[COMMA] scars[COMMA] and other unpleasant-looking things.,The armless man asks Bob to kindly point it...,then shake it[COMMA] put it back and zip it.,So Bob[COMMA] gathers his courage[COMMA] shuts his eyes and does so.,''Thank you very much[COMMA] sir!'' says the armless man.,''No problem[COMMA]'',says Bob,''but what the hell is wrong with your penis?'',The guy pulls pulls his arms out of his shirt and says ''I don't know[COMMA] but I ain't touching it![QUOTE],
An old man and his wife went to the doctor's office.,The doctor asked the man for a blood[COMMA] urine and feces sample.,The man was slightly deaf and said[COMMA] [QUOTE]What?[QUOTE],The doctor said[COMMA] [QUOTE]I need a blood[COMMA] urine and feces sample.[QUOTE],The man still looked puzzled[COMMA] so his wife leaned over and yelled into his ear[COMMA] [QUOTE]Sheldon[COMMA] the doctor needs a pair of your underwear.[QUOTE],
There was an older man who'd married a younger,woman.,All was going well...,except in the, bedroom.,He couldn't last long enough to satisfy her.,She said it didn't matter but he knew it, was getting her down.,So he went to the doctor and asked for help.,The doctor recommended that he satisfy himself before they have sex -- that way[COMMA] he'd last longer.,The next day[COMMA] the man planned on ravishing his wife when he came home[COMMA] and decided to please himself on the way.,So he pulled over onto a quiet road.,But he couldn't just sit there in his car having a wank[COMMA] so he decided to lie under the car and pretend that he was fixing he car., He crawled under the car[COMMA] closed his eyes[COMMA],imagined his wife naked[COMMA] and started wanking.,After a while he felt something tugging at,his jeans.,[QUOTE]Sir[COMMA] this is the police.,Would you mind telling us what you're doing?[QUOTE] ,Not wanting to lose this wonderful image of his wife he kept his eyes closed.,[QUOTE]I'm just fixing the axle of my, car[COMMA] officer.[QUOTE],[QUOTE]Well[COMMA] while,you're down there you'd better check the brakes.,Your car has crashed into a, tree half a mile down the road![QUOTE],
A man decided to paint the toilet while his wife was away., His wife came home sooner than he expected[COMMA] used the toilet[COMMA] and got the seat stuck to her rear.,Distraught[COMMA] she asked her husband to unscrew the seat and drive her to the doctor.,When they got to the doctor's office[COMMA] the man lifted his wife's coat to show him their predicament., The man asked[COMMA] [QUOTE]Doctor[COMMA] have you ever seen anything like this before?[QUOTE],[QUOTE]Well[COMMA] yes[COMMA][QUOTE] the doctor replied[COMMA] [QUOTE]but never framed.[QUOTE],
A blonde takes her typewriter to the doctor.,[QUOTE]Doc[COMMA] I'm afraid my typewriter is pregnant.[QUOTE],The doctor asks[COMMA] [QUOTE]Why in the world would you think that?[QUOTE],She says[COMMA] [QUOTE]Because it's started missing its period.[QUOTE],
There once was a scientist who studied frogs.,One day[COMMA] the scientist put the frog on the ground and told it to jump.,The frog jumped four feet.,So the scientist wrote in his notebook[COMMA] [QUOTE]Frog with four feet[COMMA] jumps four feet.[QUOTE] ,So the scientist cut off one of one of the frogs legs.,The scientist told the frog to jump.,Frog jumped three feet.,So the scientist wrote in his note book[COMMA] [QUOTE]Frog with three feet[COMMA] jumps three feet.[QUOTE] ,So the scientist cut of another leg.,He told the frog to jump.,The frog jumped two feet.,So the scientist wrote in his notebook [QUOTE]Frog with two feet[COMMA] jumps two feet.[QUOTE] ,The scientist cut off one more leg.,He told the frog to jump.,Frog jumped one foot.,So the scientist wrote in his notebook[COMMA] [QUOTE]Frog with one foot[COMMA] jumps one foot.[QUOTE] ,So the scientist cut off his last leg.,[QUOTE]He said[COMMA] [QUOTE]Frog jump.,Frog jump.,FROG JUMP![QUOTE] ,So the scientist wrote in his notebook[COMMA] [QUOTE]Frog with no feet[COMMA] goes deaf.[QUOTE],
There was a woman who was interested in getting a boob job[COMMA] so she went to her doctor[COMMA] Dr.,Smith and questioned him about implants., He explained that[COMMA] before you do anything too serious[COMMA] there is a method that has worked for a lot of my patients., Every morning when you wake up rub your boobs and say ''Scoobie doobie doobie[COMMA] give me bigger boobies.'',She did this faithfully for weeks and noticed one day that they actually were getting bigger[COMMA] she was very impressed.,One morning she woke up[COMMA] late for work and very rushed., By the time she got on the bus she realized that she forgot to go through her routine., So standing on the bus[COMMA] while rubbing her boobs she says ''Scoobie doobie doobie[COMMA] give me bigger boobies''., The man standing next to her says[COMMA] ''You go to Dr.,Smith?'' ''Yes[COMMA]'' she said[COMMA] ''how did you know?'' He replies ''Hickory dickory dock!'',
Mr.,Johnson's wife of 50 years suggested they take a cruise: [QUOTE]We could go somewhere for a week[COMMA] and make wild love like we did when we were young.[QUOTE] He thought it over and agreed.,He went to the pharmacy and bought a bottle of seasick pills and a tube of lubricant.,Upon returning home[COMMA] his wife said [QUOTE]I've been thinking[COMMA] there's no reason we can't go for a month.[QUOTE],Mr.,Johnson went back to the pharmacy and asked for 12 bottles of seasick pills and a tube of lubricant.,When he returned his wife said[COMMA] [QUOTE]Since the children are on their own[COMMA] what's stopping us from cruising the world?[QUOTE],He went back and bought 200 bottles of seasick pills and more tubes of lubricant.,The pharmacist finally had to ask: [QUOTE]You know[COMMA] Mr.,Johnson[COMMA] I don't mean to pry[COMMA] but if it makes you that sick[COMMA] why the hell do you do it?[QUOTE],
What did the leper say to the blonde hooker?,Keep the tip.,
A young married couple maintains a strict sexual schedule.,Every day[COMMA] the husband and wife get home from work at 5 p.m.,and have sex at 5:15 p.m.,One day[COMMA] the wife comes down with the flu and goes on antibiotics.,The medicine kills all the germs[COMMA] except for three[COMMA] who huddle together inside her body to talk over survival tactics.,One germ decides to hide from the antibiotics between two toes on her left foot.,The second germ decides to hide behind her right ear.,The last germ says[COMMA] [QUOTE]You guys do what you want[COMMA] but when the 5:15 pulls out tonight[COMMA] I'm gonna be on it.[QUOTE],
An old lady's husband had just died and she felt their was no reason to live anymore.,She called the doctor and asked excactly where her heart was., He told her it should be under her left breast.,That night she went to the emergency room with a shot in the knee.,
Aging Mildred was a 93 year-old woman who was particularly despondent over the recent death of her husband Earl.,She decided that she would just kill herself and join him in death.,Thinking that it would be best to get it over with quickly[COMMA] she took out Earl's old Army pistol and made the,decision to shoot herself in the heart since it was so badly broken in the first place.,Not wanting to miss the vital organ and become a vegetable and burden to someone[COMMA] she,called her doctor to inquire as to just exactly where the heart would be., [QUOTE]On a,woman[COMMA][QUOTE] the doctor said[COMMA] [QUOTE]your heart would be just below your left breast.[QUOTE],Later that night[COMMA] Mildred was admitted to the hospital with a gunshot wound to her knee.,
There was a husband and a wife.,The husband was very sick[COMMA] so the wife took him to the hospital and the doctor checked him out.,Then the doctor asked the wife to come into his office so they could talk about what was wrong with her husband.,He explained that[COMMA] if she wanted her husband to live[COMMA] she would have to pamper him[COMMA] wait on him hand and foot[COMMA] and not challenge him or argue with him -- her husband needed absolute rest and no stress whatsoever.,However[COMMA] if her husband did any work or moved around much or got upset about anything[COMMA] he would die.,The doctor asked if she understood these conditions[COMMA] and the wife assured him that she did.,When the wife came out[COMMA] the husband asked her[COMMA] [QUOTE]so what is the matter with me?,Am I going to die?[QUOTE] And the wife said[COMMA] [QUOTE]Yes[COMMA] honey[COMMA] I'm afraid you're going to die.[QUOTE],
A redneck felt sick and decided to go to the doctor.,The doctor examined him.,[QUOTE]I can't seem to find the problem[COMMA] but I think it has something to do with alcohol.[QUOTE] ,[QUOTE]Well[COMMA][QUOTE] said the redneck[COMMA] [QUOTE]then I'll come back when you're sober.',
A GOOD ONE...,enjoy.,There was this case in the hospital's Intensive Care ward where patients always died in the same bed[COMMA] on Sunday morning at 11 a.m.[COMMA] regardless of,their medical condition.,This puzzled the doctors and some even thought that it had something to do with the supernatural.,Why the death?,So the doctors decide to go down to the ward to investigate the cause of the incidents.,So on the next Sunday morning few minutes before 11 a.m.[COMMA] all doctors and nurses nervously wait outside the ward to see for themselves what the terrible phenomenon was all about.,Some were holding wooden crosses[COMMA] prayer books and other holy objects to ward off the evil........,Just when the clock struck 11....,Scroll down for what happened...,Santa Singh[COMMA] the part-time Sunday sweeper[COMMA] entered the ward and unplugged the life support system so that he could use the vacuum cleaner.,
[QUOTE]Doctor[COMMA] everytime I sneeze I have an orgasm![QUOTE],[QUOTE]Are you doing anything for it?[QUOTE],[QUOTE]Snorting pepper.[QUOTE],
Q: What's brown and on the piano bench?,A: Beethoven's last movement.,
A man is sitting next to a woman on an airplane.,Suddenly[COMMA] the man sneezes.,He unzips his pants and wipes himself off with his handkerchief.,He zips up and continues reading his magazine.,The woman cannot believe what she has just seen.,He sneezes again[COMMA] unzips and wipes himself off with the handkerchief.,The woman says[COMMA] [QUOTE]Sir[COMMA] that's disgusting and rude!, If you do it again[COMMA] I'm going to call the flight attendant and have you removed from this plane.[QUOTE],He says[COMMA] [QUOTE]I'm so sorry that I've offended you.,I have this very rare[COMMA] embarrassing condition that causes me to orgasm every time I sneeze.[QUOTE],The woman[COMMA] disarmed by the man's honesty[COMMA] says with sympathy[COMMA] [QUOTE]Oh[COMMA] you poor man.,What do you take for it?[QUOTE],[QUOTE]Pepper[COMMA][QUOTE] he answers.,
Your sores are in all the right places!,
There was this guy that went to the doctor to get is sperm counted.The lady behind the desk handed him a jar and said[COMMA] [QUOTE]Bring it back tomorrow[COMMA] full.[QUOTE] He says[COMMA] [QUOTE]Okay[COMMA] I'll be back tomorrow then.[QUOTE],Well he goes home and comes back the next day[COMMA] and he hands the woman the jar.,She says[COMMA] [QUOTE]Nothing's in it.[QUOTE],The man responds[COMMA] [QUOTE]Well[COMMA] I went home and I tried with my right hand and I tried with my left hand and nothing happend.,I called my wife into the room[COMMA] and she tried with her right hand and she tried with her left hand.,Nothing still happend.,Well[COMMA] we called our neighbor and she came over[COMMA] and she tried with her right hand ans she tried with her left hand[COMMA] and still nothing happened.,And the woman behind the counter looked stunned and asked[COMMA] [QUOTE]You asked your <i>neighbor </i>over to help you!?[QUOTE] And he says[COMMA] [QUOTE]Yeah[COMMA] we couldn't get the jar open.[QUOTE],
With a screech of brakes[COMMA] an ambulance pulls up at the local casualty ward and a hippie is wheeled out on a gurney.,The doctor questions his long-haired colleagues.,''So what was he doing then?'' asks the physician.,''Acid?,Cannabis?'',''Sort of[COMMA]'' replies one of the hippies[COMMA] nervously thumbing his caftan.,''But we ran out of gear[COMMA] so I skinned up a homemade spliff.'',''And what was in that?'' asks the doctor.,''Um[COMMA] I kind of raided my girlfriend's spice rack.'' says the hippie.,''There was a bit of cumin[COMMA] some turmeric and a little paprika.'',''Well[COMMA] that explains it[COMMA]'' the doctor replies[COMMA] looking at them gravely.,''He is in a Korma.'',
With a screech of brakes[COMMA] an ambulance pulls up at the local emergency room and a hippie is wheeled out on a gurney.,The doctor questions the patient's long-haired colleagues.,''So what was he doing then?'' asks the physician.,''Acid?,Cannabis?'',''Sort of[COMMA]'' replies one of the hippies[COMMA] nervously thumbing his caftan.,''But we ran out of gear[COMMA] so I skinned up a homemade spliff.'',''And what was in that?'' asks the doctor., ''Um[COMMA] I kind of raided my girlfriend's spice rack.'' says the hippie.,''There was a bit of cumin[COMMA] some turmeric and a little paprika.'',''Well[COMMA] that explains it[COMMA]'' the doctor replies[COMMA] looking at them gravely.,''He is in a Korma.'',
A guy suffers from extreme abdominal pain and sees a doctor.,The doctor says that medicated rectal inserts should rectify the problem.,After performing the initial insertion[COMMA] the doctor explains that the second should be inserted before bed.,That night[COMMA] the man asks his wife to help him.,His wife puts a hand on his shoulder to steady him and inserts the medicine.,He lets out a wail.,[QUOTE]Did I hurt you?[QUOTE] she asks.,[QUOTE]No -- I just realized that the doctor had BOTH hands on my shoulders![QUOTE],
How do you make stew out of a leper?,Put him in a Jacuzzi and turn it on full.,
A man walks into his doctor's office and whines[COMMA] [QUOTE]Doc[COMMA] you've got to help me; I've got a strawberry stuck up my ass.[QUOTE],The doctor pulls out his prescription pad and says[COMMA] [QUOTE]I've got cream for that![QUOTE],
Q: Why did the dead baby cross the street?,A: He wanted to get away from the abortion clinic.,
A man visits the doctor because of his severe stuttering problem.,The doctor says[COMMA] [QUOTE]It appears that your penis is four inches too long and is pulling on your vocal cords[COMMA] thereby causing the stutter.[QUOTE],[QUOTE]D-d-d-oct-t-tor.,Wh-ha-a-at c-c-can I d-d-do?[QUOTE],The doctor tells him that he must remove the extra four inches to relieve the strain.,Six months after the operation[COMMA] the patient returns for his check-up.,[QUOTE]Doctor[COMMA] the operation was a success.,I no longer stutter[COMMA] I have a great job and my self-esteem is fantastic.,However[COMMA] my wife says that she misses the great sex we used to have.,I was wondering if it is possible to reattach those four inches.[QUOTE],The doctor hesitates for a minute and then says[COMMA] [QUOTE]I d-d-d-on't th-th-think-k-k-k that wo-wo-wo-ould b-be p-p-pos-s-s-ib-b-ble.[QUOTE],
A very sick man is in the hospital[COMMA] and on many drugs which give him bowel problems.,After many false alarms[COMMA] he accidentally craps himself.,Very embarrassed[COMMA] he balls up the sheets and throws them out the window[COMMA] where a drunk is staggering on the way home.,The drunk starts flailing at the sheets[COMMA] throwing his arms around wildly.,A security officer runs over[COMMA] hearing the commotion.,[QUOTE]What's going on here?[QUOTE],[QUOTE]I don't know[COMMA] officer.,But I think I just beat the crap out of a ghost.[QUOTE],
Why can't men get Mad Cow Disease?,Because they are all PIGS!,
My doctor is so funny.,He keeps me in stiches!,
How come the Taliban are not circumcised?,It gives them a place to put their bubblegum during a sandstorm.,
Tarzan is attacked by a lion in the jungle.,The animal rips off Tarzan's arm[COMMA] eye and penis.,His jungle friends help him by giving him the spare parts he needs -- the eye of an eagle[COMMA] the arm of a gorilla[COMMA] and an elephant trunk for a d**k.,Later[COMMA] Cheeta the Chimp asks Tarzan how his new parts are working out for him.,[QUOTE]Tarzan like.,With new eye[COMMA] can see far.,With new arm[COMMA] Tarzan strong.,But no like new wee-wee.[QUOTE],[QUOTE]Why's that?[QUOTE],[QUOTE]It keep picking grass and shoving in Tarzan's ass.[QUOTE],
A biker had been injured in an accident and was hospitalized., Several nurses each had the opportunity to give him a sponge bath and were commenting on his genitals., They all had noticed a tattoo of the word ''Little.[QUOTE] So they drew straws to see who would find out what the whole tattoo said., The nurse with the shortest straw went into the guy's room while the others waited in the hall., Suddenly[COMMA] they heard a commotion[COMMA] then moans of passion and a piercing scream., Finally[COMMA] she came out of the room with her skirt up around her waist[COMMA] her panties around one ankle and a contented smile on her face., The others ask her what she found out.,[QUOTE]It says 'Little Rock Arkansas[COMMA] Big Dick Champion[COMMA] 1993[COMMA] 1994[COMMA] 1995[COMMA] 1996[COMMA] 1997 and 1998!''',
AIDS is not a gay disease.,That's true.,And everybody thinks it's a gay disease[COMMA] and it's not.,We gotta stop saying that.,Think about it.,How could Magic get AIDS and Little Richard don't?,
When he told me I was negative[COMMA] I was so happy[COMMA] I gave a party and had an orgy at the same time.,I'm just playing -- I didn't give any parties.,
She is so blonde[COMMA] she studied for a blood test.,
Where does a ship go when it's sick?,To the dock.,
Q: What's the difference between a rectal and oral,thermometer?,A: The taste.,
A man is lying in bed in a hospital with an oxygen mask over his mouth.,A young nurse appears to sponge his face and hands.,[QUOTE]Nurse[COMMA][QUOTE] he mumbles from behind the mask[COMMA] [QUOTE]Are my testicles black?[QUOTE],Embarrassed the young nurse replies[COMMA] [QUOTE]I don't know[COMMA] I''m only here to wash your face and hands.[QUOTE],He struggles again to ask[COMMA] [QUOTE]Nurse[COMMA] Are my testicles black?[QUOTE],Again the nurse replies[COMMA] [QUOTE]I can''t tell.,I''m only here to wash your face and hands.[QUOTE],The ward nurse passes by and sees the man getting a little distraught so she marches over to inquire what is wrong.,[QUOTE]Nurse[COMMA][QUOTE] he mumbles[COMMA] [QUOTE]Are my testicles black?[QUOTE],Being a nurse she is undaunted.,She whips back the bedclothes[COMMA] pulls down his pajama trousers[COMMA] moves his penis out of the way[COMMA] has a good look[COMMA] pulls up the pajamas[COMMA] replaces the bedclothes and announces[COMMA] [QUOTE]Nothing is wrong with them.[QUOTE],At this the man pulls off his oxygen mask and asks again[COMMA],[QUOTE]Are my test results back?[QUOTE],
A guy walks into a dentist's office and says[COMMA] [QUOTE]I think I'm a moth.[QUOTE],The dentist replies [QUOTE]You shouldn't be here., You should be seeing a psychiatrist...[QUOTE],The guys replies[COMMA] [QUOTE]I am seeing a psychiatrist.[QUOTE],The dentist says[COMMA] [QUOTE]Well then what are you doing here?[QUOTE],And the guy says[COMMA] [QUOTE]Your light was on.[QUOTE],
Three Doctors are dicussing which types of patients they prefer.,Doctor Watson says[COMMA] ''I, prefer librarians.,All their organs are alphabetized.'',Doctor Fitzpatrick says[COMMA] ''I prefer mathematicians.,All their organs are numbered.'',Doctor Ahn says[COMMA] ''I prefer lawyers.,They are gutless[COMMA] heartless[COMMA] brainless[COMMA] spineless[COMMA] and their heads and rear ends are interchangeable.'',
Q: What is the difference between a brain surgeon and God?,A: God doesn't think he's a brain surgeon!,
Did you hear about the man who did it with a parakeet?,He contracted chirpes.,And the worst thing?,It was untweetable.,
A guy went to the doctor to quit smoking[COMMA] and the doctor gave him a nicotine patch[COMMA] which he promptly put on his penis.,A couple of weeks[COMMA] he came back to the doctor's.,[QUOTE]How's it going?[QUOTE] the doctor asked him.,[QUOTE]Great[COMMA][QUOTE] he replied.,[QUOTE]I haven't had a butt in weeks.[QUOTE],
When a doctor is checking your prostate gland[COMMA] make sure he doesn't have both hands on your shoulders.,
Q: What do the toes say when they meet?,A: There is a fungus among us.,
A guy is going on an ocean cruise[COMMA] and he tells his doctor that he's worry about getting seasick.,The doctor suggests[COMMA] ''Eat two pounds of stewed tomatoes before you leave the dock.'' ,The guy replies[COMMA] ''Would that keep me from getting sick[COMMA] Doc?'' ,The doctor says[COMMA] ''No[COMMA] but it'll look real pretty in the water.'',
As a couple gets into bed[COMMA] the husband starts to rub and kiss his wife.,She turns over and says[COMMA] [QUOTE]I'm sorry[COMMA] honey.,I've got a gynecologist appointment tomorrow[COMMA] and I want to stay fresh.[QUOTE],The husband sadly turns over.,A few minutes later[COMMA] he rolls back over and taps his wife.,He asks[COMMA] [QUOTE]Do you have a dentist appointment[COMMA] too?[QUOTE] ,
A mother takes her four-year-old to the hospital to have his tonsils removed.,She asks the the doctor if he could also perform a circumcision while the boy's under.,The doctor agrees.,When the boy returns to kindergarten[COMMA] a classmate tells him that he is also going to get his tonsils removed.,The four-year-old tells his friend[COMMA] [QUOTE]They're not where you think they are.[QUOTE],
When they show you those starving kid commercials[COMMA] why do they have to show you the starvingest kid they can find?,You know[COMMA] they have to show you a kid on the side of the road[COMMA] with flies on it.,'Cause I'm sitting there[COMMA] I'm thinking[COMMA] 'I wouldn't go send but five dollars.,It takes three days for the mail to get there.,By the time my five dollars gets there[COMMA] that kid's gonna be dead.,Show me a kid that's got five or six months left[COMMA] I can work with him.',
A trucker who has been out on the road for two weeks stops at a brothel outside Atlanta.,He walks straight up to the Madam[COMMA] drops down $500 and says[COMMA] [QUOTE]I want your ugliest woman and a grilled cheese sandwich![QUOTE],The Madam is astonished.,[QUOTE]But sir[COMMA] for that kind of money you could have one of my finest ladies and a three-course meal.[QUOTE],The trucker replies[COMMA] [QUOTE]Listen[COMMA] I ain't horny.,I'm homesick.[QUOTE],
A man and his wife enter a dentist's office.,The wife says [QUOTE]I need a tooth pulled.,No gas or Novocain -- I'm in a terrible hurry.,Just pull the tooth as quickly as possible.[QUOTE],[QUOTE]You're a brave woman[COMMA][QUOTE] says the dentist., [QUOTE]Now[COMMA] show me which tooth it is.[QUOTE],The wife turns to her husband and says[COMMA] [QUOTE]Open your mouth and show the dentist which tooth it is[COMMA] dear.[QUOTE],
Q: How do you know that someone from West Virginia invented toothpaste?,A: If anyone else would have invented it[COMMA] it would be called [QUOTE]teethpaste.[QUOTE],
Did you hear about the guy who had a dick transplant?,His hand rejected it.,
A woman and her husband go to the doctor because the woman is complaining of shortness of breath.,After fifteen minutes[COMMA] the woman comes out into the waiting room and says[COMMA] [QUOTE]Apparently[COMMA] my problem is that I have a nice cooter.[QUOTE],[QUOTE]Excuse me?[QUOTE] says the husband.,[QUOTE]That's what the doctor said.,My problem is that I have a nice cooter.[QUOTE] The husband is a bit angry and goes in to talk to the doctor.,[QUOTE]What's this about my wife having a nice cooter?,I need a damn good explanation.[QUOTE],[QUOTE]That's not what I said[COMMA][QUOTE] replies the doctor.,[QUOTE]I said she has acute angina.[QUOTE] ,
A man went to visit his doctor.,[QUOTE]Doc[COMMA] my arm hurts bad.,Can you check it out please?[QUOTE] the man pleads.,The doctor rolls up the man's sleeve and suddenly hears the arm talk.,[QUOTE]Hello[COMMA] Doctor[COMMA][QUOTE] says the arm.,[QUOTE]Could you lend me twenty bucks please?,I'm desperate![QUOTE],[QUOTE]Aha!'' says the doctor.,''I see the problem.,Your arm is broke![QUOTE],
I don't even trust condoms.,I use trash bags and duct tape.,
One day[COMMA] Mr.,Phillard,rushed his pregnant wife over to the, hospital., As the doctors were prepping his wife[COMMA], Mr.,Phillard's idiot brother Bill arrived to watch the birth., But when Mr.,Phillard saw the blood and everything, else[COMMA] he fainted., When Mr.,Phillard woke up he, was in a bed with the doctor standing above, him.,[QUOTE]Mr.,Phillard[COMMA][QUOTE] the doctor said[COMMA] [QUOTE]you are in, the recovery room., Don't worry[COMMA] your wife is fine, and she had twins[COMMA] a boy and a girl.,Because you were unconscious, and your wife was still under anaesthesia[COMMA] she requested that your brother Bill name the, kids.[QUOTE],[QUOTE]What!,My brother[COMMA] the idiot!, I can't believe you let him!,What!, did he name them?[QUOTE],[QUOTE]He named your daughter Denise.[QUOTE],[QUOTE]Hey[COMMA] not bad!,I, underestimated my brother., What did he, name my son?[QUOTE] ,[QUOTE]He named your son Denephew.[QUOTE],
Two sperm are walking down the street., How do you know which one is happy?,It's the one with egg on its face!,
A woman calls a clinic and says she hasn't been able to sleep because her dog snores too loudly.,The doctor told her to tie a ribbon around his balls and he will shutup.,The woman goes to her bedroom and sees her dog lieing on the floor snoring.,She gets a red ribbon and ties it around his balls.,The dog stops snoring.,The woman goes to sleep.,After a while[COMMA] her husband comes home drunk.,He lays in bed and falls fast asleep.,He starts to snore loudly so the woman gets a blue ribbon and ties it around his balls.,The next morning the woman gets up and goes to work.,The man wakes up and sees the blue ribbon on his balls.,Then he looks down at the dog and sees the red ribbon around his balls.,The guy says to the dog[COMMA] ''I don't know what we did lasst night[COMMA] but we got first and second place!''',
How do two psychiatrists greet each other?,''You are fine[COMMA] how am I?'',
What two things in the air can make a women pregnant?, Her feet!,
 An OHIO STATE UNIVERSITY,mortician student walked into the embalming room where a cadaver was lying on the table., Confident that he knew enough now to begin the procedure without his instructor[COMMA] he,began to examine the body., When he rolled it over he was shocked to see a cork in,the man's butt., Mystified[COMMA] he pulled out the cork and immediately heard the,University of Michigan fight song come out of the guy's butt.,Shaken by what had happened,he quickly shoved the cork back into it's original resting place., He then ran to get his,instructor[COMMA] nervously shouting[COMMA],Sir[COMMA] you must come[COMMA] you won't believe what I,discovered!, Annoyed by the,interruption[COMMA] he said[COMMA] ,Let's take a look at this astounding discovery., When they entered the,morgue[COMMA] the teacher was also surprised to see the cork[COMMA] so he approached the table and,promptly removed the cork., Upon hearing the University of Michigan fight song he,quickly replaced the cork in the cadavers butt and said[COMMA] ,What's so surprising about,that?, I've heard thousands of assholes sing that song!,
In a class on abnormal psychology[COMMA] the instructor was about to introduce the subject of manic depression.,The instructor asked[COMMA] [QUOTE]How would you diagnose a patient who walks back and forth[COMMA] screaming at the top of his lungs one minute[COMMA] then sits in a chair weeping uncontrollably the next?[QUOTE],A young man in the rear raised his hand and suggested earnestly[COMMA] [QUOTE]A basketball coach?[QUOTE] ,
Q: Did you hear about the new computer upgrade for erectile dysfunction?,A: It turns your 3.5[QUOTE] floppy into a hard drive.,
One guy had three balls[COMMA] so he went to the doctor.,He was too shy to tell the doctor his story so he told him[COMMA] [QUOTE]Let's just say me and you together have 5 balls in total.[QUOTE],So the doctor replied[COMMA] [QUOTE]What!,you've got four!?[QUOTE],
Boy Monster: Did you get the big red heart I sent you for Valentine's?,Girl Monster: Yes[COMMA] I did.,Thank you.,Boy Monster: Is it still beating?,
A man rushes his limp dog to the veterinarian.,The doctor pronounces the dog dead.,The agitated man demands a second opinion.,The vet goes into the back room and comes out with a cat.,The cat sniffs the body and meows.,The vet says[COMMA] [QUOTE]I'm sorry[COMMA] but the cat thinks that your dog is dead[COMMA] too.[QUOTE],The man is still unwilling to accept that his dog is dead.,The vet brings in a black Labrador.,The lab sniffs the body and barks.,The vet says[COMMA] [QUOTE]I'm sorry[COMMA] but the lab thinks your dog is dead[COMMA] too.[QUOTE],The man finally resigns to the diagnosis and asks how much he owes.,The vet answers[COMMA] [QUOTE]$650.[QUOTE],[QUOTE]$650 to tell me my dog is dead?[QUOTE] exclaims the man.,[QUOTE]Well[COMMA][QUOTE] the vet replies[COMMA] [QUOTE]I would only have charged you $50 for my initial diagnosis.,The additional $600 is for the cat scan and lab tests.[QUOTE],
Did you hear about the theft at the Viagra factory?,The police are looking for some hardened criminals!,
10.,The quicker picker upper!,9.,One a day[COMMA] like iron!,8.,Get a piece of the rock!,7.,You've come a long way[COMMA] baby!,6.,It plumps when you take 'em!,5.,Strong enough for a man[COMMA] but made for a woman!,4.,Tastes great[COMMA] more filling!,3.,Viagra[COMMA] built ram tough!,2.,Here's the beef!,And the number one slogan being considered by Viagra:,1.,Just do her!,Some honorable mentions:,**We work harder[COMMA] so you don't have to,**Ten inches long...and growing!,**Viagra[COMMA] when it absolutely positively has to be there tonight!,**Viagra[COMMA] home of the Whopper!,**Viagra &#151; now is a great time to be silver.,**This is your penis.,This is your penis on Viagra.,Any questions?,
A frustrated wife got some Viagra for her husband., Her doctor told her to give him one pill a night[COMMA] and that he would call to check in with her after a week.,That night[COMMA] the wife popped one pill in her husband's food and got a good rogering.,The next night she gave him two pills.,The sex was even greater than the night before.,The following night she decided to give him the whole bottle.,The sex was unimaginable.,A week later[COMMA] the doctor called to check on the patient.,The couple's son answered the phone and sounded shaky.,The doctor asked to speak to his mother.,The son replied that his mother was in the hospital[COMMA] the maid was pregnant[COMMA] his butt was hurting[COMMA] and his dad was standing naked in the front yard[COMMA] yelling[COMMA] [QUOTE]Here kitty[COMMA] kitty....[QUOTE],
Q: What's the scientific name for Viagra?,A: Mycoxafailin,
Q: What happened to the man who swallowed his Viagra too slowly?,A: He got a stiff neck.,
An old man goes into a pharmacy[COMMA] asks for two Viagra pills and demands that the pharmacist cut them in half.,The pharmacist winks at him[COMMA] [QUOTE]OK[COMMA] but do you realize they won't be as effective?[QUOTE],The old man says[COMMA] [QUOTE]Listen sonny[COMMA] I'm 80 years old.,I don't want them for sex.,I need them for getting me hard enough so I don't pee on my shoes.[QUOTE],
An 80-year-old man tells his wife[COMMA] [QUOTE]I'm going to the doctor to get me some of those new Viagra pills.[QUOTE],His wife gets her coat on and says[COMMA] [QUOTE]I'm going to the doctor[COMMA] too.,If you're going to start using that rusty old thing again[COMMA] I'm getting a tetanus shot.[QUOTE],
Just in case you were wondering[COMMA] yes[COMMA] I can get my hands on all the free Viagra I want.,
Why'd the man take Viagra eyedrops?,Because he wanted to look hard!,
Did you hear about the man who took Viagra and a laxative at the same time?,He didn't know if he was coming or going.,
While eating at their favorite diner[COMMA] two Texans hear an awful choking sound.,They turn around to see a lady turning blue.,The first Texan rises[COMMA] hitches up his jeans and walks over to the lady.,He asks[COMMA] [QUOTE]Can you breathe?[QUOTE] She shakes her head no.,[QUOTE]Can you speak?[QUOTE] he asks.,She again shakes her head no.,With that[COMMA] he helps her to her feet[COMMA] lifts up her skirt and starts to lick her butt.,Shocked[COMMA] the woman coughs up the obstruction and begins to breathe.,The first Texan turns back to his friend and says[COMMA] [QUOTE]Amazing how that there Hind Lick Maneuver works every time![QUOTE],
How many Victorian ladies does it take to change a lightbulb?,One hundred.,One to replace the bulb and ninety-nine to contract consumption and die beautiful[COMMA] poetic deaths.,
A couple[COMMA] both age 67[COMMA] went to a sex therapist's office.,The doctor asked[COMMA] [QUOTE]What can I do for you?[QUOTE] ,The man said[COMMA] [QUOTE]Will you watch us have sexual intercourse?[QUOTE] ,The doctor looked puzzled[COMMA] but agreed.,When the couple finished[COMMA] the doctor said[COMMA] [QUOTE]There's nothing wrong with the way you have intercourse[COMMA][QUOTE] and charged them $32.,This happened several weeks in a row.,The couple would make an appointment[COMMA] have intercourse with no problems[COMMA] pay the doctor[COMMA] then leave.,Finally the doctor asked[COMMA] [QUOTE]Just exactly what are you trying to find out?[QUOTE],The old man said[COMMA] [QUOTE]We're not trying to find out anything.,She's married and we can't go to her house -- I'm married and we can't go to my house., The Holiday Inn charges $60.,The Hilton charges $78.,We do it here for $32[COMMA] and I get $28 back from Medicare.[QUOTE],
Q: What do a hemophiliac and a virgin have in common?,A: One prick and they're done.,
Q:,What's the definition of a healthy virgin?,A:,[QUOTE]One who has never been bed-ridden![QUOTE],
Q: Why did the gynecologist go to the eye doctor?,A: Everything he saw was fuzzy.,
A husband and wife entered the dentist's office.,The husband said[COMMA] [QUOTE]I want a tooth pulled.,I don't want gas or Novocain because I'm in a terrible rush.,Just pull the tooth as quickly as possible.[QUOTE],[QUOTE]You're a brave man[COMMA][QUOTE] said the dentist.,[QUOTE]Now[COMMA] show me which tooth it is.[QUOTE],The husband turns to his wife and says[COMMA] [QUOTE]Open your mouth and show the dentist which tooth it is[COMMA] dear.[QUOTE],
There was a doctor that had been having sex with a number of his patients[COMMA] and he started to feel guilty.,Then a little voice inside his head said[COMMA] [QUOTE]You're not the only doctor that screws his patients.[QUOTE],That made him feel a bit better.,Until another little voice said[COMMA] [QUOTE]But most of them aren't vets.[QUOTE],
[QUOTE]Doctor!,My wife has lost her voice.,What can I do to help her get it back![QUOTE],[QUOTE]Try coming home at 3 in the morning.[QUOTE],
Blonde: [QUOTE]Doc[COMMA] you've gotta help me.,I keep hearing voices.[QUOTE],Doc: [QUOTE]When are you hearing these voices?[QUOTE],Blonde: [QUOTE]When I'm on the telephone.[QUOTE],
This woman is rushed to the hospital in critical condition.,Her husband waits patiently in the waiting room.,After a few minutes[COMMA] the doctor comes out and asks her assistant for a wrench[COMMA] which understandably concerns the husband.,Then[COMMA] after a couple more moments[COMMA] the doctor re-enters the room this time asking for a screwdriver., The man grows worried and begins to pace in circles.,Then[COMMA] a little later[COMMA] the doctor bursts through the doors screaming for a hammer[COMMA] at that[COMMA] the husband[COMMA] in a state of frenzied terror[COMMA] runs up to the surgeon and asks[COMMA] ''Doctor[COMMA] what the heck is wrong with my wife?'' ,[QUOTE]I don't know[COMMA][QUOTE] replies the flustered doctor[COMMA] [QUOTE]I can't get my damn bag open.[QUOTE],
The wedding date was set and the groom's three pals - a carpenter[COMMA] an electrician and a dentist were deciding what pranks to play on the couple on their wedding night.,The carpenter figured sawing the slats of their bed would give them a chuckle or two.,The electrician decided to wire the bed - with alternating current[COMMA] of course.,The dentist wouldn't commit himself[COMMA] but wore a sly grin and promised it would be memorable.,The nuptials went as planned and a few days later[COMMA] each of the grooms buddies received the following note:,[QUOTE]DEAR FRIENDS[COMMA],WE DIDN'T MIND THE BED SLATS ,BEING SAWED., THE ELECTRIC SHOCK ,WAS ONLY A MINOR SETBACK.,BUT BY,GOD[COMMA] I'M GOING TO KILL THE GUY WHO ,PUT NOVACAINE IN THE VASELINE![QUOTE] ,
A woman from Alabama[COMMA] who knew absolutely nothing about sex[COMMA] fell in, love with a man and agreed to marry him., The honeymoon went well and was great fun[COMMA] but as soon as she got home[COMMA], she went to see her doctor to question him on some of the new things, she'd seen.,[QUOTE]What can I help you with?'' he asked.,''Well first[COMMA] what is that thing between my husband's legs, called?'',''Ma'am[COMMA]'' he answered[COMMA] ''that there is called a penis.'',''I see[COMMA]'' she said.,''Now what is the big thing on the end of the penis, called?'',''Why that there is called the head of, the penis.'',''I do declare!'' exclaimed the young woman.,''One last question doctor[COMMA], what are those two big round things about 12 to 14 inches behind the, head of the penis?'',''I'm not sure about your husband[COMMA] ma'am[COMMA] but on me[COMMA], they're called the cheeks of my ass!'',
Willy[COMMA] a mental patient[COMMA] mimes driving a car as he runs through the halls of the asylum.,An orderly asks Willy what he's doing.,Willy replies[COMMA] [QUOTE]I'm going to Chicago for the weekend.[QUOTE],The orderly enters another patient's room and catches Bob pleasuring himself.,When asked what he is doing[COMMA] Bob replies[COMMA] [QUOTE]I'm screwing Willy's old lady while he's away in Chicago.[QUOTE],
A man goes to the doctor for a check up.,After the exam[COMMA] the doctor tells him[COMMA] [QUOTE]I have some bad news: You only have have about two weeks left to live.[QUOTE],The man is shocked and asks the doctor[COMMA] [QUOTE]Is there anything I can do to make the time that I have left more tolerable?[QUOTE] ,The doctor replies[COMMA] [QUOTE]There is one thing that you could do.[QUOTE],[QUOTE]Just name it -- I'll do whatever it is[COMMA][QUOTE] the man replies., The doctor advises the man to take,mud baths at least two or three times each day., The man asks[COMMA] [QUOTE]Will that help my condition?[QUOTE],The doctor answers[COMMA] [QUOTE]No[COMMA] but it will get you used to the dirt.[QUOTE] ,
A man goes to his doctor after losing a lot of weight.,[QUOTE]I feel great[COMMA] but I have a problem[COMMA] doctor.,I was so fat beforehand that my skin has stretched and stayed that long.,Is there anything you can give me?[QUOTE],[QUOTE]Hmm[COMMA] short of plastic surgery[COMMA] there is only one alternative.,Please take off your clothes.[QUOTE],The man strips down.,The doctor pulls all his skin upwards and ties it in a ball above his head.,[QUOTE]But doctor --,now my navel is in the middle of my forehead![QUOTE],[QUOTE]True[COMMA][QUOTE] replies the doctor[COMMA] [QUOTE]and you should see what you have for a collar and tie.[QUOTE],
Q:,What do puppies and gynecologists have in common?,A:,Wet noses.,
A guy says[COMMA] [QUOTE]Doctor[COMMA] Doctor!,Help me[COMMA] I keep thinking I'm getting smaller![QUOTE],Doctor replies[COMMA] [QUOTE]Well[COMMA] you'll just have to be a little patient.[QUOTE],
What's red and crawls up your leg?,A homesick abortion!,
What do a lawyer and a sperm have in common?, They both hope to be human someday.,
<oL>,<li>Pass My Shotgun,<li>Psychotic Mood Shift,<li>Perpetual Munching Spree,<li>Puffy Mid-Section,<li>People Make Me Sick,<li>Provide Me with Sweets,<li>Pardon My Sobbing,<li>Pimples May Surface,<li>Pass My Sweatpants,<li>Pissy Mood Syndrome,<li>Plainly[COMMA] Men Suck,<li>Pack My Stuff,</ol>,
You go to a Heavy D concert[COMMA] you will leave satisfied.,But you'll be leaving in five minutes because Heavy does two songs and he's tired.,
Brothers have no compassion on the basketball court.,Your neck could be broke in four different places[COMMA] brothers would be like[COMMA] 'Hey man[COMMA] we need a sub.,You want to move to the side -- this is point game.',
Q: What happens when lawyers take Viagra?,A: They grow taller.,
He said what he did was take all of his clothes off[COMMA] and he stood naked in front of the mirror.,I said[COMMA] 'That's a damn good diet.' I think I could lose weight[COMMA] too[COMMA] if I saw Barry White naked[COMMA] huh?,Like[COMMA] 'You hungry?' 'No man[COMMA] I just saw Barry White naked.,I don't want nothin'.',
An 80 year old man was having his annual checkup when the doctor asked how he was feeling.,''I've never been better!'' he boasted.,''I've got an 18 year old bride who's pregnant and having my child!,What do you think about that?'' ,The doctor considered this for a moment[COMMA] then said[COMMA] ''Let me tell you a story.,I knew a guy who was an avid hunter.,He never missed a season.,But one day he went out in a bit of a hurry and accidentally grabbed his umbrella instead of his gun.'' The doctor continued[COMMA] ''So he was in the woods and suddenly a grizzly bear appeared in front of him!,He raised up his umbrella[COMMA] pointed it at the bear and squeezed the handle.,And do you know what happened?'' the doctor queried.,Dumbfounded[COMMA] the old man replied[COMMA] ''No[COMMA] what?'' ,The doctor continued[COMMA] ''The bear dropped dead in front of him.'' ,''That's impossible!'' exclaimed the old man.,''Someone else must of shot the bear.'' ,''That's kind of what I'm getting at[COMMA]'' replied the doctor.,
Q: Why did the city build a graveyard across the street from the retirement home?,A: So all the old people can see there futures!,
Q:,Why can't skeletons play music in church?,A:,Because they've got no organs.,
A man phones his wife's doctor and says[COMMA] [QUOTE]My wife is pregnant[COMMA] and her contractions are only two minutes apart![QUOTE],[QUOTE]Is this her first child?[QUOTE] the doctor asks.,[QUOTE]No[COMMA] you idiot![QUOTE] the man shouts.,[QUOTE]This is her husband![QUOTE] ,
Twenty feet below sea level[COMMA] a diver notices another guy at the same depth with no scuba gear.,The diver goes down another 10 feet[COMMA] and the guy joins him a minute later.,The diver goes below 15 more feet[COMMA] and a minute later[COMMA] the same guy joins him.,The diver takes out a waterproof pad and pencil and writes[COMMA] [QUOTE]How are you able to stay this deep without equipment?[QUOTE],The guy takes the pencil and pad and writes[COMMA] [QUOTE]I'm drowning[COMMA] you moron![QUOTE] ,
When she was like 17 or 18 years old[COMMA] she won a beauty contest back in Pennsylvania.,She ran like three miles a day; she jogged; she swam six[COMMA] seven miles a day.,She was in really good shape[COMMA] and she won a beauty contest.,She was a good-looking woman.,Now[COMMA] she's 93 years old and really let herself go.,
I would like to see a woman dentist[COMMA] says the man to the dental receptionist.,[QUOTE]Why?[QUOTE] asks the receptionist.,[QUOTE]I'd like to hear a woman say 'open your mouth[COMMA]' instead of 'shut up.'[QUOTE],
A man lying on a stretcher in the emergency room asks the doctor if he'll be okay.,The doctor turns to him and says[COMMA] [QUOTE]Well[COMMA] there is good and bad news.[QUOTE],[QUOTE]Tell me the bad news[QUOTE] says the man.,[QUOTE]Well[COMMA][QUOTE] says the doctor[COMMA] [QUOTE]the bad news is that we are going to half to cut both your legs off.[QUOTE],[QUOTE]Oh my God[COMMA][QUOTE] cries the man[COMMA] [QUOTE]what the hell is the good news?[QUOTE],[QUOTE]The good news is[COMMA][QUOTE] replies the doctor[COMMA] [QUOTE]see that man over there?,He wants to buy your shoes.[QUOTE],
Q: How does a crazy person travel through the woods?,A: They take the psychopath.,
A deacon is in the hospital and his good friend[COMMA] a preacher[COMMA] goes to visit him.,The preacher notices all the medical equipment attached to the deacon.,He kneels by the bed.,The deacon motions to a pad and pen on the nightstand.,The preacher hands his friend the pad and pen[COMMA] and the deacon begins to write.,Suddenly[COMMA] the deacon dies.,At his funeral[COMMA] the preacher delivers the service.,He says[COMMA] [QUOTE]I was with him when he died[COMMA] and as a matter of fact[COMMA] I have his last thought in my coat pocket here.[QUOTE],The preacher pulls out the paper and reads[COMMA] [QUOTE]Please[COMMA] get up.,You're kneeling on my oxygen hose.[QUOTE],
If I've invested precious time and energy in a relationship[COMMA] and I've been honest and open[COMMA] hanging and coping[COMMA] true blue[COMMA] a good screw[COMMA] to some fly guy who's out constantly getting high[COMMA] then I'm dumped -- suicide is not one of my thoughts.,I'm thinking maybe homicide.,
Q: What do you call a 900-pound woman with a yeast infection?,A: A whopper with cheese.,
What do you get when you cross Billy Ray Cyrus with a yeast infection?,An itchy[COMMA] twitchy twat!,
What's green and yellow and eats nuts?,Gonorrhea.,
Yo' Mama is so fat[COMMA] when she was diagnosed with a flesh-eating disease[COMMA] the doctor gave her 18 years to live.,
Yo' Mama's teeth are so yellow[COMMA] I can't believe it's not butter.,
Yo' Mama is so fat[COMMA] she's gotta call the fire department when her hemorrhoids get inflamed.,
Jack tells his doctor how he can no longer sustain an erection.,After a complete examination the doctor tells Jack[COMMA] [QUOTE]The problem is that the muscles,around the base of your penis are damaged.,There's really nothing I can do unless you're willing to try an experimental treatment.,We would take the muscles from the trunk of a baby elephant and implant them in your penis.[QUOTE],The thought of going through life without ever having sex again was too much for Jack[COMMA] so he agreed to try the treatment., A few weeks after the operation[COMMA] Jack was given the green light to try out his new equipment., He planned a romantic evening for his girlfriend and took her to one of the nicest restaurants in the city.,During dinner he felt a pain building in his groin.,To release the pressure[COMMA] Jack unzipped his fly., His penis immediately sprang from his fly[COMMA] went to the top of the table[COMMA] grabbed a roll[COMMA] and then returned to his pants.,His girlfriend was stunned at first but then said with a sly smile[COMMA] [QUOTE]That was incredible!,Can you do it again?[QUOTE],''I can try[COMMA][QUOTE] said Jack[COMMA] [QUOTE]but I don't think my ass can take another roll.[QUOTE],
A woman went to the doctor's and complained of being really sore.,[QUOTE]Do you have any idea why?[QUOTE],[QUOTE]Well[COMMA] I had sex with an elephant![QUOTE],[QUOTE]You did?,But elephants are known to have small penises![QUOTE],[QUOTE]Yeah[COMMA] but he fingered me first.[QUOTE],
One day a man took his wife to the doctor and says[COMMA] [QUOTE]All she likes to do is do it.,Can you help her?[QUOTE],The doctor replies[COMMA] [QUOTE]Come back in an hour.[QUOTE] The man leaves so the doctor can perform his treatment.,One hour later the man returns to discover the doctor having sex with his wife.,The man says[COMMA] [QUOTE]What are you doing?!?[QUOTE] ,The doctor says[COMMA] [QUOTE]Taking her temperture.[QUOTE],The man replies[COMMA] [QUOTE]When you pull that thing out it better have some numbers on it![QUOTE],
What do you call an abortion in Czechslovakia?,A cancelled Czech!,
A few days before his proctological exam[COMMA] a one eyed man accidentally ,swallowed his glass eye.,He was worried for a while[COMMA] but there were no,ill effects[COMMA] so he forgot about it.,Once he was in the doctor's office[COMMA] the man followed instructions[COMMA] ,undressed[COMMA] and bent over.,The first thing the proctologist saw when he ,looked up the man's arse was that eye staring right back at him.,[QUOTE]You know[COMMA] [QUOTE] said the doctor[COMMA] [QUOTE]you really have to learn to trust me.[QUOTE],
A man went to see his doctor.,[QUOTE]You need to stop masturbating[COMMA][QUOTE] the doctor told him.,The man asked[COMMA] [QUOTE]Why?[QUOTE],The doctor replied[COMMA] [QUOTE]Because I'm trying to examine you![QUOTE] ,
Reverend Smith visits Mrs.,Jenkins[COMMA] one of the elder parishioners in his church.,Reverend Smith notices that on top of Mrs.,Jenkins' organ sits a bowl which contains a condom floating in water.,Befuddled[COMMA] Reverend Smith asks her to explain this.,[QUOTE]Oh[COMMA] Reverend Smith[COMMA][QUOTE] she replies[COMMA] [QUOTE]I found that lying on the street corner[COMMA] and the package said that if you put it on your organ and keep it wet that it will prevent disease.,Frankly[COMMA] I haven't been sick all year.[QUOTE],
Two men are sharing a hospital room.,[QUOTE]What are you in for?[QUOTE] the first man asks.,[QUOTE]I'm getting a circumcision[COMMA][QUOTE] his roommate replies.,[QUOTE]Damn[COMMA][QUOTE] exclaims the first man.,[QUOTE]I had that done when I was born[COMMA] and I couldn't walk for a year.[QUOTE] ,
Q: How many psychiatrists does it take to screw in a light bulb?,A: One[COMMA] but it takes five sessions.,
-- You lose arguments with inanimate objects.,-- You have to hold on to the lawn to keep from falling off the Earth.,-- Your job starts to interfere with your drinking.,-- Your doctor finds traces of blood in your alcohol stream.,-- You fall off the floor.,--That damn pink elephant followed you home again.,--You have a reserved parking space at the liquor store.,--Your career won't progress beyond Senator of Massachusetts.,
I hope you know CPR[COMMA] 'cause you're taking my breath away!,And that's saying something[COMMA] 'cause I'm a zombie.,
Pardon me[COMMA] I think I may have dropped something.,Oh[COMMA] it was my jaw.,And damn[COMMA] there goes the rest of my face!,
If you were a tear in my eye[COMMA] I wouldn't cry[COMMA] out of fear I'd lose you.,Or that you would get stuck in one of my open sores.,
Did the sun come out[COMMA] or did you just smile at me?,'Cause if the sun came out[COMMA] it's really gonna irritate my sores.,