Q: Why did the belt get locked up?,A: He held up a pair of pants.,
Q: Why did the blonde become a big basketball fan?,A: Because every time they stopped the clock[COMMA] she thought that she had stopped aging.,
If I said you had a pronounced sloping brow[COMMA] would you hold it against me?,
If I said you had a beautiful body[COMMA] would you hold it against me?,
Satan appeared before a small town congregation.,Everyone started screaming and running for the front church door[COMMA] trampling each other in a frantic effort to get away.,Soon everyone was gone except for an elderly gentleman who sat calmly., Satan walked up to him and said[COMMA] [QUOTE]Don't you know who I am?[QUOTE],The man replied[COMMA] [QUOTE]Yep[COMMA] sure do.[QUOTE],Satan asked[COMMA] [QUOTE]Aren't you going to run?[QUOTE],[QUOTE]Nope[COMMA] sure ain't[COMMA][QUOTE] said the man.,Satan asked[COMMA] [QUOTE]Why aren't you afraid of me?[QUOTE],The man replied[COMMA] [QUOTE]Been married to your sister for over 48 years.[QUOTE] ,
A newlywed couple on their honeymoon prepares to see each other naked for the first time.,The husband exposes his knotted and twisted feet.,He explains[COMMA] [QUOTE]I had tolio as a child.[QUOTE],The wife asks if he means polio.,He says[COMMA] [QUOTE]No[COMMA] it only affects the toes.[QUOTE],He removes his pants and reveals deformed knees.,He admits[COMMA] [QUOTE]I had kneesles[COMMA] too.[QUOTE],Finally[COMMA] he pulls off his boxers.,In shock[COMMA] the woman gasps[COMMA] [QUOTE]Oh no -- smallcox[COMMA] too![QUOTE] ,
An 80-year-old man comes home and finds his 80-year-old wife doing a handstand[COMMA] naked[COMMA] against a wall., He asks[COMMA] [QUOTE]What are you doing?[QUOTE],She responds[COMMA] [QUOTE]I know you can't get it up[COMMA] but maybe you can drop in.[QUOTE] ,
After an elderly couple starts getting forgetful[COMMA] they visit their doctor.,Their doctor tells them that many people find it useful to write themselves little notes.,When they get home[COMMA] the wife says[COMMA] [QUOTE]Dear[COMMA] will you please go to the kitchen and get me a dish of ice cream?,And maybe write that down so you won't forget?[QUOTE],[QUOTE]Nonsense[COMMA][QUOTE] says the husband.,[QUOTE]I can remember a dish of ice cream.[QUOTE],[QUOTE]Well[COMMA] I'd also like some strawberries and whipped cream on it[COMMA][QUOTE] the wife replies.,[QUOTE]My memory's not all that bad[COMMA][QUOTE] says the husband.,[QUOTE]No problem -- a dish of ice cream with strawberries and whipped cream.,I don't need to write it down.[QUOTE],He goes into the kitchen[COMMA] and his wife hears pots and pans banging., The husband finally emerges from the kitchen and presents his wife with a plate of bacon and eggs.,She looks at the plate and asks[COMMA] [QUOTE]Hey[COMMA] where's the toast I asked for?[QUOTE] ,
My nickname is Bones...,and not because I'm a doctor.,
Your bra size looks like it's the same as my favorite computer language[COMMA] C++.,
Q: What's that wrinkly thing on Grandma?,A: Grandpa.,
An old man finds a condom in his grandson's apartment and asks what it is.,[QUOTE]It's a condom[COMMA][QUOTE] replies the grandson[COMMA] sheepishly.,[QUOTE]What do you use it for?[QUOTE] asks Grandpa.,The grandson is embarrassed[COMMA] so he says[COMMA] [QUOTE]I use it to keep my cigarettes dry when I smoke in the rain.[QUOTE],Grandpa says[COMMA] [QUOTE]That's a great idea.[QUOTE] He goes to the drug store and asks the pharmacist for a condom.,[QUOTE]What size would you like?[QUOTE] asks the pharmacist.,[QUOTE]Big enough to fit a Camel.[QUOTE],
An old lady goes to the doctor and says[COMMA] [QUOTE]I have this problem with frequent gas.,Fortunately[COMMA] the farts never smell and are always silent.,As a matter of fact[COMMA] I've farted at least 10 times since I've been here[COMMA] and I bet you didn't even notice![QUOTE],The doctor says[COMMA] [QUOTE]I see.,Take these pills and come back next week.[QUOTE],The next week the old lady returns.,[QUOTE]Doctor[COMMA][QUOTE] she says[COMMA] [QUOTE]I don't know what the hell you gave me[COMMA] but now my silent farts stink like the dickens.[QUOTE],The doctor says[COMMA] [QUOTE]Good!,Now that we've cleared up your sinuses[COMMA] let's work on your hearing.[QUOTE] ,
Wow[COMMA] your t-shirt is even more ironic than mine!,
Haven't I seen that ironic t-shirt somewhere before?,
Seriously[COMMA] this is what I really look like when I roll out of bed.,
An old couple celebrates their 50th wedding anniversary in their home.,[QUOTE]Just think[COMMA][QUOTE] the old man says[COMMA] [QUOTE]we were sitting here at this same breakfast table[COMMA] naked as jaybirds[COMMA] 50 years ago.[QUOTE],[QUOTE]Well[COMMA][QUOTE] the old lady snickers[COMMA] [QUOTE]what do you say -- should we get naked?[QUOTE],The two immediately strip to the buff and sit back down at the table.,[QUOTE]You know[COMMA] honey[COMMA][QUOTE] the little old lady says slyly[COMMA] [QUOTE]My breasts burn for you now as they did 50 years ago.[QUOTE],[QUOTE]I'm not surprised[COMMA][QUOTE] replies the old man.,[QUOTE]One's in your coffee and the other is in your oatmeal![QUOTE],
An old man enters a confessional and proudly exclaims[COMMA] [QUOTE]Father[COMMA] I have to tell you what happened to me last night., I'm 90 years old[COMMA] and I made love to two 18-year-old women for eight hours![QUOTE],The stern priest replies[COMMA] [QUOTE]That is a sin.,I will have to give you a penance.[QUOTE],[QUOTE]Father[COMMA] you can't give me a penance.[QUOTE],[QUOTE]Why not?[QUOTE],[QUOTE]Because I'm Jewish.[QUOTE],The perplexed Father asks[COMMA] [QUOTE]Then why are you telling me?[QUOTE],[QUOTE]I'm telling everyone![QUOTE],
Cats are cool because you don't have to buy them.,You see them on the street[COMMA] take them home -- they're yours.,You ain't never seen a cat being bought out of a pet store.,They just sit in the pet store.,They're under there like[COMMA] 'Meow[COMMA]' and you be looking at them like[COMMA] 'Oh they're so cute.,Let's go find one like that.',
Two old people flirt at a seniors' singles bar.,After a few drinks[COMMA] the old man asks the old woman[COMMA] [QUOTE]If I took you out for a full night of wining[COMMA] dining and dancing[COMMA] what would you wear?[QUOTE],The old woman replies shyly[COMMA] [QUOTE]Depends...,.[QUOTE],[QUOTE]Depends on what?[QUOTE] he asks.,[QUOTE]On my bottom -- where else?![QUOTE],
A woman asks the pharmacist if he sells extra-large condoms.,The pharmacist replies[COMMA] [QUOTE]Yes[COMMA] would you like to buy some?[QUOTE],The woman says[COMMA] [QUOTE]No[COMMA] but do you mind if I stand here and wait to see if anyone buys a box?[QUOTE] ,
A lot of people think I look like Alec Baldwin.,They don't actually tell me that[COMMA] but I'm pretty sure that's what they're thinking.,
Q: Why do blondes wear green lipstick?,A: Because red means stop.,
An old lady approaches a police station and observes three women in hand cuffs waiting to go in.,The old lady asks one of the women[COMMA] [QUOTE]Why are you in line?[QUOTE],The woman looks at the other prostitutes[COMMA] winks and says[COMMA] [QUOTE]We're waiting in line for a free lollipop.[QUOTE],So the old lady gets in line for her free lollipop.,The chief of police comes out to take the girls in and notices the old lady in line.,Shocked[COMMA] he says to the old lady[COMMA] [QUOTE]'You should be ashamed of yourself![QUOTE],[QUOTE]Let me tell you something[COMMA] sonny[COMMA][QUOTE] the old lady replies[COMMA] [QUOTE]as long as they keep making them[COMMA] I will keep sucking them![QUOTE],
When you were in the gang <i>then</i>[COMMA] you just had to look cool[COMMA] just walk around and look like you were tough.,Someone started talking about fighting -- 'No[COMMA] man[COMMA] I've got to go home.',
A black man start losing his hair[COMMA] what'd he do?,Just cut it all off -- pow!,-- Montel Williams in the house!,White man start losing his hair[COMMA] what'd he do?,Take the hair from the side and fold it over the top.,Black man ain't going out like that.,
That sport jacket totally matches your sneakers.,
Q: What has 40 teeth and holds back a monster?,A: My zipper.,
What do mopeds and fat ladies have in common?,They're both a great ride until someone sees you on one.,
A horse and a chicken are playing in a meadow.,The horse falls into a mud hole and starts to sink.,He entreats the chicken to get the farmer to help pull him to safety.,The chicken runs to the farm[COMMA] but the farmer can't be found.,So[COMMA] he drives the farmer's Mercedes back to the mud hole[COMMA] ties some rope around the bumper and pulls the horse to safety.,A few days later[COMMA] the chicken and the horse are playing in the meadow again[COMMA] and the chicken falls into a mud hole.,The chicken yells to the horse to get help from the farmer.,The horse says[COMMA] [QUOTE]Wait[COMMA] I think I can stand over the hole![QUOTE] So[COMMA] he stretches over the width of the hole and says[COMMA] [QUOTE]Grab my penis and pull yourself up.[QUOTE] The chicken does and pulls himself to safety.,The moral of the story: if you are hung like a horse[COMMA] you don't need a Mercedes to pick up chicks.,
Q: What did the elephant say to the naked man?,A: [QUOTE]It's nice[COMMA] but can it pick up peanuts?[QUOTE] ,
Q: What are they doing about the mysterious hole discovered at the Carefree Nudist Camp?,A: Nothing -- the police won't look into it.,
How do you get a Michigan girl into an elevator?,Grease her hips[COMMA] and throw in a Twinkie.,
A guy goes to the psychiatrist wearing shorts made of clear plastic wrap.,The psychiatrist says[COMMA] [QUOTE]Well[COMMA] I can clearly see you're nuts.[QUOTE],
A family brings their elderly mother to a nursing home.,While sitting in her new room[COMMA] she slowly starts to lean over sideways in her chair.,Two attentive nurses immediately straighten her up.,After a while[COMMA] she starts to tilt to the other side.,The nurses rush back to put her upright.,This goes on all morning.,Later[COMMA] the family arrives and asks[COMMA] [QUOTE]Are they treating you all right?[QUOTE] She replies[COMMA] [QUOTE]It's pretty nice -- except they won't let you fart.[QUOTE] ,
An old couple prepares to go to sleep.,The man gets in bed[COMMA] but the woman lies down on the floor.,The old man asks[COMMA] [QUOTE]Why are you on the floor?[QUOTE] ,The old woman replies[COMMA] [QUOTE]Because I want to feel something hard for a change.[QUOTE] ,
I was actually thinking about getting penal enlargement surgery -- thought I'd share that with everybody.,But the surgery is dangerous[COMMA] and it's really expensive.,But I found this great[COMMA] safe alternative to penal enlargement surgery: the metric system.,
If you were a phaser[COMMA] you'd be set on [QUOTE]stunning.[QUOTE],
Nice rags.,Haven't I seen you rooting around the same pile before?,
You ever accidentally go up to a real big fat person[COMMA] and you accidentally ask them for a good place to eat?,And they look at you and say they don't know.,And you're looking at them[COMMA] like[COMMA] 'You do know.,I bet if I follow you for an hour[COMMA] we gonna be eatin'.,'.,
Q: How do you make five pounds of fat look good to a man?,A: Put a nipple on it.,
A college math professor and his wife are both 60 years old.,One evening the wife comes home and finds a note from her husband that says[COMMA] [QUOTE]My dear[COMMA] now that you are 60 years old[COMMA] there are some things you no longer do for me.,I am at the Holiday Inn with my 20-year-old student.,Don't bother waiting up for me.[QUOTE],He returns home late that night to find a note from his wife: [QUOTE]You[COMMA] my dear[COMMA] are also 60 years old and there are also things I need that you're not giving me.,So I am at the Motel 6 with one of your 20-year-old students.,Being a math professor[COMMA] I'm sure you know that 20 goes into 60 way more than 60 goes into 20.,So[COMMA] don't you wait up for me.[QUOTE] ,
An old woman buys herself some bright red crotchless panties and goes home to surprise her husband.,When her husband comes home[COMMA] she calls him into the bedroom and points to her new panties.,[QUOTE]Hey old timer[COMMA][QUOTE] she says[COMMA] [QUOTE]come and get some of this![QUOTE],The old man says[COMMA] [QUOTE]Hell no[COMMA] woman.,It done ate a hole in your drawers![QUOTE],
What with all the cotton black people picked during slavery[COMMA] seems like we should be able to walk in the mall[COMMA] and anything that's 100% cotton[COMMA] we ought to get for free.,
You are so beautiful you give the sun reason to shine.,Of course[COMMA] the sun shines by burning hydrogen into helium in its core.,
A punk rocker with acute appendicitis needs immediate surgery.,As the nurse preps the punk rocker[COMMA] she finds that her pubic hair is dyed green with a tattoo above[COMMA] reading [QUOTE]Keep off the grass.[QUOTE],After the operation[COMMA] the punk rocker wakes up to find a small note taped to her belly: [QUOTE]Sorry -- had to mow the lawn.[QUOTE],
Q: What do Roseanne Barr and a battleship have in common?,A: They both need three tugs to get into their slips.,
You may be a square[COMMA] baby[COMMA] but you're round in all the right places.,
That flannel makes you look particularly undernourished in this garage light.,
An old man and his wife went to the doctor's office.,The doctor asked the man for a blood[COMMA] urine and feces sample.,The man was slightly deaf and said[COMMA] [QUOTE]What?[QUOTE],The doctor said[COMMA] [QUOTE]I need a blood[COMMA] urine and feces sample.[QUOTE],The man still looked puzzled[COMMA] so his wife leaned over and yelled into his ear[COMMA] [QUOTE]Sheldon[COMMA] the doctor needs a pair of your underwear.[QUOTE],
Mr.,Johnson's wife of 50 years suggested they take a cruise: [QUOTE]We could go somewhere for a week[COMMA] and make wild love like we did when we were young.[QUOTE] He thought it over and agreed.,He went to the pharmacy and bought a bottle of seasick pills and a tube of lubricant.,Upon returning home[COMMA] his wife said [QUOTE]I've been thinking[COMMA] there's no reason we can't go for a month.[QUOTE],Mr.,Johnson went back to the pharmacy and asked for 12 bottles of seasick pills and a tube of lubricant.,When he returned his wife said[COMMA] [QUOTE]Since the children are on their own[COMMA] what's stopping us from cruising the world?[QUOTE],He went back and bought 200 bottles of seasick pills and more tubes of lubricant.,The pharmacist finally had to ask: [QUOTE]You know[COMMA] Mr.,Johnson[COMMA] I don't mean to pry[COMMA] but if it makes you that sick[COMMA] why the hell do you do it?[QUOTE],
Q: Did you hear why Rosie O'Donnell got arrested?,A: Airport security lifted up her dress and found 200 pounds of crack.,
A young man got a new job running the register at a store.,The old store owner said he would teach him how to up-sell.,[QUOTE]Watch how I do it[COMMA][QUOTE] he said to the new hire.,As a customer put a bag of grass seed on the counter[COMMA] the old-timer said to him[COMMA] [QUOTE]When you plant those seeds and the grass starts growing[COMMA] you're going to need a new lawnmower to cut the grass.[QUOTE],[QUOTE]You know[COMMA][QUOTE] said the man[COMMA] [QUOTE]I do need a new mower.,Sure[COMMA] I'll take one.[QUOTE],After the customer left[COMMA] the new kid said[COMMA] [QUOTE]I think I see what you mean.,Let me handle this next one.[QUOTE],A customer stepped up to the counter and set down a box of tampons.,The young salesman said[COMMA] [QUOTE]You know[COMMA] you should get you a new lawnmower to go with that.[QUOTE],The man asked the young salesman[COMMA] [QUOTE]What are you talking about?[QUOTE],[QUOTE]It looks like your weekend's shot so you might as well cut the grass.[QUOTE],
A woman wants a facelift and her surgeon tells her about a new procedure.,[QUOTE]We put a dial in the back of your head and when your skin starts to sag you simply turn the knob.[QUOTE],[QUOTE]That sounds good[COMMA][QUOTE] she says.,Two years later[COMMA] she goes back and tells the surgeon that the dial is giving her bags under her eyes.,[QUOTE]I'm sorry[COMMA][QUOTE] replies the surgeon[COMMA] [QUOTE]but those aren't bags -- those are your tits.[QUOTE],[QUOTE]Oh[COMMA][QUOTE] says the woman[COMMA] [QUOTE]well that explains the goatee.[QUOTE],
Two eggs were kissing on a bed when the female egg said[COMMA] [QUOTE]I have to go change.,I'll be back in a minute.[QUOTE],Five minutes later[COMMA] the the female egg walked out in a slinky 'egg'lige[COMMA] rubbing her hands up and down her smooth[COMMA] oval-shaped body.,Instantly[COMMA] the male egg slapped his hands on the top of his head[COMMA] covering it completely.,[QUOTE]What are you doing?[COMMA][QUOTE] the female egg asked.,He replied[COMMA] [QUOTE]The last time I was this hard[COMMA] someone cracked me on the head with a spoon.[QUOTE],
Q: Why should lumberjacks shave their legs?,A: So you can tell them apart from feminists.,
Q: What do you get when you cross a sheep and a kangaroo?,A: A sweater with big pockets.,
Gee[COMMA] that shirt is very becoming on you.,Of course[COMMA] if I were on you[COMMA] I'd be coming[COMMA] too.,
Ladies[COMMA] they call this a 'half shirt' for a reason: only half of y'all are supposed to wear this.,
A man and his wife shower together.,The husband puts his hand on her breast and says[COMMA] [QUOTE]These are nice[COMMA] but if they were a bit firmer you could walk around without a bra for me.[QUOTE],Then the husband pats her butt and says[COMMA] [QUOTE]This is nice[COMMA] but if it was a bit firmer[COMMA] you could walk around without panties for me.[QUOTE],The wife turns around to her husband[COMMA] grabs his groin and says[COMMA] [QUOTE]This is nice[COMMA] but if it was a little bigger[COMMA] I wouldn't need your brother.[QUOTE],
Do you believe in love at first sight or should I walk by again?,
An elderly woman entered a large furniture store and was greeted by a salesman.,[QUOTE]Is there something in particular I can show you?[QUOTE] he asked.,[QUOTE]Yes[COMMA] I want to buy a sexual sofa.[QUOTE],[QUOTE]You mean a <i>sectional</i> sofa[COMMA][QUOTE] he suggested.,[QUOTE]Sectional[COMMA] schmectional.,All I want is an occasional piece in the living room.[QUOTE],
A man notices his grandpa sitting on his front porch[COMMA] completely naked from the waist down.,[QUOTE]Grandpa[COMMA] why are you sitting out here without pants?[QUOTE] he exclaims.,The old man says[COMMA] [QUOTE]Well[COMMA] last week I sat out here with no shirt on and got a stiff neck.,This was your Grandma's idea![QUOTE],
Q: Why did the perv go into Victoria's Secret?,A: The panties were half off.,
Q: What do you get when you cross a stripper with a model?,A: A boner.,
A bodybuilder was admiring his body in the mirror when he noticed he was suntanned everywhere but his penis.,So[COMMA] he went to the beach[COMMA] naked[COMMA] and buried himself in the sand with only his penis sticking out.,Two elderly ladies walked by and saw this penis sticking out of the sand.,One of them moved it around with her cane.,She said to her friend[COMMA] [QUOTE]There isn't any justice in this world.[QUOTE],Her friend asked her what she meant.,[QUOTE]When I was 20[COMMA] I was curious about it.,When I was 30[COMMA] I enjoyed it.,When I was 40[COMMA] I demanded it.,When I was 50[COMMA] I paid for it.,When I was 60[COMMA] I prayed for it.,When I was 70[COMMA] I forgot about it.,And now that I'm 80[COMMA] the damn things are growing wild[COMMA] and I'm too old to squat.[QUOTE],
Two cowboys lean against the rail at their favorite bar and rate women as they go by.,A beautiful brunette passes.,The first cowboy says[COMMA] [QUOTE]I'll give her a 3.[QUOTE] The other cowboy nods.,Next[COMMA] a hot redhead walks by.,The second cowboy looks her up and down and says to the first cowboy[COMMA] [QUOTE]Well[COMMA] I think that one must be a 4.[QUOTE] The first cowboy nods.,Finally[COMMA] a drop-dead gorgeous blonde approaches.,The cowboys straighten up and tip their hats back a little for a better look.,The first cowboy smiles real wide and says[COMMA] [QUOTE]Damn!,That one has GOT to be a 6.[QUOTE] The second cowboy nods.,Overhearing this[COMMA] the woman turns around sharply and looks the first cowboy in the eye[COMMA] [QUOTE]I'll have you know[COMMA] I've been rated far higher than that by far better men than YOU.[QUOTE],And the second cowboy says[COMMA] [QUOTE]But[COMMA] ma'am[COMMA] you don't understand -- we use a different kind a rating system.,We use the equestrian method.[QUOTE],Taken aback[COMMA] she asks[COMMA] [QUOTE]What the hell is the equestrian method?[QUOTE],The first cowboy smiles and says slowly[COMMA] [QUOTE]Well ma'am[COMMA] that's how many Clydesdales it would take to pull you off my face.[QUOTE],
Q: How do you know that Keira Knightley doesn't exist?,A: Because the camera adds 10 pounds.,
This was a really[COMMA] really big year for me.,I got to go home for Thanksgiving and sit at the adults' table.,That's 'cause[COMMA] you know[COMMA] somebody had to die for me to move up a plate.,
An old woman says to an old man at the rest home[COMMA] [QUOTE]I can guess your age.[QUOTE],The man doesn't believe her[COMMA] but tells her to go ahead and try.,[QUOTE]Pull down your pants[COMMA][QUOTE] she says.,She inspects his rear end for a few minutes and then says[COMMA] [QUOTE]You're 84 years old.[QUOTE],[QUOTE]That's amazing[COMMA][QUOTE] the man says.,[QUOTE]How did you know?[QUOTE],[QUOTE]You told me yesterday.[QUOTE],
A grandson runs up to his grandfather and asks him if he can talk like a frog.,[QUOTE]Of course not[COMMA][QUOTE] says the grandfather.,A few minutes later[COMMA] his granddaughter asks him the same question.,[QUOTE]No[COMMA] of course not.,Why are you both asking me this?[QUOTE],The granddaughter replies[COMMA] [QUOTE]Dad said that when you croak[COMMA] we can go to Disneyland.[QUOTE] ,
A man walks into a pharmacy and tells the salesgirl that he's looking for a box of tampons for his wife.,She directs him to the correct aisle.,A few minutes later[COMMA] he deposits a huge bag of cotton balls on the counter.,She says[COMMA] confused[COMMA] [QUOTE]Sir[COMMA] I thought you were looking for tampons for your wife?[QUOTE],[QUOTE]You see[COMMA] it's like this.,Yesterday[COMMA] I sent my wife to the store to get me a carton of cigarettes[COMMA] and she came home with a tin of tobacco and some rolling paper.,So[COMMA] I figure[COMMA] if I have to roll my own[COMMA] so does she.[QUOTE],
Can you help me pick out a design for my next tattoo?,
You must be from Tennessee 'cause you're the only ten I see!,
-- Let's watch Lifetime.,-- Sex is overrated.,-- I don't want to go too far on the first date.,-- Yes[COMMA] your sister does have bigger breasts than you.,-- Don't we owe your mother a visit?,-- I'm relieved I don't have a large penis weighing me down.,-- Dessert goes right to my hips.,-- I hate when I miss Oprah.,-- Does this suit make me look fat?,-- I'll never get tired of listening to Dido.,
One Sunday[COMMA] a pastor asked his congregation to consider giving a little extra in the offering plate.,He said that whoever gave the most would be able to pick out three hymns.,After the offering plates were passed[COMMA] the pastor noticed that someone had contributed a $100 bill.,Extremely grateful[COMMA] he wanted to personally thank the generous person before the whole congregation.,A quiet[COMMA] elderly widow shyly raised her hand.,The pastor asked her to come to the front.,Slowly she made her way to the pastor.,He told her how wonderful it was that she gave so much and asked her to pick out three hymns.,Her eyes brightened as she pointed to the three handsomest men in the congregation: [QUOTE]I'll take him and him and him.[QUOTE],
Between 16 and 32: Tri-weekly,Between 33 and 52: Try weekly,52 and up: Try weakly,
A guy gets stopped by the bouncer at a nightclub.,[QUOTE]You have to wear a tie[COMMA][QUOTE] the bouncer tells him.,The guy goes back to his car and finds a set of jumper cables[COMMA] ties them around his neck and goes back to the club.,The bouncer lets him in but warns[COMMA] [QUOTE]I'll be watching[COMMA] so you better not start anything![QUOTE] ,
A self-conscious wife asks her husband[COMMA] [QUOTE]Honey[COMMA] are my boobs too small?[QUOTE],[QUOTE]No[COMMA] honey[COMMA] they're fine[COMMA] but if you want to make them bigger[COMMA] why don't you rub toilet paper between them?[QUOTE] he suggests.,For the next couple of weeks[COMMA] the wife rubs toilet paper between her boobs several times a day[COMMA] but sees no results.,[QUOTE]Honey[COMMA] where did you get the idea that this toilet paper thing would work?[QUOTE],[QUOTE]Well[COMMA] you've been rubbing toilet paper on your ass all these years and that's getting bigger.[QUOTE],
While grocery shopping[COMMA] a single man comes across toilet brushes.,[QUOTE]Wow!,What a great idea[COMMA][QUOTE] he thinks to himself and buys three of them.,Two weeks later[COMMA] however[COMMA] he goes back to using toilet paper.,
Q: Did you hear about the dead lawyer who was too big to fit in a coffin?,A: They gave him an enema and buried him in a shoebox.,
A hunter saves an Indian chief being chased by a grizzly bear in the woods.,The chief invites the hunter back to his camp to celebrate and reward the hunter for saving his life.,At the celebration[COMMA] the Indian chief says to the hunter[COMMA] [QUOTE]I have a special surprise for you: 500 of my prettiest Indian maidens.,You look at all of them and choose one.,She will be your wife.[QUOTE],The chief clapped his hands and 500 young[COMMA] beautiful Indian maidens appeared[COMMA] topless[COMMA] before them.,With closer inspection[COMMA] the hunter notices that none of them have nipples on their breasts.,[QUOTE]Why don't these maidens have nipples on their breasts?[QUOTE] he asks the chief.,The chief turns to the hunter with surprise:[QUOTE]What -- you've never heard of the Indian Nipple-less 500?[QUOTE],
At a rally John McCain was asked if he wore boxers or briefs.,He replied[COMMA] [QUOTE]Depends.[QUOTE],
An elderly couple sets sail on a romantic cruise.,Unfortunately[COMMA] as the ship leaves the dock[COMMA] the wife's hearing aid falls out and rolls overboard.,Then[COMMA] the old couple find bunk beds in their suite.,The husband sourly thinks[COMMA] [QUOTE]Damn!,She can't hear a thing AND no sex for a week![QUOTE],That night[COMMA] the husband taps his wife on the shoulder and asks[COMMA] [QUOTE]Up or down?[QUOTE],She immediately throws him on the bed and makes love to him.,Night after night[COMMA] she repeats this behavior every time he asks [QUOTE]up or down?[QUOTE],When they get home[COMMA] the husband goes out shopping for bunk beds to keep things spicy.,The wife returns with her new hearing aid and finds the bunk beds in the bedroom.,[QUOTE]What in the hell did you get bunk beds for?[QUOTE],[QUOTE]Every night I asked you 'up or down[COMMA]' you made wild passionate love to me.,I thought they turned you on.[QUOTE],[QUOTE]Is that what you were saying?,I thought you were asking 'f**k or drown!'[QUOTE],
Q: What happened to the man who swallowed his Viagra too slowly?,A: He got a stiff neck.,
Q: What do you get when you mix Rogaine and Viagra?,A: Hair that stands straight up on your head.,
Q: What do you get when you mix chocolate and Viagra?,A: Oooh -- Henry!,
An elderly woman goes to the doctor for a checkup.,She says[COMMA] [QUOTE]Doctor[COMMA] I haven't had sex for years now[COMMA] and I was wondering how I can increase my husband's sex drive.[QUOTE],The doctor asks[COMMA] [QUOTE]Have you tried to give him Viagra?[QUOTE],The lady frowns.,[QUOTE]Doctor[COMMA] I can't even get him to take aspirin when he has a headache.[QUOTE],The doctor says[COMMA] [QUOTE]Crush the Viagra into a powder.,When you are giving him coffee[COMMA] stir it in.,He won't notice a thing.[QUOTE],Weeks later the old lady returns.,The doctor asks[COMMA] [QUOTE]How did it go?[QUOTE],[QUOTE]Terrible[COMMA] doctor[COMMA] terrible.,I did as you said[COMMA] and he got up and ripped his clothes off right there.,We made mad love on the table[COMMA] and it was the best sex I've had in 25 years.[QUOTE],[QUOTE]Then what is the problem?[QUOTE],[QUOTE]Well[COMMA][QUOTE] she says.,[QUOTE]I can't ever show my face in the diner again.[QUOTE],
An 80-year-old man tells his wife[COMMA] [QUOTE]I'm going to the doctor to get me some of those new Viagra pills.[QUOTE],His wife gets her coat on and says[COMMA] [QUOTE]I'm going to the doctor[COMMA] too.,If you're going to start using that rusty old thing again[COMMA] I'm getting a tetanus shot.[QUOTE],
A good looking woman walks into a bar wearing a tube top.,She raises her hand to signal the bartender for a beer[COMMA] revealing that she does not shave her armpits.,Meanwhile[COMMA] a sloppy drunk on the other side of the bar signals the bartender[COMMA] [QUOTE]Buy that ballerina over there a drink on me.[QUOTE],The bartender replies[COMMA] [QUOTE]What makes you think she's a ballerina?[QUOTE],[QUOTE]Because[COMMA][QUOTE] answers the drunken man[COMMA] [QUOTE]any chick that can lift her leg that high has GOT to be a ballerina.[QUOTE],
A man walks into a bar with a pork pie on his head.,The barman asks[COMMA] [QUOTE]Why are you wearing a pork pie on your head?[QUOTE],The man replies[COMMA] [QUOTE]It's a family tradition.,We always wear pork pies on our heads on Tuesday.[QUOTE],The barman remarks[COMMA] [QUOTE]But it's Wednesday.[QUOTE],Sheepishly[COMMA] the man says[COMMA] [QUOTE]Man[COMMA] I must look like a real fool.[QUOTE],
A guy walks into a bar and asks for a beer.,He chugs it[COMMA] looks into his pocket and asks for another beer.,He chugs that beer[COMMA] looks into his pocket and asks for another.,The man does this a few more times until the bartender asks[COMMA] [QUOTE]How come you ask for a beer[COMMA] chug it[COMMA] then look in your pocket?[QUOTE],The man says[COMMA] [QUOTE]Because there is a picture of my wife in my pocket and I'm gonna keep drinking till she looks good enough for me to go home.[QUOTE],
Hey baby[COMMA] you look weightless to me.,
Q: What is the ideal weight of a lawyer?,A: About three pounds[COMMA] including the urn.,
A man goes to his doctor after losing a lot of weight.,[QUOTE]I feel great[COMMA] but I have a problem[COMMA] doctor.,I was so fat beforehand that my skin has stretched and stayed that long.,Is there anything you can give me?[QUOTE],[QUOTE]Hmm[COMMA] short of plastic surgery[COMMA] there is only one alternative.,Please take off your clothes.[QUOTE],The man strips down.,The doctor pulls all his skin upwards and ties it in a ball above his head.,[QUOTE]But doctor --,now my navel is in the middle of my forehead![QUOTE],[QUOTE]True[COMMA][QUOTE] replies the doctor[COMMA] [QUOTE]and you should see what you have for a collar and tie.[QUOTE],
A guy is at a urinal in a public restroom when a hunchback walks in and stands next to him., He glances over and sees that the hunchback has a gigantic penis.,The guy says[COMMA] [QUOTE]Man[COMMA] if I had a d**k that big[COMMA] I would be sucking it all day.[QUOTE],The hunchback replies[COMMA] [QUOTE]How do you think I got to be a hunchback?[QUOTE],
You're not like the other wenches.,I could tell the moment I brushed your bodice.,
You go to a Heavy D concert[COMMA] you will leave satisfied.,But you'll be leaving in five minutes because Heavy does two songs and he's tired.,
My mama would whip my butt so bad in the grocery store[COMMA] they would announce it on the speakers.,
He said what he did was take all of his clothes off[COMMA] and he stood naked in front of the mirror.,I said[COMMA] 'That's a damn good diet.' I think I could lose weight[COMMA] too[COMMA] if I saw Barry White naked[COMMA] huh?,Like[COMMA] 'You hungry?' 'No man[COMMA] I just saw Barry White naked.,I don't want nothin'.',
A milkman gets an order for 45 pints of milk.,Puzzled[COMMA] he decides to ask the customer if this is a mistake., When he knocks on the door[COMMA] a woman comes out wearing just a bath towel[COMMA] and she confirms that she wants 45 pints.,[QUOTE]Milk baths are good for your skin[COMMA][QUOTE] explains the woman.,[QUOTE]Oh[COMMA] OK[COMMA][QUOTE] replies the milkman.,[QUOTE]Do you need it pasteurized then?[QUOTE],[QUOTE]No[COMMA][QUOTE] says the woman.,[QUOTE]Up to my tits will be fine.[QUOTE] ,
Ugly clothes last a long time[COMMA] don't they?,You can't wear out ugly clothes.,I used to just crawl to school on my knees[COMMA] trying to put a hole in the jeans[COMMA] man.,They still built them tough -- you can't wear them out.,
A fairy godmother decides to grant three wishes to a little old lady.,[QUOTE]What would you like for your first wish?[QUOTE] the fairy godmother asks.,The little old lady says[COMMA] [QUOTE]I would like to be rich.[QUOTE],POOF!,Her rocking chair turns into solid gold.,[QUOTE]And for your second wish?[QUOTE] asks her fairy godmother.,The little old lady says[COMMA] [QUOTE]I would like to be young again.[QUOTE],POOF!,The little old lady is now a beautiful young woman.,[QUOTE]And for your third and final wish?[QUOTE] asks her fairy godmother.,The young woman's cat[COMMA] Burt[COMMA] jumps into her lap.,She asks the fairy godmother[COMMA] [QUOTE]Can you turn Burt into a handsome young prince?[QUOTE],POOF!,Suddenly[COMMA] Burt is a handsome young prince.,The handsome young prince leans down to the young woman and whispers softly in her ear[COMMA] [QUOTE]Don't you wish you hadn't had me neutered?[QUOTE],
We're in this trophy shop[COMMA] right?,There's trophies everywhere[COMMA] shelves and shelves of trophies.,My dad looks around and goes[COMMA] 'This guy's really good.',
When she was like 17 or 18 years old[COMMA] she won a beauty contest back in Pennsylvania.,She ran like three miles a day; she jogged; she swam six[COMMA] seven miles a day.,She was in really good shape[COMMA] and she won a beauty contest.,She was a good-looking woman.,Now[COMMA] she's 93 years old and really let herself go.,
Three men discuss the Christmas presents they bought for their wives.,The first man says he bought his wife a vacation home in the Bahamas and one in Jamaica.,[QUOTE]That way[COMMA][QUOTE] he explains[COMMA] [QUOTE]if she doesn't like one[COMMA] she can use the other.[QUOTE],The second man says he bought his wife a sports car and a limo for exactly the same reason.,The third man says[COMMA] [QUOTE]I bought my wife a negligee and a vibrator.,That way[COMMA] if she doesn't like the negligee[COMMA] she can go screw herself.[QUOTE] ,
Q: Do you know why they call it the Wonder Bra?,A: When you take it off[COMMA] you wonder where her boobs went.,
A senior citizen was driving down the freeway when his wife called his cell phone.,[QUOTE]Herman[COMMA] I just heard on the news that there's a car going the wrong way on Route 280.,Please be careful![QUOTE],[QUOTE]It's not just one car[COMMA][QUOTE] said Herman[COMMA] [QUOTE]It's hundreds of them![QUOTE],
Q: What do you call a 90-year-old man who can still masturbate?,A: Miracle Whip.,
Q: What do you call a 900-pound woman with a yeast infection?,A: A whopper with cheese.,
Yo' Mama's hair is so full of dandruff[COMMA] when she shook her head[COMMA] the principal called a snow day.,
Yo' Mama is so fat[COMMA] she has to lather up with a Tickle Me Elmo.,
Yo' Mama is so fat[COMMA] she has to use a telephone pole as a tampon.,
Yo' Mama is so fat[COMMA] yo' daddy needs a Sherpa to help get him on top.,
Yo' Mama is so fat[COMMA] she keeps her diaphragm in a pizza box.,
Yo' Mama is so old[COMMA] she has sour cream in her boobs.,
Yo' Mama is so old[COMMA] she calls her waterbed the Dead Sea.,
Yo' Mama is so fat[COMMA] she got busted at the airport for having 200 pounds of crack.,
Yo' Mama is so fat[COMMA] when she went swimming[COMMA] she got harpooned.,
Yo' Mama is so fat[COMMA] she smokes hams after sex.,
Yo' Mama is so fat[COMMA] I had to dip her in flour to find her wet patch.,
Yo' Mama is so skinny[COMMA] when she tripped and hit the curb[COMMA] she shattered.,
Yo' Mama is so fat[COMMA] when she sits on a quarter[COMMA] she squeezes a booger out of George Washington's nose.,
Yo' Mama is so fat[COMMA] when she hauls ass[COMMA] she gotta make two trips.,
Yo' Mama is so fat[COMMA] her butt looks like two pigs fighting over a milk dud.,
Yo' Mama is so fat[COMMA] she eats her cereal out of a satellite dish.,
Yo' Mama is so fat[COMMA] when she dances[COMMA] the band skips.,
Yo' Mama is so fat[COMMA] when she was diagnosed with a flesh-eating disease[COMMA] the doctor gave her 18 years to live.,
Yo' Mama is so fat[COMMA] she puts mayonnaise on aspirin.,
Yo' Mama is so fat[COMMA] her driver's license says[COMMA] [QUOTE]picture continued on other side.[QUOTE],
Yo' Mama is so fat[COMMA] she has to iron her pants on the driveway.,
Yo' Mama is so fat[COMMA] her blood type is marinara.,
Yo' Mama is so fat[COMMA] the shadow of her butt weighs 50 pounds.,
Yo' Mama is so fat[COMMA] when I tried to drive around her[COMMA] I ran out of gas.,
Yo' Mama is so fat[COMMA] instead of wearing Levi's 501 jeans[COMMA] she wears Levi's 1002's.,
Yo' Mama is so fat[COMMA] she's got more rolls than a bakery.,
Yo' Mama is so fat that when she bends over[COMMA] we go into daylight savings time.,
Yo' Mama is so fat[COMMA] the telephone company gave her two area codes.,
Yo' Mama is so ugly[COMMA] yo' dad only takes her out on Halloween.,
Yo' Mama is so fat[COMMA] when she heard it was chilly out[COMMA] she ran outside with a spoon.,
Yo' Mama is so fat[COMMA] her stomach gets home 30 minutes before she does.,
Yo' Mama is so ugly[COMMA] they put her in a tinted incubator when she was born.,
Yo' Mama is so fat[COMMA] when she went to St.,Louis[COMMA] she got stuck in the arch.,
Yo' Mama's so fat[COMMA] she uses Interstate 95 as a slip and slide.,
Yo' Mama's teeth are so busted[COMMA] each tooth has a sign saying[COMMA] [QUOTE]One mile to the next tooth.[QUOTE],
Yo' Mama is so fat[COMMA] a beeper goes off whenever she backs up.,
Yo' Mama is so fat[COMMA] she needs license plates for her shoes.,
Yo' Mama is so ugly[COMMA] the only thing she turns on is the TV.,
Yo' Mama is so skinny[COMMA] when she leans against a wall[COMMA] she looks like a crack.,
Yo' Mama is so fat[COMMA] she trims her nose hair with a weed whacker.,
Yo' Mama is so ugly[COMMA] she makes rainbows sad.,
Yo' Mama is so fat[COMMA] her chins rest on her ankles.,
Yo' Mama is so old[COMMA] she pees rust and farts dust.,
Yo' Mama is so fat[COMMA] she can't even float in space.,
Yo' Mama is so fat[COMMA] she went into 7-Eleven and didn't come out until 11:07.,
Yo' Mama is so fat[COMMA] the Coast Guard keeps a log of her bath times.,
Yo' Mama's hair is so nasty[COMMA] Wilson couldn't pick it.,
Yo' Mama is so fat[COMMA] she had to go to rehab for mainlining pork chops.,
Yo' Mama is so nasty[COMMA] she flosses with bacon.,
Yo' Mama is so fat[COMMA] when she went whale-sighting[COMMA] the other tourists took her picture.,
Yo' Mama is so fat[COMMA] she makes Godzilla look like an action figure.,
Yo' Mama is so fat[COMMA] she bleeds chocolate milk.,
Yo' Mama is so ugly[COMMA] when she threw a boomerang[COMMA] it wouldn't come back.,
Yo' Mama is so skinny[COMMA] she wears waders in the shower to keep from slipping down the drain.,
Yo' Mama is so old[COMMA] Cleopatra signed her high school yearbook[COMMA] [QUOTE]BFF.[QUOTE],
Yo' Mama is so ugly[COMMA] when she ran away from home[COMMA] her parents called the dog catcher.,
Yo' Mama is so old[COMMA] her teeth are like stars: they come out at night.,
Yo' Mama is so fat[COMMA] the tag on her dress reads[COMMA] [QUOTE]Made in Hungary[COMMA] Turkey[COMMA] China[COMMA] U.S.A.[COMMA] Algeria[COMMA] Japan[COMMA] and Indonesia.[QUOTE],
Yo' Mama is so ugly[COMMA] her hairline is receding just to get away from her face.,
Yo' Mama is so ugly[COMMA] she walked into a haunted house and came out with a job application.,
Yo' Mama is so skinny[COMMA] she broke both legs trying to use a laptop.,
Yo' Mama is so fat[COMMA] she uses pillowcases for socks.,
Yo' Mama is so fat[COMMA] when she stepped on the scale[COMMA] it said[COMMA] [QUOTE]One at a time[COMMA] please.[QUOTE],
Yo' Mama is so fat[COMMA] she wore an [QUOTE]X-Files[QUOTE] t-shirt and a helicopter landed on her.,
Yo' Mama is so fat[COMMA] they sent out a search party to find her belly button.,
Yo' Mama is so nasty[COMMA] it takes her half an hour to walk a block because she stops at all the hydrants.,
Yo' Mama is so fat[COMMA] she gets paid to visit Sea World.,
Yo' Mama is so fat[COMMA] when fighter pilots see her[COMMA] they say[COMMA] [QUOTE]Bogie at 11[COMMA] 12[COMMA] 1[COMMA] 2[COMMA] and 3 o'clock.[QUOTE],
Yo' Mama is so old[COMMA] she went to an antique shop[COMMA] and they kept her.,
Yo' Mama is so ugly[COMMA] when she was born[COMMA] the doctor put her in a bucket of water to see which end would come up for air.,
Yo' Mama is so poor[COMMA] my jack-o-lantern gets better dental work then she does.,
Yo' sister is so ugly[COMMA] I thought she was Yo' Mama.,
Yo' Mama is so fat[COMMA] she doesn't need the Internet -- she's already worldwide.,
Yo' Mama is so fat[COMMA] when she skips a meal[COMMA] the stock market drops.,
Yo' Mama is so old[COMMA] she knew Burger King when he was a prince.,
Yo' Mama is so flat[COMMA] pirates can't wait to get their hands her a sunken chest.,
Yo' Mama is so stupid[COMMA] she called the police to report a suspicious looking person lurking in her mirror.,
Yo' Mama is so fat[COMMA] when she joined the army[COMMA] her nickname was [QUOTE]Trenches.[QUOTE],
Yo' Mama is so fat[COMMA] when she worked as a prostitute[COMMA] she also collected tolls.,
Yo' Mama is so fat[COMMA] when she did the splits[COMMA] she gave the road a hickey.,
Yo' Mama is so fat[COMMA] when she did a cartwheel[COMMA] she kicked an angel in the nuts.,
Yo' Mama is so fat[COMMA] she masturbates to a naked picture of Chef Boyardee.,
Yo' Mama is so fat[COMMA] after she and yo' daddy are through having sex[COMMA] he has to roll over twice just to get off her.,
Yo' Mama is so fat[COMMA] when you tell her to move her fat ass[COMMA] she has to move one cheek at a time.,
Yo' Mama is so fat[COMMA] she gets turned on reading a cook book.,
Yo' Mama is so ugly[COMMA] her face looks like a horse's ass flapping in the breeze.,
Yo' Mama is so ugly[COMMA] when she was born[COMMA] her mama called her a treasure[COMMA] so her daddy offered to bury her.,
Yo' Mama is so fat[COMMA] politicians fight over redistricting her ass.,
Yo' Mama is so flat[COMMA] she tattooed [QUOTE]Front[QUOTE] on her chest.,
Yo' Mama is so ugly[COMMA] her face looks like her neck took a crap on her shoulders.,
Yo' Mama is so fat[COMMA] when she bent over[COMMA] a couch and three chairs came out.,
Yo' Mama is so fat[COMMA] she gets her dildos from NASA.,
Yo' Mama is so ugly[COMMA] she can only grow hair on her nuts.,
Yo' Mama is so ugly[COMMA] she's going to be in trouble when the baboon wants its ass back.,
Yo' Mama is so fat[COMMA] she puts in tampons with a bazooka.,
Yo' Mama is so skinny[COMMA] her nipples touch.,
Yo' Mama is so ugly[COMMA] her vibrator went soft.,
Yo' Mama is so fat[COMMA] after God said[COMMA] [QUOTE]Let there be light[COMMA][QUOTE] he had to push her fat ass over to make it happen.,
Yo' Mama is so fat[COMMA] when I screwed her[COMMA] I burnt my ass on the light bulb.,
Yo' Mama is so fat[COMMA] you have to slap her thigh and ride the wave in to have sex with her.,
Yo' Mama is so fat[COMMA] yo' daddy is still climbing back off.,
Yo' Mama so ugly[COMMA] when she wore cheese panties[COMMA] even the rats wouldn't eat her.,
Yo' Mama is so ugly[COMMA] the only difference between her face and a bag of crap is the bag.,
Yo' Mama is so old[COMMA] when I slapped her on the back[COMMA] her boobs fell off.,
Yo' Mama is so old[COMMA] when she was born[COMMA] the Dead Sea was just getting sick.,
Yo' Mama is so ugly[COMMA] her shadow runs away from her.,
Yo' Mama is so fat[COMMA] her cereal bowl comes with a lifeguard.,
Yo' Mama is so fat[COMMA] her body parts sleep in shifts.,
Yo' Mama is so fat[COMMA] she makes Richard Simmons lose his enthusiasm.,
Yo' Mama is so fat[COMMA] when she bent over[COMMA] they found Jimmy Hoffa.,
Yo' Mama is so hairy[COMMA] Tarzan couldn't get through her bush.,
Yo' Mama is so fat[COMMA] she leaves stretch marks in the bath tub.,
Yo' Mama is so ugly[COMMA] she stuck her face in cookie dough and made gorilla cookies.,
Yo' Mama is so old[COMMA] she remembers the Grand Canyon as a ditch.,
Yo' Mama is so ugly[COMMA] when she looks up[COMMA] it starts to rain.,
Yo' Mama is so fat[COMMA] she can't fit in a chat room.,
Yo' Mama is so ugly[COMMA] even the Boogie Man won't hide under her bed.,
Yo' Mama is so fat[COMMA] she once got stuck between the North and South Pole.,
Yo' Mama is so ugly[COMMA] they use her face to make animal crackers.,
Yo' Mama is so fat[COMMA] when she goes to the beach[COMMA] she's the only one who gets a tan.,
Yo' Mama is so ugly[COMMA] when she was a kid[COMMA] cats tried to bury her in the sandbox.,
Yo' Mama is so ugly[COMMA] she has to sneak up on the mirror.,
Yo' Mama's teeth are so big[COMMA] she stabs herself in the chest whenever she sneezes.,
Yo' Mama is so fat[COMMA] she has to wear snowshoes on dry land.,
Yo' Mama is so fat[COMMA] her panty lines look like a road map.,
Yo' Mama is so fat[COMMA] her kneecaps smile.,
Yo' Mama is so fat[COMMA] she falls out of bed on both sides.,
Yo' Mama's so old[COMMA] when she breast feeds[COMMA] powdered milk comes out.,
Yo' Mama is so ugly[COMMA] she makes the mice scream and jump up on chairs.,
Yo' Mama is so skinny[COMMA] she can jump through her a**hole.,
Yo' Mama is so fat[COMMA] when she walks in high heels[COMMA] she strikes oil.,
Yo' Mama is so fat[COMMA] the back of her neck looks like a package of hot dogs.,
Yo' Mama is so fat[COMMA] when she ran away[COMMA] they had to use all four sides of the milk carton.,
Yo' Mama is so fat[COMMA] when she gets in an elevator[COMMA] it HAS to go down.,
Yo' Mama is so fat[COMMA] she was born with a silver shovel in her mouth.,
Yo' Mama is so fat[COMMA] I ran around her twice and got lost.,
Yo' Mama is so fat[COMMA] she gets runs in her jeans.,
Yo' Mama is so fat[COMMA] when she goes to a restaurant[COMMA] she doesn't get a menu[COMMA] she gets an estimate.,
Yo' Mama is so fat[COMMA] when she gets her shoes shined[COMMA] she has to take the shoeshine boy's word for it.,
Yo' Mama is so fat[COMMA] she has to put her belt on with a boomerang.,
Yo' Mama is so fat[COMMA] she can't even jump to a conclusion.,
Yo' Mama is so fat[COMMA] she went to the movies and sat next to everyone.,
Yo' Mama is so fat[COMMA] she stepped on my cat's tail[COMMA] and now I call him [QUOTE]Beaver.[QUOTE],
Yo' Mama is so fat[COMMA] she makes the radio skip when she dances.,
Yo' Mama is so fat[COMMA] she's got more chins than a Chinese phone book.,
Yo' Mama is so fat[COMMA] I had to take a train and two buses just to get on her good side.,
Yo' Mama is so fat[COMMA] she looks like she's smuggling a Volkswagen.,
Yo' Mama is so fat[COMMA] she plays hopscotch like this: Mercury[COMMA] Venus[COMMA] Earth[COMMA] Mars...,..,
Yo' Mama is so ugly[COMMA] if ugliness was a record[COMMA] she would go triple platinum.,
Q: What's the difference between Yo' Mama and a blue whale?,A:,About 10 pounds.,
Yo' Mama is so stanky[COMMA] when you were born[COMMA] the doctor had to wear the oxygen mask.,
Yo' Mama is so stanky[COMMA] her Sure deodorant got confused and her Secret deodorant told on her.,
Yo' Mama is so ugly[COMMA] the last time I saw something that looked like her[COMMA] I pinned a tail on it.,
Yo' Mama is so ugly[COMMA] Yo' Daddy first met her at the pound.,
Yo' Mama is so fat[COMMA] when she walked into the all-you-can-eat buffet[COMMA] they had to install speed bumps.,
Yo' Mama is so skinny[COMMA] she can hula-hoop with a Fruit Loop!,
Yo' Mama is so fat[COMMA] you can use her thong as a hammock.,
Yo' Mama is so fat[COMMA] that when she sits around the house[COMMA] she really sits around the house.,
Yo' Mama is so fat[COMMA] she has to call Sherwin-Williams to paint her toenails.,
Yo' Mama is so old[COMMA] she was the only dinosaur they didn't have to animate for [QUOTE]Jurassic Park.[QUOTE],
Yo' Mama is so old[COMMA] she dreams in black and white.,
Yo' Mama is so fat[COMMA] smaller fat women orbit around her.,
Yo' Mama is so fat[COMMA] she fills the bathtub before she even turns on the water.,
Yo' Mama is so ugly[COMMA] she took a beauty nap and slipped into a coma.,
Yo' Mama is so fat[COMMA] she made the centerfold in Mountain Climber Magazine.,
Yo' Mama is so ugly[COMMA] she couldn't get a date on a calendar.,
Yo' Mama is so old[COMMA] she's got a Bible autographed by Jesus.,
Yo' Mama is so fat[COMMA] she's gotta call the fire department when her hemorrhoids get inflamed.,
Yo' Mama is so ugly[COMMA] she got hauled into the dog pound for walking down the street without a license.,
Yo' Mama's breath is so nasty[COMMA] when she burps[COMMA] her teeth shiver.,
Yo' Mama's teeth are so rotten[COMMA] her smile looks like candy corn.,
Yo' Mama is so fat[COMMA] when she's on the highway[COMMA] she has to stop at the weigh station.,
Yo' Mama is so fat[COMMA] she tried to jump rope and knocked the Earth out of orbit.,
Yo' Mama is so fat[COMMA] you need a map to pass her on the street.,
Yo' Mama is so fat[COMMA] she uses California redwoods to pick her teeth.,
Yo' Mama is so fat[COMMA] the only pictures you have of her are satellite pictures.,
Yo' Mama is so fat[COMMA] she sprays her clothes with Pledge and walks around the house to clean.,
Yo' Mama is so fat[COMMA] the National Weather Agency assigns names to her farts.,
Yo' Mama is so fat[COMMA] she dresses like a Chevrolet and gets in free at the drive-in.,
Yo' Mama is so fat[COMMA] the World Wildlife Foundation gave her a grant for her liposuction.,
Yo' Mama is so fat[COMMA] when she cut herself shaving[COMMA] gravy poured out.,
Yo' Mama is so fat[COMMA] when she fell over[COMMA] she rocked herself to sleep trying to get up again.,
Yo' Mama is so fat[COMMA] you have to grease the door frame and hold a Twinkie on the other side just to get her through.,
Yo' Mama is so fat[COMMA] she makes a parachute look like a handi-wipe.,
Yo' Mama is so fat[COMMA] she measures her weight on the Richter Scale.,
Yo' Mama is so fat[COMMA] when she left her home country[COMMA] the population dropped by 10%.,
Yo' Mama is so fat[COMMA] she won a marathon because no one could fit by her on the street.,
Yo' Mama's teeth are so yellow[COMMA] her tonsils wear sunglasses.,
Yo' Mama is so fat[COMMA] when she wears blue[COMMA] she looks like a tidal wave.,
Yo' Mama is so fat[COMMA] it took the train conductor two hours before he could say all aboard.,
Yo' Mama is so fat[COMMA] when she wears a polka dot dress[COMMA] people play Twister.,
Yo' Mama is so old[COMMA] when I told her to act her age[COMMA] she died.,
Yo' Mama is so fat[COMMA] she took up pages 41 - 43 in her school yearbook.,
Yo' Mama is so ugly[COMMA] yo' daddy takes her to work with him so he doesn't have to kiss her goodbye.,
Yo' Mama is so fat[COMMA] she uses duct tape for band-aids.,
Yo' Mama is so fat[COMMA] when she finally turned herself around during the [QUOTE]Hokey Pokey[COMMA][QUOTE] everyone gave her a welcome back party.,
Yo' Mama is so ugly[COMMA] her portraits hang themselves.,
Yo' Mama is so ugly[COMMA] she's donating her body to science fiction.,
Yo' Mama is so skinny[COMMA] she uses Chapstick as a body moisturizer.,
Yo' Mama is so fat[COMMA] she broke the family tree.,
Yo' Mama is so fat[COMMA] when she jumps off the high dive[COMMA] she shows up on radar.,
Yo' Mama is so fat[COMMA] she fell in the Grand Canyon and got stuck.,
Yo' Mama is so ugly[COMMA] when she was a kid[COMMA] they fed her with a slingshot.,
Yo' Mama is so old[COMMA] I took her to see [QUOTE]Jurassic Park[QUOTE] and she started having flashbacks.,
Yo' Mama is so fat[COMMA] her measurements are 36-24-36[COMMA] and her other arm is just as big.,
Yo' Mama is so fat[COMMA] her back scratcher is a spruce.,
Yo' Mama is so fat[COMMA] when she puts on her BVDs[COMMA] it spells out [QUOTE]boulevard.[QUOTE],
Yo' Mama is so ugly[COMMA] when she was young[COMMA] her mama left her outside a store and got fined for littering.,
Yo' Mama is so dirty[COMMA] she has to creep up and take the bath by surprise.,
Yo' Mama is so hairy[COMMA] her knees have bangs.,
Yo' Mama is so ugly[COMMA] she has to trick-or-treat over the phone.,
Yo' Mama is so ugly[COMMA] not even her Rice Krispies will talk to her.,
Yo' Mama is so fat[COMMA] every car she gets into becomes a low rider.,
Yo' Mama's teeth have so many gaps[COMMA] I don't know whether to laugh or kick a field goal.,
Yo' Mama is so fat[COMMA] she stepped on a scale[COMMA] and it said[COMMA] [QUOTE]Please step out of the car.[QUOTE],
Yo' Mama is so fat[COMMA] when she went to the amusement park[COMMA] they gave her a group discount.,
Yo' Mama is so fat[COMMA] she needs six frames for her portrait.,
Yo' Mama is so fat[COMMA] she can roll faster than she can run.,
Yo' Mama is so fat[COMMA] she makes sumo wrestlers look malnourished.,
Yo' Mama is so fat[COMMA] when she went skydiving[COMMA] she caused an eclipse.,
Yo' Mama is so ugly[COMMA] her parents had to tie a pork chop around her neck to get the dog to play with her.,
Yo' Mama is so fat[COMMA] she goes to the beach to sell shade.,
Yo' Mama is so fat[COMMA] she needed a hula hoop for her wedding ring.,
Yo' Mama is so fat[COMMA] her car is made of spandex.,
Yo' Mama is so fat[COMMA] the only thing stopping her from going to the gym is the doorframe.,
Yo' Mama is so ugly[COMMA] kids at the zoo feed her bananas.,
Yo' Mama is so hairy[COMMA] when she went into the woods[COMMA] Bigfoot took pictures of <i>her</i>.,
Yo' Mama is so fat[COMMA] when she goes to the beach[COMMA] the tide comes in.,
Yo' Mama is so ugly[COMMA] when she entered an ugly contest[COMMA] the judges said[COMMA] [QUOTE]Sorry[COMMA] no professionals.[QUOTE],
Yo' Mama's teeth are so yellow[COMMA] when she smiles on the street[COMMA] cars slow down.,
Yo' Mama is so bald[COMMA] I can see what she's thinking.,
Yo' Mama is so fat[COMMA] when she was born[COMMA] they had to perform a C-D-E-F-G-section.,
Yo' Mama is so ugly[COMMA] when she cries[COMMA] the tears run down her back.,
Yo' Mama is so ugly[COMMA] she has to cover her head before her feet will get into bed with her.,
Yo' Mama is so fat[COMMA] she when wears leather pants to a party[COMMA] people sit on her booty thinking it's a couch.,
Yo' Mama is so hairy[COMMA] she goes to the barber for a chest trim.,
Yo' Mama is so fat[COMMA] when she was born[COMMA] her parents got blueprints instead of a birth certificate.,
Yo' Mama is so fat[COMMA] she sweats barbeque sauce.,
Yo' Mama is so fat[COMMA] she's banned from all-you-can-eat restaurants.,
Yo' Mama is so fat[COMMA] she votes in her very own district.,
Yo' Mama is so ugly[COMMA] cops stop her to ask if she reported the accident.,
Yo' Mama is so ugly[COMMA] the alarm went off when she walked out of the pet store.,
Yo' Mama is so fat[COMMA] she has shocks on her toilet.,
Yo' Mama is so nasty[COMMA] she brushes her hair with her toothbrush.,
Yo' Mama is so fat[COMMA] when she walks down the street[COMMA] her legs bargain with each other: [QUOTE]You let me go[COMMA] I'll let you pass[QUOTE]; [QUOTE]You let me go[COMMA] I'll let you pass.[QUOTE],
Yo' Mama is so fat[COMMA] she thinks a balanced meal is a cheeseburger in each hand.,
Yo' Mama is so ugly[COMMA] she wore a paper sack when you went to see Santa so Santa wouldn't cry for the photo.,
Yo' Mama is so fat[COMMA] her bellybutton is a skate park.,
Yo' Mama is so fat[COMMA] she has a tattoo of the United States on her chest -- actual size.,
Yo' Mama is so ugly[COMMA] when she smiles[COMMA] her face looks a cheeseburger -- with bacon.,
Yo' Mama is so old[COMMA] when she went to school[COMMA] they didn't have a history class yet.,
Yo' Mama is so fat[COMMA] she makes whales look like guppies.,
Yo' Mama is so old[COMMA] her belly button is between her breasts.,
Yo' Mama is so bald[COMMA] she gets brainwashed when she showers.,
Yo' Mama is so bald[COMMA] when you rub her head[COMMA] you can see into the future.,
Yo' Mama is so fat[COMMA] she has an echo in her belly button.,
Yo' Mama is so ugly[COMMA] I've seen better lookin' butts in an ashtray.,
Yo' Mama is so ugly[COMMA] when God was giving out looks[COMMA] she must've been petting a bulldog.,
Yo' Mama is so fat[COMMA] she causes night and day.,
Yo' Mama is so fat[COMMA] when she decided to get a water bed[COMMA] she bought bedding for Lake Superior.,
Yo' Mama is so fat[COMMA] I put a quarter up in her ear[COMMA] and she spat out a packaged snack cake.,
Yo' Mama is so ugly[COMMA] your family portraits hang themselves.,
Yo' Mama is so ugly[COMMA] she looked out the window and got arrested for mooning.,
Yo' Mama is so fat[COMMA] she uses a soccer field for a pool table.,
Yo' Mama is so fat[COMMA] she irons her clothes with a steamroller.,
Yo' Mama is so ugly[COMMA] when she walks outside[COMMA] the sun hides behind the clouds.,
Yo' Mama is so skinny[COMMA] she could hang glide on a Dorito.,
Yo' Mama has so many gaps in her teeth[COMMA] it looks like her tongue is in jail.,
Yo' Mama is so ugly[COMMA] when she looks in the mirror[COMMA] her reflection ducks.,
Yo' Mama is so ugly[COMMA] she had to get you drunk to breastfeed.,
Yo' Mama is so hairy[COMMA] she's suing the Velcro makers for personal injury.,
Yo' Mama is so fat[COMMA] I've known her for seven years and still haven't met yo' whole mama.,
Yo' Mama is so fat[COMMA] [QUOTE]fat[QUOTE] is a compliment.,
Yo' Mama is so old[COMMA] she wears Air Moses.,
Yo' Mama is so fat[COMMA] she uses the equator as a belt.,
Yo' Mama is so fat[COMMA] she broke the stairway to Heaven.,
Yo' Mama is so old[COMMA] her birth certificate expired.,
Yo' Mama is so fat[COMMA] she wore a red dress[COMMA] and everyone shouted[COMMA] [QUOTE]Hey[COMMA] the Kool-Aid Man![QUOTE],
Yo' Mama is so fat[COMMA] Goodyear wanted to fly her over the Super Bowl.,
Yo' Mama is so fat[COMMA] the highway department makes her wear an [QUOTE]Oversize Load[QUOTE] sign every time she takes a walk.,
Yo' Mama is so fat[COMMA] the local gym referred her to an evangelical church where they have a better chance of performing miracles.,
Yo' Mama is so ugly[COMMA] she gets arrested for indecent exposure every time she leaves the house.,
Yo' Mama is so fat[COMMA] the last time she booked a flight[COMMA] her boarding ticket read[COMMA] [QUOTE]Please allow up to 4-6 weeks for freight delivery.[QUOTE],
Yo' Mama is so ugly[COMMA] when she was born[COMMA] the doctor slapped her mama.,
Yo' Mama is so poor[COMMA] she can't afford window shopping.,
Yo' Mama is so fat[COMMA] you can spot her on Google Maps.,
Yo' Mama is so fat[COMMA] her senior photo is an aerial shot.,
Yo' Mama is so fat[COMMA] NASA used her to plug a black hole.,
Yo' Mama's so fat[COMMA] her nickname is [QUOTE]Daaaamn![QUOTE],
Yo' Mama is so fat[COMMA] she puts on lipstick with a paint roller.,
Yo' Mama is so fat[COMMA] the last time she saw 90210 was on the bathroom scale.,
Yo' Mama is so fat[COMMA] when she went in for a portrait[COMMA] the photographer charged for a family sitting.,
Yo' Mama's so fat[COMMA] she doesn't use bronzer -- she uses Mop n' Glo.,
Yo' Mama's glasses are so thick[COMMA] when she looks on a map[COMMA] she sees people waving.,
Yo' Mama is so fat[COMMA] she can't stand in single file.,
Yo' Mama is so fat[COMMA] if she were one of the three little pigs[COMMA] she'd say[COMMA] [QUOTE]Not by the hair on my 26 chins.[QUOTE],
Yo' Mama is so fat[COMMA] when she goes to a buffet[COMMA] she pulls up a chair.,
Yo' Mama is so old[COMMA] she used to work with Fred Flintstone.,
Yo' Mama is so skinny[COMMA] when she eats jelly beans[COMMA] tabloids report on her [QUOTE]baby bump.[QUOTE],
Yo' Mama is so old[COMMA] she has to screw on her underpants around her wrinkles.,
Yo' Mama is so fat[COMMA] I take laps around her for exercise.,
Yo' Mama is so fat[COMMA] when she goes to a restaurant[COMMA] instead of a menu[COMMA] she gets an estimate.,
Yo' Mama is so fat[COMMA] when she went bungee jumping[COMMA] she collapsed the bridge.,
Yo' Mama is so skinny[COMMA] she has to run around the shower to get the water to hit her.,
Yo' Mama is so fat[COMMA] when she throws her shadow[COMMA] it breaks the sidewalk.,
Yo' Mama is so ugly[COMMA] her smile makes puppies whimper.,
Yo' Mama is so fat[COMMA] she broke wind at a cookout and started a forest fire.,
Yo' Mama's so ugly[COMMA] if ugly were bricks[COMMA] she could build homes for all the homeless.,
Yo' Mama is so fat[COMMA] her first word was [QUOTE]more.[QUOTE],
Yo' Mama is so fat[COMMA] every time she turns around[COMMA] it's her birthday.,
Yo' Mama's teeth are so busted[COMMA] she can kiss yo' daddy and comb her mustache at the same time.,
Yo' Mama is so stupid[COMMA] her wig has a chinstrap.,
Yo' Mama's teeth are so yellow[COMMA] when she closes her mouth[COMMA] her cheeks light up.,
Yo' Mama is so fat[COMMA] she has a kickstand on her peg leg.,
Yo' Mama is so fat[COMMA] when she visits the doctor[COMMA] they need a forklift to get her on the examining table.,
Yo' Mama is so fat[COMMA] she buys clothes in three sizes: large[COMMA] extra large[COMMA] and [QUOTE]Oh my God[COMMA] it's coming towards us![QUOTE],
Yo' Mama is so fat[COMMA] she uses the refrigerator for her lunch box.,
Yo' Mama is so fat[COMMA] she has to make a long distance call to talk to herself.,
Yo' Mama is so fat[COMMA] she shows up on radar.,
Yo' Mama is so fat[COMMA] the donut shop accused her of stealing their jelly rolls.,
Yo' Mama's teeth are so crooked[COMMA] when she smiles[COMMA] it looks like her mouth is throwing gang signs.,
Yo' Mama is so ugly[COMMA] she has to sneak up to water fountains to get a drink.,
Yo' Mama is so fat[COMMA] when she wears a yellow raincoat[COMMA] the kids yell[COMMA] [QUOTE]Here comes the school bus.[QUOTE],
Yo' Mama is so ugly[COMMA] she not only got hit with the ugly stick[COMMA] she must have got lost in an ugly forest.,
Yo' Mama is so fat[COMMA] she couldn't identify a picture of her feet.,
Yo' Mama is so fat[COMMA] when the cops see her on a street corner[COMMA] they yell[COMMA] [QUOTE]Hey you guys[COMMA] break it up![QUOTE],
Yo' Mama's so fat[COMMA] her scale reads [QUOTE]Game Over.[QUOTE],
Yo' Mama is so fat[COMMA] every time you smack her butt[COMMA] you can ride the waves.,
Yo' Mama is so fat[COMMA] she brought on world hunger.,
Yo' Mama is so fat[COMMA] her stair master has a dinner tray attached.,
Yo' Mama is so fat[COMMA] she tried to eat her chicken pox.,
Yo' Mama is so ugly[COMMA] the tide wouldn't even take her out.,
Yo' Mama is so fat[COMMA] she got stuck in the great outdoors.,
Yo' Mama is so fat[COMMA] when she steps on a scale[COMMA] it says[COMMA] [QUOTE]To be continued.[QUOTE],
Yo' Mama is so fat[COMMA] she gets her nails done at the auto shop.,
Yo' Mama so fat[COMMA] I can stand on her belly and high-five God.,
Yo' Mama is so fat[COMMA] she got hit by a monster truck and said[COMMA] [QUOTE]Who pushed me?[QUOTE],
Yo' Mama is so old[COMMA] she dreams in black and white.,
Yo' Mama is so ugly[COMMA] I asked if her face hurt because it was killing me.,
Yo' Mama is so ugly[COMMA] she make blind kids cry.,
Yo' Mama's head is so big[COMMA] she dreams in IMAX.,
Yo' Mama is so fat[COMMA] instead lint in her belly button[COMMA] she's gathered full sweaters.,
Yo' Mama is so fat[COMMA] when she went to KFC[COMMA] she ordered the bucket of chicken on the roof.,
Yo' Mama is so fat[COMMA] after sex[COMMA] she smokes a turkey.,
Yo' Mama is so fat[COMMA] she can't lift her own spirit.,
Yo' Mama is so fat[COMMA] people use her butt cheeks for a ski slope.,
Yo' Mama is so stanky[COMMA] even the garbage man won't pick her up.,
Yo' Mama is so fat[COMMA] when she goes to a stadium[COMMA] she sits next to everybody.,
Yo' Mama is so fat[COMMA] she shaves with a lawnmower.,
Yo' Mama is so dirty[COMMA] she uses bleach in her baths.,
Yo' Mama is like a blimp: a huge spectacle that's full of gas.,
Yo' Mama is so fat[COMMA] when she rubs her legs together[COMMA] I smell bacon.,
Yo' Mama is so fat[COMMA] the hippos at the zoo get jealous of her figure.,
Yo' Mama is so fat[COMMA] her Polo shirts come with real horses on the pocket.,
Yo' Mama is so fat[COMMA] she got baptized at Sea World.,
Yo' Mama is so ugly[COMMA] her imaginary friend played with other kids.,
Yo' Mama is so fat[COMMA] local night clubs had to put up signs that read[COMMA] [QUOTE]Maximum Occupancy: 240 or Yo' Mama.[QUOTE],
Yo' Mama is so old[COMMA] she was a waitress at the Last Supper.,
Yo' Mama is so fat[COMMA] she uses transport trucks as roller skates.,
Yo' Mama is so ugly[COMMA] when she were born[COMMA] the doctor didn't know which end to slap.,
Yo' Mama is so fat[COMMA] if she buys a fur coat[COMMA] a whole species will become extinct.,
Yo' Mama is so fat[COMMA] her shadow is used for the witness protection program.,
You ever go into a store[COMMA] and they're watching you?,Watching <i>you</i>.,White people stealing stuff -- walking out with couches[COMMA] refrigerators[COMMA] TVs -- and all we want is a paper.,
-- You learned to swim about the same time [QUOTE]Jaws[QUOTE] came out and still can't swim naked at night.,-- Prince's [QUOTE]1999[QUOTE] was the focal point of your plans for an end of the century party.,-- You dressed to emulate either Duran Duran[COMMA] Poison[COMMA] Madonna[COMMA] Rick Springfield or Cyndi Lauper.,-- You wanted to be gagged with a spoon.,-- You had a poster of Bo[COMMA] Luke & Daisy Duke.,-- There was nothing questionable about Bert and Ernie living together.,-- You dialed [QUOTE]867-5309[QUOTE] to see if Jenny would answer.,-- Your family's cable TV box had the three rows of numbers[COMMA] and you had to move the selector switch accordingly.,
You'll be so fat after Thanksgiving you'll get turned on reading a cook book.,
You'll be so fat after Thanksgiving your new nickname will be [QUOTE]Daaaamn![QUOTE],
You'll be so fat after Thanksgiving you'll put mayonnaise on aspirin.,
You'll be so fat after Thanksgiving the only thing stopping you from going to the gym is the doorframe.,
You'll be so fat after Thanksgiving next time you go to a restaurant[COMMA] instead of a menu[COMMA] you'll get an estimate.,
You'll be so fat after Thanksgiving you'll have to iron your pants on the driveway.,
You'll be so fat after Thanksgiving you'll fill the bathtub before you even turn on the water.,
You'll be so fat after Thanksgiving you'll make the centerfold in Mountain Climber Magazine.,
You'll be so fat after Thanksgiving the next time you see 90210 will be on a bathroom scale.,
You'll be so fat after Thanksgiving[COMMA] the highway department will make you wear an [QUOTE]Oversize Load[QUOTE] sign every time you take a walk.,
You'll be so fat after Thanksgiving your next Facebook profile pic will have to be an aerial shot.,
You'll be so fat after Thanksgiving your driver's license will say [QUOTE]picture continued on other side.[QUOTE],
You'll be so fat after Thanksgiving next time you wear leather pants to a party[COMMA] people will sit on your booty thinking it's a couch.,
You'll be so fat after Thanksgiving the tag on your clothes will read [QUOTE]Made in Hungary[COMMA] Turkey[COMMA] China[COMMA] U.S.A.[COMMA] Algeria[COMMA] Japan[COMMA] and Indonesia.[QUOTE],
You'll be so fat after Thanksgiving you'll need license plates for your shoes.,
You'll be so fat after Thanksgiving[COMMA] instead of belly button lint[COMMA] you'll find full sweaters.,
You'll be so fat after Thanksgiving your scale will read [QUOTE]Game Over.[QUOTE],
An old couple celebrates their 50th wedding anniversary in a honeymoon suite.,All night long[COMMA] the bellboy hears laughing and clapping sounds from their room.,The next morning[COMMA] he asks the old man how he can do it all night at his age.,The husband replies[COMMA] [QUOTE]First[COMMA] I remove my clothes.,Then[COMMA] I lie down on the bed face up.,Then[COMMA] my wife removes her clothes and,lifts up my penis with one hand[COMMA] and we make a bet.,If it falls to left when she lets go[COMMA] I win; if it falls to right[COMMA] she wins.[QUOTE],The bell boy asks[COMMA] [QUOTE]Well[COMMA] what if it doesn't fall?[QUOTE],[QUOTE]Then we both win[COMMA][QUOTE] says the old man.,
Reverend Smith visits Mrs.,Jenkins[COMMA] one of the elder parishioners in his church.,Reverend Smith notices that on top of Mrs.,Jenkins' organ sits a bowl which contains a condom floating in water.,Befuddled[COMMA] Reverend Smith asks her to explain this.,[QUOTE]Oh[COMMA] Reverend Smith[COMMA][QUOTE] she replies[COMMA] [QUOTE]I found that lying on the street corner[COMMA] and the package said that if you put it on your organ and keep it wet that it will prevent disease.,Frankly[COMMA] I haven't been sick all year.[QUOTE],
I've never been to a moon like yours.,
You're so ugly[COMMA] Yo' Mama had to be drunk to breastfeed you.,
-- You no longer know what time fast food drive-thru windows close.,-- Your potted plants stay alive.,-- You pay at least a dollar more than the minimum payment on your credit card bill.,-- Your friends' hook-ups and break-ups are now marriages and divorces.,-- You attend parties that the police don't raid.,-- You're not expected to leave the room when the adults are talking.,-- You refer to college students as [QUOTE]those kids.[QUOTE],-- You drink wine[COMMA] scotch and martinis instead of just beer[COMMA] beer and beer.,-- You feed your dog Science Diet instead of leftover pizza.,-- At 6 a.m.[COMMA] you're putting your contact lens in instead of taking them out.,-- Naps are no longer weekday options.,-- Dating involves dinner and a movie[COMMA] not keggers and Ecstasy.,-- Grocery lists contain more than toilet paper and potato chips.,-- You leave parties because you have a busy day tomorrow[COMMA] not because the EMS guy has strapped you down.,
-- Your refrigerator holds more solid foods than liquids.,-- You've lost the thread on your favorite soap opera.,-- 8 a.m.,means shower and shave[COMMA] not wake and bake.,-- You file taxes with more than three digits.,-- You hear your favorite songs in doctor's waiting rooms and when you're on hold with the bank.,-- You're not carded anymore for anything.,-- You carry an umbrella.,-- You now know there's no such thing as [QUOTE]looking mature.[QUOTE],-- You get your news from sources other than ESPN and MTV.,-- Wine appreciation expands beyond Boone's and Mad Dog.,-- Doing shots and smoking cigarettes guarantees midnight dry heaves and a sinus attack instead of midnight skinny dipping and a Big Mac attack.,-- You go from 130 days to seven days of vacation time.,-- You actually eat breakfast foods -- at breakfast time.,
No[COMMA] really[COMMA] I'm more interested in your brain than your body.,
If I said you had a beautiful body[COMMA] would it be okay if I ate it?,
You caught my eye from across the room.,I'll probably need that back later.,
Did anybody ever tell you that you have the most beautiful worm-infested eye sockets?,
Nice rags.,I love how they cling to what's left of your festering carcass.,
Yo' Mama is so fat[COMMA] she wears a watch on each arm -- one for each time zone she's in.,
