A man comes home from work to find his wife sliding down the banister.,[QUOTE]What are you doing?[QUOTE] he asks.,She answers[COMMA] [QUOTE]Warming up your dinner.[QUOTE] ,
Two brooms are getting married.,Before the ceremony[COMMA] the bride broom says to the groom broom[COMMA] [QUOTE]I think I'm going to have a whisk.[QUOTE],The groom broom says[COMMA] [QUOTE]How can that be?,We haven't even swept together![QUOTE] ,
A blonde goes to the doctor with burns on both of her ears and her right hand.,[QUOTE]Sit down and tell me how it happened[COMMA][QUOTE] says the doctor.,[QUOTE]I was ironing my clothes when I received a call.,Instead of picking up the phone[COMMA] I picked up the iron and burned my ear.[QUOTE],[QUOTE]'What about the other ear and your hand?[QUOTE] the doctor asked., She replied[COMMA] [QUOTE]I tried to call for an ambulance.[QUOTE] ,
A man cheats on his girlfriend Lorraine with a woman named Clearly.,Lorraine dies suddenly.,At the funeral[COMMA] the man stands up and sings[COMMA] [QUOTE]I can see Clearly now[COMMA] Lorraine is gone.[QUOTE] ,
During a funeral[COMMA] the pallbearers accidentally bump into a wall and hear a faint moan.,They open the casket and find out that the woman is actually alive.,She lives for 10 more years and then dies.,There is another funeral for her.,At the end of the service[COMMA] the pallbearers carry out the casket.,As they are walking out[COMMA] the husband cries out[COMMA] [QUOTE]Watch out for the wall![QUOTE] ,
Satan appeared before a small town congregation.,Everyone started screaming and running for the front church door[COMMA] trampling each other in a frantic effort to get away.,Soon everyone was gone except for an elderly gentleman who sat calmly., Satan walked up to him and said[COMMA] [QUOTE]Don't you know who I am?[QUOTE],The man replied[COMMA] [QUOTE]Yep[COMMA] sure do.[QUOTE],Satan asked[COMMA] [QUOTE]Aren't you going to run?[QUOTE],[QUOTE]Nope[COMMA] sure ain't[COMMA][QUOTE] said the man.,Satan asked[COMMA] [QUOTE]Why aren't you afraid of me?[QUOTE],The man replied[COMMA] [QUOTE]Been married to your sister for over 48 years.[QUOTE] ,
Q: What's the difference between a girlfriend and a wife?,A: 45 lbs.,Q: What's the difference between a boyfriend and a husband?,A: 45 minutes.,
A newlywed couple on their honeymoon prepares to see each other naked for the first time.,The husband exposes his knotted and twisted feet.,He explains[COMMA] [QUOTE]I had tolio as a child.[QUOTE],The wife asks if he means polio.,He says[COMMA] [QUOTE]No[COMMA] it only affects the toes.[QUOTE],He removes his pants and reveals deformed knees.,He admits[COMMA] [QUOTE]I had kneesles[COMMA] too.[QUOTE],Finally[COMMA] he pulls off his boxers.,In shock[COMMA] the woman gasps[COMMA] [QUOTE]Oh no -- smallcox[COMMA] too![QUOTE] ,
Q: What's the difference between a divorce and a circumcision?,A: In a divorce[COMMA] you get rid of the whole schmuck.,
Q: What comes with the new Divorced Barbie?,A: All Ken's stuff.,
Q: If your wife is shouting at the front door and your dog is barking at the back door[COMMA] who do you let in first?,A: The dog -- at least he'll quiet down after you let him in.,
An engineer crosses a road when a frog calls out to him[COMMA] [QUOTE]If you kiss me[COMMA] I'll turn into a beautiful princess.[QUOTE],He bends over[COMMA] picks up the frog and puts it in his pocket.,The frog speaks up again and says[COMMA] [QUOTE]If you kiss me and turn me back into a beautiful princess[COMMA] I will stay with you for one week.[QUOTE],The engineer takes the frog out of his pocket[COMMA] smiles at it and returns it to the pocket.,The frog then cries out[COMMA] [QUOTE]If you kiss me and turn me back[COMMA] I'll do whatever you say![QUOTE],Again the engineer takes the frog out[COMMA] smiles at it and puts it back into his pocket.,Finally[COMMA] the frog asks[COMMA] [QUOTE]What is the matter?,I've told you I'm a beautiful princess[COMMA] I'll stay with you for a month and do whatever you say.,What more do you want?[QUOTE], The engineer says[COMMA] [QUOTE]Look[COMMA] I'm an engineer.,I don't have time for a girlfriend[COMMA] but a talking frog[COMMA] now that's cool![QUOTE],
Q: Why did Frosty the Snowman want a divorce?,A: He thought his wife was a flake.,
Q: Why was the 6'6[QUOTE] guy so brokenhearted after his 4'9[QUOTE] girlfriend dumped him?,A: He was nuts over her.,
An old couple celebrates their 50th wedding anniversary in their home.,[QUOTE]Just think[COMMA][QUOTE] the old man says[COMMA] [QUOTE]we were sitting here at this same breakfast table[COMMA] naked as jaybirds[COMMA] 50 years ago.[QUOTE],[QUOTE]Well[COMMA][QUOTE] the old lady snickers[COMMA] [QUOTE]what do you say -- should we get naked?[QUOTE],The two immediately strip to the buff and sit back down at the table.,[QUOTE]You know[COMMA] honey[COMMA][QUOTE] the little old lady says slyly[COMMA] [QUOTE]My breasts burn for you now as they did 50 years ago.[QUOTE],[QUOTE]I'm not surprised[COMMA][QUOTE] replies the old man.,[QUOTE]One's in your coffee and the other is in your oatmeal![QUOTE],
A woman meets with her lover[COMMA] who is also her husband's best friend.,They make love for hours.,Afterwards[COMMA] as they lie in bed[COMMA] the phone rings.,Since it's the woman's house[COMMA] she picks up the receiver.,The best friend listens[COMMA] only hearing her side of the conversation:,[QUOTE]Hello?,Oh[COMMA] hi...,I'm so glad that you called...,Really?,That's wonderful...,Well[COMMA] I'm happy to hear you're having such a great time...,Oh[COMMA] that sounds terrific...,Love you[COMMA] too.,OK.,Bye-bye.[QUOTE],She hangs up the telephone and her lover asks[COMMA] [QUOTE]Who was that?[QUOTE],[QUOTE]Oh[COMMA][QUOTE] she replies[COMMA] [QUOTE]That was my husband telling me about the wonderful time he's having on his fishing trip with you.[QUOTE],
A woman tells her doctor[COMMA] [QUOTE]My husband is 300% impotent.,The doctor asks her[COMMA] [QUOTE]I'm not quite sure what you mean.,Could you elaborate?[QUOTE],She replies[COMMA] [QUOTE]Well[COMMA] the first part you can imagine[COMMA] but he also burned his tongue and broke his finger.[QUOTE] ,
Two old people flirt at a seniors' singles bar.,After a few drinks[COMMA] the old man asks the old woman[COMMA] [QUOTE]If I took you out for a full night of wining[COMMA] dining and dancing[COMMA] what would you wear?[QUOTE],The old woman replies shyly[COMMA] [QUOTE]Depends...,.[QUOTE],[QUOTE]Depends on what?[QUOTE] he asks.,[QUOTE]On my bottom -- where else?![QUOTE],
He took me to McDonald's[COMMA] backed his car through the drive-through window[COMMA] so the cashier could be on my side.,
Q: Why is a laundromat a really bad place to pick up women?,A: Because a woman who can't afford her own washing machine won't be able to support you.,
You have got to stop listening to your girlfriends about your relationships -- especially that girlfriend that ain't got nobody.,
A couple celebrates their 30th anniversary by visiting fence against which they first made love.,The husband says[COMMA] [QUOTE]Come on[COMMA] for old times' sake.[QUOTE] The wife agrees and they both undress.,Afterwards[COMMA] the husband says[COMMA] [QUOTE]You're even better than you were 30 years ago.[QUOTE],His wife replies[COMMA] [QUOTE]That fence wasn't electrified 30 years ago![QUOTE] ,
A husband and wife go to a restaurant.,The waiter approaches the table to take their order.,[QUOTE]I'll have your biggest[COMMA] juiciest steak[COMMA][QUOTE] says the husband.,[QUOTE]But sir[COMMA] what about the mad cow?[QUOTE] asks the waiter.,[QUOTE]Oh[COMMA][QUOTE] says the husband[COMMA] [QUOTE]she'll order for herself.[QUOTE],
Betty and Tim die in a car accident on the eve of their wedding.,In Heaven[COMMA] they ask St.,Peter if they can still be married.,[QUOTE]Well[COMMA] let me find out if this is possible., Stay here and I will be right back.[QUOTE],Six months pass and Peter returns.,[QUOTE]Yes[COMMA] we can do this for you.[QUOTE],The couple asks[COMMA] [QUOTE]Well[COMMA] as we have spent so much time together waiting for your answer[COMMA] we need to know that if things don't work out[COMMA] is there a possibility that we can be divorced?[QUOTE],To which St.,Peter answers[COMMA] [QUOTE]It took me six months to find a priest up here -- how long do you think it will take me to find a lawyer?[QUOTE],
While examining the the body of Mr.,Schwartz[COMMA] a mortician notices that Schwartz has the largest penis he has ever seen.,[QUOTE]I'm sorry[COMMA] Mr.,Schwartz[COMMA][QUOTE] says the mortician[COMMA] [QUOTE]But I can't send you to be cremated with a tremendously huge penis like this.,It has to be saved for posterity.[QUOTE],The mortician removes the penis[COMMA] places it in a jar and puts the jar in his briefcase.,When he gets home[COMMA] he decides to show it to his wife., [QUOTE]I have something to show you that you won't believe[COMMA][QUOTE] he says[COMMA] removing the jar from his briefcase.,[QUOTE]Oh my God![QUOTE] she screams[COMMA] [QUOTE]Schwartz is dead![QUOTE],
You've been married to the women for 20 years.,She don't use nothing but Dial soap.,Her mama uses Dial soap.,All seven of her sisters use Dial soap in their seven respective homes.,You can go through purse[COMMA] pocketbook[COMMA] and find Dial coupons any given time of the day or night.,Damn you if you come home smelling like Zest!,
A woman walks into a grocery store and asks the stock boy if he has any nuts.,The guy says[COMMA] [QUOTE]No[COMMA] ma'am.[QUOTE],She says[COMMA] [QUOTE]Well[COMMA] do you have any dates?[QUOTE],He replies[COMMA] [QUOTE]Ma'am[COMMA] if I don't have nuts[COMMA] do you really expect me to have dates?[QUOTE],
Q: What did the boy octopus say to the girl octopus?,A: [QUOTE]I want to hold your hand.,Er[COMMA] hands.[QUOTE],
I thought it would be so easy to meet guys when I got out of college because it was very easy to meet guys in college.,I mean[COMMA] this was really all you had to do to meet some guy in college: 'Oh my God[COMMA] I am so wasted!',
Three women talk about their husband's performance as lovers.,The first woman says[COMMA] [QUOTE]My husband is a marriage counselor[COMMA] so he always buys me flowers and candy before we make love.[QUOTE],The second woman says[COMMA] [QUOTE]My husband is a motorcycle mechanic.,He likes to play rough and use leather sometimes.[QUOTE],The third woman shakes her head and says[COMMA] [QUOTE]My husband works for an Internet company.,He just sits on the edge of the bed and tells me how great it's going to be when I get it.[QUOTE],
Bill has worked in a pickle factory for several years.,One day he confesses to his wife that he has a terrible urge to stick his penis into the pickle slicer.,His wife suggests that he see a therapist to talk about it[COMMA] but Bill vows to overcome this rash desire on his own.,A few weeks later[COMMA] Bill returns home absolutely ashen.,His wife asks[COMMA] [QUOTE]What's wrong[COMMA] Bill?[QUOTE],[QUOTE]Do you remember how I told you about my tremendous urge to put my penis into the pickle slicer?[QUOTE],His wife gasps[COMMA] [QUOTE]My God[COMMA] Bill[COMMA] what happened?[QUOTE],[QUOTE]I got fired.[QUOTE],[QUOTE]No[COMMA] Bill -- I mean[COMMA] what happened with the pickle slicer?[QUOTE],[QUOTE]Oh[COMMA] um[COMMA] she got fired[COMMA] too.[QUOTE],
I should have known that my last relationship wasn't gonna last because it's not a good sign when your girlfriend's favorite position in bed is the fetal position.,
A beautiful princess comes upon a frog in a meadow near her castle.,The frog hops into the princess' lap and says[COMMA] [QUOTE]My lady[COMMA] one kiss from you[COMMA] and I will turn back into the dapper[COMMA] young prince that I once was[COMMA] and then[COMMA] my sweet[COMMA] we can marry and set-up housekeeping in yon castle with my mother[COMMA] where you can prepare my meals[COMMA] clean my clothes[COMMA] bear my children and forever be happy doing so.[QUOTE],That night[COMMA] as the princess dines on lightly sauteed frog legs[COMMA] she chuckles to herself[COMMA] [QUOTE]I don't f**kin' think so.[QUOTE],
A prisoner in jail receives a letter from his wife: [QUOTE]Dear husband[COMMA] I have decided to plant some lettuce in the back garden.,When is the best time to plant them?[QUOTE],The prisoner[COMMA] knowing that the prison guards read all mail[COMMA] replies in a letter: [QUOTE]Dear wife[COMMA] whatever you do[COMMA] do not touch the back garden.,That is where I hid all the money.[QUOTE],A week or so later[COMMA] he receives another letter from his wife.,[QUOTE]Dear husband[COMMA] you wouldn't believe what happened.,Some men came with shovels to the house and dug up the back garden.[QUOTE],The prisoner writes back: [QUOTE]Dear wife[COMMA] now is the best time to plant the lettuce.[QUOTE] ,
A dentist[COMMA] an electrician[COMMA] and a carpenter decide to play a practical joke their best friend on his wedding night.,[QUOTE]I'll loosen some joints on his bed so it collapses when he's making love[COMMA][QUOTE] says the carpenter.,[QUOTE]I'll hot wire his mattress so they'll feel immense heat while making love[COMMA][QUOTE] says the electrician.,[QUOTE]Those are good ideas[COMMA][QUOTE] says the dentist.,[QUOTE]But my contribution's going to be a real surprise.[QUOTE],The next day the new husband comes to the diner to meet his friends.,He says [QUOTE]I congratulate you guys for making the bed heat up and collapse[COMMA] but I'm gonna kill whichever one of you put novocaine in the massage oil![QUOTE],
A college math professor and his wife are both 60 years old.,One evening the wife comes home and finds a note from her husband that says[COMMA] [QUOTE]My dear[COMMA] now that you are 60 years old[COMMA] there are some things you no longer do for me.,I am at the Holiday Inn with my 20-year-old student.,Don't bother waiting up for me.[QUOTE],He returns home late that night to find a note from his wife: [QUOTE]You[COMMA] my dear[COMMA] are also 60 years old and there are also things I need that you're not giving me.,So I am at the Motel 6 with one of your 20-year-old students.,Being a math professor[COMMA] I'm sure you know that 20 goes into 60 way more than 60 goes into 20.,So[COMMA] don't you wait up for me.[QUOTE] ,
An old woman buys herself some bright red crotchless panties and goes home to surprise her husband.,When her husband comes home[COMMA] she calls him into the bedroom and points to her new panties.,[QUOTE]Hey old timer[COMMA][QUOTE] she says[COMMA] [QUOTE]come and get some of this![QUOTE],The old man says[COMMA] [QUOTE]Hell no[COMMA] woman.,It done ate a hole in your drawers![QUOTE],
Q: What do a tornado and a redneck divorce have in common?, A: In the end[COMMA] someone is going to lose a trailer.,
After an hour of gathering up his courage[COMMA] a shy guy finally approaches the hot girl at the end of the bar.,[QUOTE]Um[COMMA] would you mind if I chatted with you for a while?[QUOTE],She yells[COMMA] [QUOTE]No[COMMA] I won't sleep with you tonight[COMMA] you pig![QUOTE],Everyone in the bar stops and stares.,Completely embarrassed[COMMA] the guy slinks back to his table with a red face.,After a few minutes[COMMA] the woman walks over to him and apologizes.,She smiles and says[COMMA] [QUOTE]I'm sorry if I embarrassed you.,I'm a graduate student in psychology[COMMA] and I'm studying how people respond to embarrassing public situations.[QUOTE],To which the guy responds as loudly as possible[COMMA] [QUOTE]What do you mean $200 for a BJ?[QUOTE],
Two guys show up in Heaven at the same time.,The first guy says he froze to death[COMMA] and the second guy tells him that he died of a heart attack.,[QUOTE]How did that happen?[QUOTE] asks the first guy.,[QUOTE]Well[COMMA] I came home and thought I heard my wife with another man.,But when I searched the house[COMMA] I couldn't find anybody.,I was so stricken with remorse for wrongly accusing my wife of infidelity[COMMA] I had a heart attack and died on the spot.[QUOTE],[QUOTE]Geez[COMMA][QUOTE] says the first guy.,[QUOTE]If you'd opened the fridge[COMMA] we'd both be alive right now.[QUOTE],
Man: You've brought religion into my life.,Woman: Really?,How?,Man: Until I met you[COMMA] I didn't believe in Hell.,
A Catholic[COMMA] a Baptist and a Mormon are bragging about the size of their families.,[QUOTE]I have four boys[COMMA] and my wife is expecting another[COMMA][QUOTE] says the Catholic.,[QUOTE]One more son[COMMA] and I'll have a basketball team.[QUOTE],[QUOTE]That's nothing[COMMA][QUOTE] says the Baptist.,[QUOTE]I have 10 boys now[COMMA] and my wife is pregnant with another child.,One more son[COMMA] and I'll have a football team.[QUOTE],[QUOTE]That's nothing[COMMA][QUOTE] says the Mormon.,[QUOTE]I have 17 wives.,One more wife[COMMA] and I'll have a golf course.[QUOTE] ,
On the day of her wedding to Prince Edward[COMMA] Sophie gets dressed and realizes that she forgot her shoes.,Panic sets in until her sister loans her another pair of shoes.,Unfortunately they are a bit too small and at the end of the night Sophie's feet are in agony.,The rest of the Royal Family crowds around the door to the bedroom and they hear grunts[COMMA] straining noises and the occasional muffled scream.,Eventually[COMMA] they hear Edward say[COMMA] [QUOTE]God[COMMA] that was tight.[QUOTE],[QUOTE]There[COMMA][QUOTE] whispers the Queen to the Duke[COMMA] [QUOTE]I told you she was a virgin.[QUOTE],Then[COMMA] to their surprise[COMMA] they hear Edward say[COMMA] [QUOTE]Right.,Now for the other one.[QUOTE] Followed by more grunting and[COMMA] [QUOTE]My God.,That was even tighter.[QUOTE],[QUOTE]That's my boy[COMMA][QUOTE] says the Duke.,[QUOTE]Once a sailor[COMMA] always a sailor.[QUOTE],
Q: Why did the married man sell his complete set of Encyclopedia Britannica?,A: He didn't need them any longer -- his damn wife knows everything.,
Q: What food diminishes a woman's sex drive by 90%?,A: Her wedding cake.,
Q: How do you get your wife to scream and groan while you're having sex?,A: Let her catch you doing it.,
It's 1957[COMMA] and Bobby goes to pick up his date[COMMA] Peggy Sue.,Peggy Sue's father answers the door and invites him in.,He asks Bobby what they're planning to do on the date.,Bobbytells him that they'll probably go to the malt shop or a drive-in movie.,Peggy Sue's father suggests[COMMA] [QUOTE]Why don't you kids go out and screw?,I hear all of the kids are doing it.[QUOTE],Bobby is shocked.,[QUOTE]Excuse me[COMMA] sir?[QUOTE],[QUOTE]Oh yes[COMMA][QUOTE] he replies.,[QUOTE]Peggy Sue really likes to screw.,She'll screw all night if we let her.[QUOTE],Peggy Sue comes downstairs and announces that she's ready to go.,About 20 minutes later[COMMA] Peggy Sue rushes back into the house[COMMA] slams the door behind her and screams[COMMA] [QUOTE]Dad!,The Twist!,It's called the Twist![QUOTE] ,
A woman got married[COMMA] but her husband was abusive.,She got remarried and that husband ran out on her.,She got married again and that husband failed in bed.,Finally[COMMA] she put an ad in the paper: [QUOTE]Looking for a man who won't abuse me[COMMA] won't leave me[COMMA] and won't fail me in bed.[QUOTE],The next day[COMMA] the doorbell rings.,There is a man with no arms and no legs.,[QUOTE]Hello[COMMA] I saw your ad in the paper[COMMA][QUOTE] he says.,[QUOTE]Tell me a little about you.[QUOTE],[QUOTE]Well[COMMA] I have no arms[COMMA] so I can't hit you.,I have no legs[COMMA] so I can't run out on you[COMMA][QUOTE] he replies.,[QUOTE]How do I know you're good in bed?[QUOTE] she asks.,He says[COMMA] [QUOTE]I rang the doorbell[COMMA] didn't I?[QUOTE],
Mr.,Johnson's wife of 50 years suggested they take a cruise: [QUOTE]We could go somewhere for a week[COMMA] and make wild love like we did when we were young.[QUOTE] He thought it over and agreed.,He went to the pharmacy and bought a bottle of seasick pills and a tube of lubricant.,Upon returning home[COMMA] his wife said [QUOTE]I've been thinking[COMMA] there's no reason we can't go for a month.[QUOTE],Mr.,Johnson went back to the pharmacy and asked for 12 bottles of seasick pills and a tube of lubricant.,When he returned his wife said[COMMA] [QUOTE]Since the children are on their own[COMMA] what's stopping us from cruising the world?[QUOTE],He went back and bought 200 bottles of seasick pills and more tubes of lubricant.,The pharmacist finally had to ask: [QUOTE]You know[COMMA] Mr.,Johnson[COMMA] I don't mean to pry[COMMA] but if it makes you that sick[COMMA] why the hell do you do it?[QUOTE],
Some strangers sit at the bar.,One guy says[COMMA] [QUOTE]My name is Larry[COMMA] and I am a SNAG.[QUOTE],Another guy asks[COMMA] [QUOTE]What's that?[QUOTE],The first guy says[COMMA] [QUOTE]I am a Single[COMMA] New Age Guy.[QUOTE],Another guy says[COMMA] [QUOTE]My name is Gary[COMMA] and I am a DINK.[QUOTE],A lady asks[COMMA] [QUOTE]What's that?[QUOTE],He says[COMMA] [QUOTE]Double Income[COMMA] No Kids.[QUOTE],The lady says[COMMA] [QUOTE]That's nice.,My name is Gertrude[COMMA] and I am a WIFE.[QUOTE],Larry asks[COMMA] [QUOTE]A WIFE?[QUOTE],Gertrude says[COMMA] [QUOTE]Wash[COMMA] Iron[COMMA] F**k[COMMA] Etc.[QUOTE],
Q: What's a man's definition of safe sex?,A: When his wife's out of town.,
John: I didn't sleep with my wife before we were married.,Did you?,Bob: I'm not sure.,What was your wife's maiden name?,
A man would come home very late and very drunk every night.,His wife decides to teach him a lesson by dressing up like Satan and scaring him.,When he finally stumbles across the lawn[COMMA] his wife jumps out and howls like a demon.,He looks at her and slurs[COMMA] [QUOTE]You don't scare me.,I'm married to your sister![QUOTE],
A man and his wife shower together.,The husband puts his hand on her breast and says[COMMA] [QUOTE]These are nice[COMMA] but if they were a bit firmer you could walk around without a bra for me.[QUOTE],Then the husband pats her butt and says[COMMA] [QUOTE]This is nice[COMMA] but if it was a bit firmer[COMMA] you could walk around without panties for me.[QUOTE],The wife turns around to her husband[COMMA] grabs his groin and says[COMMA] [QUOTE]This is nice[COMMA] but if it was a little bigger[COMMA] I wouldn't need your brother.[QUOTE],
Q: What do men in a singles bar have in common?,A: They're all married.,
Sue and Sally were discussing their sex lives.,Sue said[COMMA] [QUOTE]Mine's OK.,We get it on every week[COMMA] but it's no big adventure.,How's yours?[QUOTE],Sally replied[COMMA] [QUOTE]It's great ever since we got into S&M.[QUOTE],Sue was surprised.,[QUOTE]Really[COMMA] Sally[COMMA] I never would have guessed that you'd go for that.[QUOTE],[QUOTE]Oh[COMMA] sure[COMMA][QUOTE] says Sally[COMMA] [QUOTE]He snores while I masturbate.[QUOTE],
Q: Why do brides smile while they walk down the wedding aisle?,A: They realize they've given their last blow jobs.,
Q: What do you do when you see your husband staggering in the back yard?,A: Shoot him again.,
My wife and I are having a baby -- soon as I get her pregnant.,We've been trying.,My sperm have been told their whole lives not to get any woman pregnant.,They've gotten extremely good at it.,
Dave's wife thinks that he is pushing himself too hard[COMMA] so she takes him to a local strip club for his birthday.,The doorman at the club greets them and says[COMMA] [QUOTE]Hey[COMMA] Dave!,How are ya?[QUOTE] His wife is puzzled and asks if he's been to this club before.,[QUOTE]Oh no[COMMA][QUOTE] says Dave.,[QUOTE]He's on my bowling team.[QUOTE],They sit and a waitress asks Dave if he'd like his usual.,His wife is becoming uncomfortable and says[COMMA] [QUOTE]You must come here a lot for that woman to know what you drink.[QUOTE],[QUOTE]No[COMMA] honey[COMMA] she's in the Ladies Bowling League.,We share lanes with them.[QUOTE],A stripper comes over to their table and throws her arms around Dave.,[QUOTE]Hi[COMMA] Davey[COMMA][QUOTE] she says[COMMA] [QUOTE]Want your usual lap dance?[QUOTE],Dave's wife[COMMA] now furious[COMMA] grabs her purse and storms out of the club.,Dave follows and spots her getting into a cab.,Before she can slam the door[COMMA] he jumps in beside her.,His wife starts screaming at him.,The cabbie turns his head and says[COMMA] [QUOTE]Looks like you picked up a real doozy this time[COMMA] Dave![QUOTE],
A fireman comes home from work one day and tells his wife[COMMA] [QUOTE]We have a wonderful system at the fire station: Bell 1 rings[COMMA] we put on our jackets; Bell 2 rings[COMMA] we slide down the pole; Bell 3 rings[COMMA] we're on the trucks.,From now on[COMMA] we're going to run this house the same way.,When I say Bell 1[COMMA] I want you to strip naked.,When I say Bell 2[COMMA] I want you to jump into bed.,When I say Bell 3[COMMA] we're going to make passionate love.[QUOTE],The next night[COMMA] the fireman comes home from work and yells[COMMA] [QUOTE]Bell 1![QUOTE] His wife takes off her clothes.,[QUOTE]Bell 2[COMMA][QUOTE] and his wife jumps into bed.,[QUOTE]Bell 3[COMMA][QUOTE] and they began to make love.,After two minutes[COMMA] his wife yells[COMMA] [QUOTE]Bell 4![QUOTE],[QUOTE]What's Bell 4?[QUOTE] the husband asks.,[QUOTE]More hose[COMMA][QUOTE] she replies[COMMA] [QUOTE]you're nowhere near the fire![QUOTE],
At the pet shop[COMMA] a man spots a parrot without any feet.,The man leans in[COMMA] [QUOTE]Hey buddy[COMMA] how do you hang onto your perch without any feet?[QUOTE],[QUOTE]I wrap my little parrot penis around this wooden bar[COMMA] kind of like a hook.[QUOTE],[QUOTE]Wow[COMMA][QUOTE] says the guy.,[QUOTE]I can't believe you're so smart!,I'm taking you home.[QUOTE],Weeks go by[COMMA] and the parrot not only understands everything the man says[COMMA] but he gives good advice.,The guy is delighted.,One day the guy comes home from work and the parrot says[COMMA] [QUOTE]Hey[COMMA] I don't know if I should tell you this or not[COMMA] but it's about your wife and the mailman.[QUOTE],[QUOTE]What happened?[QUOTE] asks the guy.,[QUOTE]Well[COMMA][QUOTE] the parrot says[COMMA] [QUOTE]when the mailman came to the door today[COMMA] your wife greeted him in a sheer nightgown and kissed him on the mouth.[QUOTE],[QUOTE]What happened then?[QUOTE] asks the guy.,[QUOTE]Then[COMMA] the mailman came into the house and lifted up your wife's nightgown[COMMA][QUOTE] reports the parrot.,[QUOTE]Oh no![QUOTE] the guy says.,[QUOTE]Then what?[QUOTE],[QUOTE]I don't know[COMMA][QUOTE] says the parrot.,[QUOTE]I got a hard-on and fell off my perch.[QUOTE],
A man walks into a pharmacy and tells the salesgirl that he's looking for a box of tampons for his wife.,She directs him to the correct aisle.,A few minutes later[COMMA] he deposits a huge bag of cotton balls on the counter.,She says[COMMA] confused[COMMA] [QUOTE]Sir[COMMA] I thought you were looking for tampons for your wife?[QUOTE],[QUOTE]You see[COMMA] it's like this.,Yesterday[COMMA] I sent my wife to the store to get me a carton of cigarettes[COMMA] and she came home with a tin of tobacco and some rolling paper.,So[COMMA] I figure[COMMA] if I have to roll my own[COMMA] so does she.[QUOTE],
A guy asks for a tattoo of a $100 bill on his penis.,Curious[COMMA] the tattoo artist asks him why he would possibly want that.,He replies[COMMA] [QUOTE]Three reasons: I like to play with my money[COMMA] I like to watch my money grow[COMMA] and $100 seems to be the only thing my wife will blow these days.[QUOTE] ,
A guy stands over his tee shot for what seems an eternity: looking up[COMMA] looking down[COMMA] measuring the distance[COMMA] figuring the wind direction and speed.,Finally his exasperated partner says[COMMA] [QUOTE]What's taking so long?,Hit the damn ball![QUOTE],The guy answers[COMMA] [QUOTE]My wife is up there watching me from the clubhouse.,I want to make this a perfect shot.[QUOTE],[QUOTE]Forget it[COMMA] man[COMMA][QUOTE] says his partner.,[QUOTE]You'll never hit her from here.[QUOTE],
Q: How can you tell if a University of Tennessee football player is married?,A: There is tobacco spit on both sides of his pickup truck.,
My whole thing with 'Love Connection' is if don't nobody want your ass down on the street[COMMA] what make you think Hollywood got something for you?,
I thought I was real racist because I was liking those black men -- so black that if you looked at a picture of them[COMMA] it looks like a negative.,
A man comes home from work early to find his blonde wife in bed with three men.,Completely shocked[COMMA] he shouts[COMMA] [QUOTE]Hello[COMMA] Hello[COMMA] Hello![QUOTE],The blonde whines[COMMA] [QUOTE]What?,No hello for me?[QUOTE],
Q: What are the three rings of marriage?,A: The engagement ring[COMMA] the wedding ring and the suffering.,
A newlywed couple goes on their honeymoon.,Two days into the weeklong trip[COMMA] the wife goes to the front desk and demands a car to take her to the airport.,A few hours later[COMMA] the husband strolls past the front desk.,The manager asks why his wife has left the island.,[QUOTE]Were you not having a good time?[QUOTE],The man replies[COMMA] [QUOTE]Well[COMMA] I've been having the best time of my life[COMMA] but it's been with the maid.[QUOTE],
I'd like to thank my wife[COMMA] Cookie[COMMA] for being by my side without crumbling.',
As a couple gets into bed[COMMA] the husband starts to rub and kiss his wife.,She turns over and says[COMMA] [QUOTE]I'm sorry[COMMA] honey.,I've got a gynecologist appointment tomorrow[COMMA] and I want to stay fresh.[QUOTE],The husband sadly turns over.,A few minutes later[COMMA] he rolls back over and taps his wife.,He asks[COMMA] [QUOTE]Do you have a dentist appointment[COMMA] too?[QUOTE] ,
A man and his wife enter a dentist's office.,The wife says [QUOTE]I need a tooth pulled.,No gas or Novocain -- I'm in a terrible hurry.,Just pull the tooth as quickly as possible.[QUOTE],[QUOTE]You're a brave woman[COMMA][QUOTE] says the dentist., [QUOTE]Now[COMMA] show me which tooth it is.[QUOTE],The wife turns to her husband and says[COMMA] [QUOTE]Open your mouth and show the dentist which tooth it is[COMMA] dear.[QUOTE],
Marge was cheating on her husband with another man when they heard a noise on the stairs.,[QUOTE]Oh[COMMA] my God[COMMA] your husband is home!,What am I going to do?[QUOTE],[QUOTE]Just stay in bed with me.,He's probably so drunk[COMMA] he's not going to notice you.[QUOTE],Sure enough[COMMA] Marge's husband crawled into bed[COMMA] but as he pulled up the covers[COMMA] he exposed six feet.,[QUOTE]Honey![QUOTE] he yelled.,[QUOTE]What the hell is going on?,I see six feet at the end of the bed![QUOTE],[QUOTE]Dear[COMMA] you're so drunk[COMMA] you can't count.,If you don't believe me[COMMA] count them again.[QUOTE],The husband got out of bed and counted.,[QUOTE]One[COMMA] two[COMMA] three[COMMA] four.,By damn[COMMA] you're right[COMMA] dear.[QUOTE],
Three guys all think that their wives are cheating on them.,The first guy thinks his wife is screwing a plumber because he found a tool belt under his bed.,The second guy thinks his wife is screwing a judge because he found a robe and gavel under his bed.,The third guy says[COMMA] [QUOTE]That's nothing!,I came home and found a cowboy under my bed.,I can't believe my wife is screwing a horse.[QUOTE],
A man wanted Valentine's Day to be special[COMMA] so he bought a bottle of absinthe and stopped by the florist's to order a bouquet of his wife's favorite flower: white anemones.,Unfortunately[COMMA] the florist was sold out of flowers and had only a few stems of feathery ferns.,The man asked the florist to make a bouquet out of the ferns and the flask of liquor.,He added a card and proceeded home.,After a romantic candlelight dinner[COMMA] he presented his wife with the gift.,She opened the card to read[COMMA] [QUOTE]Absinthe makes the heart grow fonder.[QUOTE],With a tear in her eye[COMMA] she whispered to him lovingly[COMMA] [QUOTE]Yes[COMMA] and with fronds like these[COMMA] who needs anemones.[QUOTE],
An 80-year-old man tells his wife[COMMA] [QUOTE]I'm going to the doctor to get me some of those new Viagra pills.[QUOTE],His wife gets her coat on and says[COMMA] [QUOTE]I'm going to the doctor[COMMA] too.,If you're going to start using that rusty old thing again[COMMA] I'm getting a tetanus shot.[QUOTE],
A stranger walks up to an Egyptian man at the Cairo bazaar and offers to sell him contraband Viagra for 100 Egyptian pounds.,The Egyptian man says[COMMA] [QUOTE]No[COMMA] not worth it.[QUOTE],The stranger says[COMMA] [QUOTE]How about 20?[QUOTE],The Egyptian man says[COMMA] [QUOTE]No[COMMA] not worth it.[QUOTE],The stranger says[COMMA] [QUOTE]How about 10?[QUOTE],The Egyptian man says[COMMA] [QUOTE]No[COMMA] not worth it.[QUOTE],The stranger says[COMMA] [QUOTE]Listen[COMMA] these pills cost $10 each in the U.S.,How can you say they're not worth it?[QUOTE],The Egyptian man says[COMMA] [QUOTE]Oh[COMMA] the pills are worth it -- my wife isn't.[QUOTE],
Q: What's the difference between a penis and a paycheck?,A: You don't have to beg your wife to blow your paycheck.,
A young guy walks into a bar.,An old drunk sits with a shoe box on the stool next to him.,The guy asks[COMMA] [QUOTE]What's in the box?[QUOTE],The older guy says matter-of-factly[COMMA] [QUOTE]A South American Blow Job Toad.[QUOTE],The young guy looks around.,[QUOTE]Can I try it?[QUOTE],The older guy nods.,The young guy goes to the men's room and returns 20 minutes later.,[QUOTE]That was amazing[COMMA][QUOTE] he says[COMMA] [QUOTE]You've got to sell it to me.[QUOTE],The old drunk concedes to sell the toad for a hefty sum.,The happy young man struts home and meets his wife at the door.,[QUOTE]Where the hell have you been?,What's in the box?[QUOTE] she demands.,[QUOTE]South American Blow Job Toad.[QUOTE],[QUOTE]So?[QUOTE] asks the wife.,[QUOTE]So[COMMA] teach it to cook and get the f**k out.[QUOTE],
A guy walks into a bar and asks for a beer.,He chugs it[COMMA] looks into his pocket and asks for another beer.,He chugs that beer[COMMA] looks into his pocket and asks for another.,The man does this a few more times until the bartender asks[COMMA] [QUOTE]How come you ask for a beer[COMMA] chug it[COMMA] then look in your pocket?[QUOTE],The man says[COMMA] [QUOTE]Because there is a picture of my wife in my pocket and I'm gonna keep drinking till she looks good enough for me to go home.[QUOTE],
A man calls his wife into the bedroom.,[QUOTE]I want to show you the new watch I got today.[QUOTE],She goes in and find him with his pants down.,[QUOTE]That's not a watch![QUOTE] she says.,[QUOTE]It will be once you put two hands and a face on it.[QUOTE],
A man[COMMA] his wife and a good-looking stranger are stranded on a desert island.,The wife quickly loses interest in her husband and begins flirting with the good-looking stranger.,The three start to build a watchtower.,The stranger offers to take first watch.,While the husband and wife gather driftwood on the sand[COMMA] the stranger yells[COMMA] [QUOTE]Hey!,No sex on the beach!,Get back to work![QUOTE],The husband yells back[COMMA] [QUOTE]We're not having sex![QUOTE],Later[COMMA] the stranger yells out to them again.,Again[COMMA] the husband yells back and corrects him.,This happens several times during the stranger's shift.,Finally[COMMA] the husband's takes his shift in the watch tower.,His wife and the good-looking stranger make passionate love on the beach.,The husband on watch exclaims[COMMA] [QUOTE]Wow[COMMA] it really does look like f**king from up here![QUOTE],
As is tradition in Italian families[COMMA] Marol spends her wedding night in her family home.,Her mother sleeps in the adjacent room in case Marol has any questions.,Mama tells Marol[COMMA] [QUOTE]You have any a problem[COMMA] you come and see Mama.[QUOTE],Later[COMMA] Marol's husband unbuttons his shirt[COMMA] and Marol jumps up[COMMA] runs next door and cries[COMMA] [QUOTE]Mama[COMMA] Mama!,He has hair all over his chest![QUOTE],Mama reassures Marol[COMMA] [QUOTE]Men have hair on the chest.,This is sign of a good man.,Go now and make him happy.[QUOTE],But when Marol's husband takes off his belt[COMMA] she goes jumps up again[COMMA] runs next door and cries[COMMA] [QUOTE]Mama[COMMA] Mama!,He has a protrusion in his pants![QUOTE],Mama reassures her[COMMA] [QUOTE]He finds you beautiful.,This is sign of a good man.,Go now and make him happy.[QUOTE],Finally[COMMA] Marol's husband takes off his shoes.,Due to a terrible childhood accident[COMMA] he only has half of his right foot.,Marol jumps up and runs back to her mother's room[COMMA] shouting[COMMA] [QUOTE]Mama[COMMA] Mama!,He has a foot and a half![QUOTE],Her mother gets up and announces[COMMA] [QUOTE]Stand back[COMMA] Marol -- this is a job for Mama![QUOTE],
A groom waits at the altar with a huge smile on his face.,His best man asks[COMMA] [QUOTE]Why do you look so excited?[QUOTE],The groom replies[COMMA] [QUOTE]I just had the best blow job I have ever had in my entire life[COMMA] and I am marrying the wonderful woman who gave it to me.[QUOTE],The bride waits at the other end of the aisle with a huge smile on her face.,Her maid of honor asks[COMMA] [QUOTE]Why do you look so excited?[QUOTE],The bride replies[COMMA] [QUOTE]I just gave the last blow job of my entire life.[QUOTE],
An old mountaineer and his young ex-wife were fighting over custody of their children.,The mother protested that since she brought her kids into this world[COMMA] she should retain custody of them.,The judge asked the old mountaineer for his side of the story.,After a long moment of silence[COMMA] the mountaineer rose from his chair and asked[COMMA] [QUOTE]Judge[COMMA] when I put a quarter in a candy machine and a candy bar comes out[COMMA] does it belong to me or the machine?[QUOTE],
A newlywed couple just moved into their new house.,One day[COMMA] the wife asked her husband[COMMA] [QUOTE]Honey[COMMA] one of the bathroom pipes is leaking.,Could you fix it?[QUOTE],The husband looked at his wife and said[COMMA] [QUOTE]What do I look like -- Mr.,Plumber?[QUOTE],A few days went by[COMMA] and his wife asked for a favor.,[QUOTE]Honey[COMMA] the car won't start.,I think it needs a new battery.,Could you change it for me?[QUOTE],[QUOTE]What do I look like -- Mr.,Goodwrench?[QUOTE],A couple weeks later[COMMA] the wife found a leak in the roof.,[QUOTE]Honey[COMMA] there's a leak on the roof.,Can you please fix it?[QUOTE],[QUOTE]What do I look like -- Bob Vila?[QUOTE] He sat down with a beer and watched a game on TV.,One rainy weekend[COMMA] the husband realized the leak on the roof was gone.,He went to the bathroom and found that the pipe behind the sink wasn't leaking anymore either.,When his wife returned home[COMMA] the husband asked[COMMA] [QUOTE]Honey[COMMA] how come there aren't any more leaks and the car's running?[QUOTE],She replied nonchalantly[COMMA] [QUOTE]Oh[COMMA] the other day I ran into one of our new neighbors[COMMA] Jon.,What a nice man.,He came over and fixed everything.,[QUOTE]Wow[COMMA] did he charge us anything?[QUOTE],[QUOTE]No[COMMA] he said he'd do it for free if I either baked him a cake or had sex with him.[QUOTE],[QUOTE]Cool.,What kind of cake did you make?[QUOTE],[QUOTE]Cake?,What the hell do I look like -- Betty Crocker?[QUOTE],
An escaped convict broke into a house and tied up a young couple in their bedroom.,The husband turned to his wife and whispered[COMMA] [QUOTE]Honey[COMMA] this guy hasn't seen action in years.,If he wants sex[COMMA] I think it's best to just go along with it and pretend you like it.,Our lives depend on it.[QUOTE],[QUOTE]I'm so relieved you feel that way[COMMA][QUOTE] replies his wife[COMMA] [QUOTE]because he told me he thinks you're really cute.[QUOTE] ,
Three women sit in a beauty parlor talking about their husbands.,The first woman says[COMMA] [QUOTE]Last night my husband said he was going to his office[COMMA] but when I called they said he wasn't there![QUOTE],[QUOTE]I know![QUOTE] the next woman says[COMMA] [QUOTE]Last night my husband said he was going to his brother's house[COMMA] but when I called he wasn't there.[QUOTE],The third woman says[COMMA] [QUOTE]I always know where my husband is.[QUOTE],[QUOTE]Impossible![QUOTE] both women exclaim[COMMA] [QUOTE]He has you completely fooled![QUOTE],[QUOTE]Oh no[COMMA][QUOTE] says the woman.,[QUOTE]I'm a widow.[QUOTE],
An 80 year old man was having his annual checkup when the doctor asked how he was feeling.,''I've never been better!'' he boasted.,''I've got an 18 year old bride who's pregnant and having my child!,What do you think about that?'' ,The doctor considered this for a moment[COMMA] then said[COMMA] ''Let me tell you a story.,I knew a guy who was an avid hunter.,He never missed a season.,But one day he went out in a bit of a hurry and accidentally grabbed his umbrella instead of his gun.'' The doctor continued[COMMA] ''So he was in the woods and suddenly a grizzly bear appeared in front of him!,He raised up his umbrella[COMMA] pointed it at the bear and squeezed the handle.,And do you know what happened?'' the doctor queried.,Dumbfounded[COMMA] the old man replied[COMMA] ''No[COMMA] what?'' ,The doctor continued[COMMA] ''The bear dropped dead in front of him.'' ,''That's impossible!'' exclaimed the old man.,''Someone else must of shot the bear.'' ,''That's kind of what I'm getting at[COMMA]'' replied the doctor.,
A wife goes on a retreat for work.,When she returns[COMMA] she finds a pair of panties in her dresser that do not belong to her.,Furious[COMMA] she questions her husband.,The husband says[COMMA] [QUOTE]I have no idea where they came from -- I don't do the laundry![QUOTE],So[COMMA] the wife goes to the maid and questions her.,Indignant[COMMA] the maid replies[COMMA] [QUOTE]Madam[COMMA] how should I know?,These panties don't belong to me.,I don't even wear panties -- just ask your husband![QUOTE],
A woman visits a fortuneteller who tells her[COMMA] [QUOTE]Prepare yourself to be a widow.,Your husband will die a violent and horrible death this year.[QUOTE],Visibly shaken[COMMA] the woman takes a few deep breaths[COMMA] steadies her voice and asks[COMMA] [QUOTE]Will I be acquitted?[QUOTE],
An old man and woman hate each other[COMMA] but remain married for years.,During their shouting fights[COMMA] the old man constantly warns his wife[COMMA] [QUOTE]If I die first[COMMA] I will dig my way up and out of the grave to come back and haunt you for the rest of your life![QUOTE],One day[COMMA] the man abruptly dies.,After the burial[COMMA] the wife goes straight to the local bar and begins to party.,Her friends ask if she isn't worried about her husband digging himself out of the grave.,The wife smiles[COMMA] [QUOTE]Let the old bugger dig.,I had him buried upside down![QUOTE],
A married couple walks up to a wishing well.,The guy leans over[COMMA] makes a wish and throws in a penny.,His wife decides to make a wish[COMMA] too[COMMA] but she leans over too far[COMMA] falls into the well and drowns.,The guy says[COMMA] [QUOTE]Wow[COMMA] it really works.[QUOTE] ,
Three guys sit in a bar complaining about their wives.,The first guy says[COMMA] [QUOTE]My wife is so dumb[COMMA] she carries an automatic garage door opener in her car and she doesn't have a garage door.[QUOTE],The second guy says[COMMA] [QUOTE]My wife is so dumb[COMMA] she listens to an iPod and she doesn't have any earphones.[QUOTE],The third guy says[COMMA] [QUOTE]My wife is so dumb[COMMA] she carries a purse full of condoms and she doesn't even have a d**k.[QUOTE],
I want me a big black girl...,the type of woman that sits in the car and it looks like it's got tinted windows.,
I want me a big black girl....,type of woman that lies in the bed[COMMA] looks like a big old hole in the sheets.,
Maria[COMMA] a devout Catholic[COMMA] got married and had 10 children.,After her first husband died[COMMA] she remarried and had 10 more children.,A few weeks after her second husband died[COMMA] Maria also passed away.,At Maria's funeral[COMMA] the priest looked skyward and said[COMMA] [QUOTE]At last[COMMA] they're finally together.[QUOTE],Her sister sitting in the front row said[COMMA] [QUOTE]Excuse me[COMMA] Father[COMMA] but do you mean she and her first husband[COMMA] or she and her second husband?[QUOTE],The priest replied[COMMA] [QUOTE]I mean her legs.[QUOTE],
Q: What do you call a woman with no a**hole?,A: Divorced.,
CAN'T WE JUST BE FRIENDS?,There is no way in hell I'm going to let any part of your body touch any part of mine.,I JUST NEED SOME SPACE.,...,without you in it.,DO I LOOK FAT IN THIS DRESS?,We haven't had a fight in a while.,I DON'T KNOW[COMMA] WHAT DO YOU WANT TO DO?,I can't believe you have nothing planned.,I LIKE YOU[COMMA] BUT...,I don't like you.,OF COURSE I LOVE YOU.,...,just not in that way.,YOU NEVER LISTEN.,You never listen.,WE'RE MOVING TOO QUICKLY.,I'm not going to sleep with you until I find out if this guy at the gym has a girlfriend.,OH[COMMA] NO[COMMA] I'LL PAY FOR MYSELF.,There's no way I'm letting you think this is a date.,OH YES!,RIGHT THERE!,Well[COMMA] near there[COMMA] I just want to get this over with.,I'M JUST GOING OUT WITH THE GIRLS.,We're gonna get drunk and make fun of you and your friends.,
I realize[COMMA] you know[COMMA] you're on your knees praying and everything[COMMA] but you got a beautiful ass[COMMA] you know that?,No[COMMA] no[COMMA] no[COMMA] I don't mean that -- I mean that religiously[COMMA] you know?,I'm not trying to offend you.,You've got an ass like an altar[COMMA] you know what I'm saying?,You could sit candles on that fella[COMMA] you know what I'm saying?,And I've come to present some offerings.,Hey[COMMA] why am I blind?!,
When they get you[COMMA] they have their own little signature[COMMA] like Gucci or something like that.,When you walk down the street[COMMA] girls will walk by[COMMA] and they'll say[COMMA] 'Oh[COMMA] that's Gladys' work[COMMA] ain't it?',
Q: What do women[COMMA] tornadoes and hurricanes have in common?,A: They all get the house.,
Three men discuss the Christmas presents they bought for their wives.,The first man says he bought his wife a vacation home in the Bahamas and one in Jamaica.,[QUOTE]That way[COMMA][QUOTE] he explains[COMMA] [QUOTE]if she doesn't like one[COMMA] she can use the other.[QUOTE],The second man says he bought his wife a sports car and a limo for exactly the same reason.,The third man says[COMMA] [QUOTE]I bought my wife a negligee and a vibrator.,That way[COMMA] if she doesn't like the negligee[COMMA] she can go screw herself.[QUOTE] ,
A woman tells her friend she is getting married for the fourth time.,[QUOTE]How wonderful!,I hope you don't mind me asking[COMMA] what happened to your first husband?[QUOTE],[QUOTE]He ate poisonous mushrooms and died.[QUOTE],[QUOTE]Oh[COMMA] how tragic!,What about your second husband?[QUOTE],[QUOTE]He also ate poisonous mushrooms and died.[QUOTE],[QUOTE]Oh[COMMA] how terrible!,I'm almost afraid to ask you about your third husband.[QUOTE],[QUOTE]He died of a broken neck.[QUOTE],[QUOTE]A broken neck?[QUOTE],[QUOTE]He wouldn't eat the mushrooms.[QUOTE],
A man comes home to find his wife packing her bags and asks her where she's going.,[QUOTE]To Las Vegas.,I found out there are men who will pay me $400 to do what I do to you for free.[QUOTE],The man started packing his bags.,[QUOTE]Where are you going?[QUOTE] she asked.,[QUOTE]I'm going to Las Vegas with you.,I want to see how you'll live on $800 a year.[QUOTE],
On the first night of their honeymoon[COMMA] the new bride tells her husband[COMMA] [QUOTE]I have a confession to make.,I'm not a virgin.,I've been with one other guy.[QUOTE],[QUOTE]Oh yeah?,Who was the guy?[QUOTE],[QUOTE]Tiger Woods[COMMA] the golfer.[QUOTE],[QUOTE]Well[COMMA] he's rich[COMMA] famous and handsome.,I can understand that.[QUOTE],The couple then makes passionate love.,When they finish[COMMA] the husband gets up and walks to the telephone.,[QUOTE]What are you doing?[QUOTE] asks the wife.,[QUOTE]I'm hungry.,I'm calling room service.[QUOTE],[QUOTE]Tiger wouldn't do that.[QUOTE],[QUOTE]Oh yeah?,What would Tiger do?[QUOTE],[QUOTE]He'd come back to bed and do it a second time.[QUOTE],The husband drops the phone and makes love to his wife a second time.,When they finish[COMMA] he goes back to the phone.,[QUOTE]What are you doing now?[QUOTE] she asks.,[QUOTE]I'm still hungry[COMMA] so I'm going to ring room service for some food.[QUOTE],[QUOTE]Tiger wouldn't do that.[QUOTE],[QUOTE]Oh yeah?,What would Tiger do?[QUOTE],[QUOTE]He'd come back to bed and do it one more time.[QUOTE],The husband puts the phone down and heads back to bed.,Exhausted after the third lovemaking session[COMMA] he shuffles back to the phone and starts to dial.,The wife asks[COMMA] [QUOTE]Are you calling room service?[QUOTE],[QUOTE]No!,I'm calling Tiger Woods to find out what's par for this hole![QUOTE],
If I've invested precious time and energy in a relationship[COMMA] and I've been honest and open[COMMA] hanging and coping[COMMA] true blue[COMMA] a good screw[COMMA] to some fly guy who's out constantly getting high[COMMA] then I'm dumped -- suicide is not one of my thoughts.,I'm thinking maybe homicide.,
I like a big[COMMA] strong[COMMA] hardworking man[COMMA] a man who wakes up early in the morning eager to work hard.,I'm talking day-in and day-out -- just working and sweating and sweating and working[COMMA] and when it's all over[COMMA] he showers and goes to his job.,
Yo' Mama is so fat[COMMA] yo' daddy only sees the other side of her every 4 years.,
Yo' Mama is so poor[COMMA] she got married for the rice.,
I met a sista once who told me she could tell how good a brotha is in bed simply by the way he opens the door to his apartment.,So[COMMA] I asked her how.,She said if that brotha fumbles with the keys[COMMA] that means he doesn't know what he's doing.,If he opens the door too quick[COMMA] means he's too fast and he's a total waste of time.,But if that brotha opens the door with a smooth[COMMA] controlled movement[COMMA] that means he's real good in bed.,Then she asked me how I open the door to my apartment.,I told her[COMMA] 'Honey[COMMA] I lick the lock first.',
Two couples are playing cards.,John accidentally drops some cards on the floor.,When he bends down under the table to pick them up[COMMA] he notices that Bill's wife isn't wearing any underwear.,Later[COMMA] John goes into the kitchen to get some refreshments.,Bill's wife follows him and asks[COMMA] [QUOTE]Did you see anything that you liked under there?[QUOTE],John admits that he did.,She says[COMMA] [QUOTE]You can have it[COMMA] but it will cost you $100.[QUOTE],They decide that John should come to her house around 2 p.m.,on Friday while Bill is at work.,On Friday[COMMA] John arrives at 2 p.m.,He pays Bill's wife $100.,They go to the bedroom[COMMA] have sex and then John leaves.,When Bill comes home at 6 p.m.[COMMA] he asks his wife[COMMA] [QUOTE]Did John come by this afternoon?[QUOTE],Reluctantly[COMMA] she replies[COMMA] [QUOTE]Yes[COMMA] he did stop by for a few minutes.[QUOTE],Next Bill asks[COMMA] [QUOTE]Did he give you $100?[QUOTE],She thinks[COMMA] [QUOTE]Oh hell[COMMA] he knows![QUOTE] Finally she says[COMMA] [QUOTE]Well[COMMA] yes[COMMA] he did give me $100.[QUOTE],[QUOTE]Good[COMMA][QUOTE] Bill says.,[QUOTE]John came by the office this morning and borrowed $100 from me.,He said that he would stop by our house on his way home and pay me back.[QUOTE],
Somebody told me the best way to meet women is to do something you enjoy -- right away[COMMA] you have something in common.,So[COMMA] I've spent the past year smoking dope and watching television.,
Get to know your mate.,If there's something you need to know about him[COMMA] just ask him right up front.,And choose the right moment because the fellas don't like opening up.,Like[COMMA] after intimacy[COMMA] turn around[COMMA] look him in his eye and say[COMMA] 'I've been wanting to know[COMMA] what's your name?',
-- The smell of beer on your breath drives me wild.,-- I'm bored.,Let's shave the p***y.,-- I've decided to stop wearing clothes around the house.,-- Let's get a good porno movie[COMMA] a case of beer[COMMA] and make an afternoon of it.,-- God[COMMA] if I don't blow you soon[COMMA] I swear I'm gonna bust!,-- I only signed up for yoga so that I can get my ankles behind my head.,-- Let's subscribe to Hustler.,-- Let's take pictures so your friends will believe you.,-- Honey[COMMA] our neighbor's daughter is sunbathing again.,Come see!,-- Awesome fart!,Do another one!,
An old couple celebrates their 50th wedding anniversary in a honeymoon suite.,All night long[COMMA] the bellboy hears laughing and clapping sounds from their room.,The next morning[COMMA] he asks the old man how he can do it all night at his age.,The husband replies[COMMA] [QUOTE]First[COMMA] I remove my clothes.,Then[COMMA] I lie down on the bed face up.,Then[COMMA] my wife removes her clothes and,lifts up my penis with one hand[COMMA] and we make a bet.,If it falls to left when she lets go[COMMA] I win; if it falls to right[COMMA] she wins.[QUOTE],The bell boy asks[COMMA] [QUOTE]Well[COMMA] what if it doesn't fall?[QUOTE],[QUOTE]Then we both win[COMMA][QUOTE] says the old man.,
If you're black in America[COMMA] you're relatively well-spoken[COMMA] well-dressed[COMMA] well-educated[COMMA] sooner or later you can count on one of your white contemporaries -- with the very best of intentions -- turning to you and saying something along the lines of[COMMA] 'You know what?,You are so damn cool.,Sometimes[COMMA] I actually have trouble remembering that you're black.,No[COMMA] I mean that.,Sometimes I really forget that you're black.' Yeah[COMMA] well[COMMA] let me marry your sister[COMMA] and I'm sure it will pop right back into your mind.,
