Two Irishmen walk into a pet shop.,Right away they go to the bird section and Sean says to Paddy; [QUOTE]Dat''s Dem[QUOTE].,The shopkeeper comes over and asks if he can help.,[QUOTE]Yeah[COMMA] we''ll take four of dem dere budgies in dat cage op dere[QUOTE][COMMA] says Mick[COMMA] [QUOTE]Put dem in a pepper bag[QUOTE] ,The shopkeeper does as asked and the two pay for the birds and leave.,They get into Mick''s van and drive until they reach a cliff with a 500ft drop.,[QUOTE]Dis looks loike a grand place[QUOTE][COMMA] says Mick.,He then takes the two birds out of the bag[COMMA] places them on his shoulders and jumps off the cliff.,Paddy watches as his friend drops off the edge and goes straight down for a few seconds followed by a loud [QUOTE]Splat![QUOTE],As Paddy looks over the edge of the cliff he shakes his head.,[QUOTE]Focket Dat[COMMA][QUOTE] Paddy says[COMMA] [QUOTE]dis budgie jumpin'' is too dangerous for me...[QUOTE],A few minutes later[COMMA] Seamus approaches.,He too has been to the pet shop and,is carrying the familiar 'pepper bag.' ,Seamus pulls a parrot out of the bag and Paddy notices that in the other hand Seamus is carrying a gun.,[QUOTE]Watch this Paddy[QUOTE] he says[COMMA] as he launches himself over the edge of the cliff.,Paddy watches as half way down Seamus takes the gun and blows the parrot''s head off.,Seamus continues to plummet until he joins Sean''s mashed remains at the bottom of the cliff.,Paddy shakes his head and says[COMMA] [QUOTE]An oim never troyin'' that parrotshooting oider...[QUOTE],After a few minutes[COMMA],Danny strolls up.,He too has been to the pet shop and walks up with his 'pepper bag.',Danny pulls a chicken out of the bag., He puts the chicken above his head[COMMA] holds its legs and launches himself off the cliff with the same result.,Once more Paddy shakes his head.,[QUOTE]For me life Danny[COMMA] first der was Sean wit his budgie jumpin[COMMA] den Seamus parrotshooting and now you fockin'' hengliding...[QUOTE],
Q: Why did the chicken say[COMMA] [QUOTE]Meow[COMMA] oink[COMMA] bow-wow[COMMA] moo?[QUOTE],A: He was studying foreign languages.,
Two men are sitting next to each other in an Irish-style pub in New York City and both order pints of Guinness.,One of them turns to the other and asks[COMMA] [QUOTE]So where are you from?[QUOTE], [QUOTE]I'm from Ireland.[QUOTE], [QUOTE]Me too!,I'll drink to that.[QUOTE] , They both finish their pints and order two more., [QUOTE]Where in Ireland are you from?[QUOTE], [QUOTE]Dublin.[QUOTE], [QUOTE]Me too!,I'll drink to that.[QUOTE] , They both finish their pints and order two more.,[QUOTE]Where in Dublin are you from?[QUOTE] ,[QUOTE]The East Side.[QUOTE], [QUOTE]The East Side?,Me too!,What a coincidence!,I'll drink to that![QUOTE] , They both finish their pints and order two more.,[QUOTE]Where on the East Side are you from?[QUOTE] ,[QUOTE]McDonagh Street.[QUOTE], [QUOTE]Me too!,This is incredible!,I'll drink to that.[QUOTE] ,As the bartender pours them another two pints[COMMA] another customer at the bar says to him[COMMA] [QUOTE]That's amazing!,I can't believe they're from the same street in Dublin.,What's going on?[QUOTE], [QUOTE]Oh[COMMA] it's nothing amazing[COMMA][QUOTE] says the bartender.[QUOTE]It's just the Ferguson twins getting sloshed again.[QUOTE] ,
Q: What do Eskimos get from sitting on a block of ice?,A.,Polaroids.,
A young reporter went to a retirement home to interview an aged but legendary explorer.,The reporter asked the old man to tell him the most frightening experience he had ever had.,The old explorer said[COMMA] [QUOTE]Once I was hunting Bengal tigers in the jungles of India.,I was on a narrow path and my faithful native gun bearer was behind me.,Suddenly the largest tiger I have ever seen leaped onto the path in front of us.,I turned to get my weapon only to find the native had fled.,The tiger lept toward me with a mighty ROARRRR!,I soiled myself.[QUOTE] ,The reporter said[COMMA] [QUOTE]Under those circumstances anyone would have done the same.[QUOTE] ,The old explorer said[COMMA] [QUOTE]No[COMMA] not then -- just now when I went ''''ROARRRR!''''[QUOTE],
Ain't nobody ever gave me nothing!' -- no matter what the movie be[COMMA] whatever the actor be doing.,He could be fixing some food: 'Hey you gonna finish that?' 'You listen to me[COMMA] ain't nobody ever gave me nothing!' 'And CUT!' They could be swimming away from a shark: 'Come on man[COMMA] we gotta get out of here.' 'Listen!,Ain't nobody ever gave me nothing!',
Q: What do you call a guy with a blue penis?,A: A tight-fisted wanker.,
One day some fisherman caught tons of fish called tench., The fisherman couldn''t eat them all so they gave them to the Mayor of the town., The Mayor wasn''t sure what to do with them., Then he had an idea; he would have a fish-eating competition.,When they had the competition[COMMA] there were two finalists: a man from a place called Fife[COMMA] whose name was Mr.,Hicks; and a man that was from Sweden[COMMA] whose name is Sven.,So they had the final; the Mayor fired the starting pistol and they started eating the tench., No sooner had Mr.,Hicks bitten the fish than one of his teeth fell out., He couldn''t eat because of this so he stopped[COMMA] but the Mayor refused to stop the competition., So Sven kept on eating and ended up eating nine of these tench fish.,The next day the headlines read:,ONE TOOTH FREE FOR FIFE HICKS[COMMA] SVEN ATE NINE TENCH!,
An Irishman[COMMA] an Englishman and a Scotsman go into a pub and each order a pint of Guinness.,Just as the bartender hands them over[COMMA] three flies buzz down[COMMA] and one lands in each of the pints.,The Englishman looks disgusted[COMMA] pushes his pint away and demands another pint.,The Scotsman picks out the fly[COMMA] shrugs and takes a long swallow.,The Irishman reaches into the glass[COMMA] pinches the fly between his fingers and shakes him while yelling[COMMA] [QUOTE]Spit it out[COMMA] ya bastard!,Spit it out![QUOTE],
A Welshman[COMMA] an Englishman and a Irishman were being chased by Farmer Giles with a shotgun.,After 10 minutes of running they spotted a barn and ran inside.,Once inside they each hid in a old sack against the barn wall.,The farmer went into the barn but did not see where they went[COMMA] he was about to turn back when he saw three suspicious looking sacks., He walked forward and prodded the first sack with his gun., The Englishman inside said...,''Meow'.',[QUOTE]Just cats[COMMA][QUOTE] he thought.,He then prodded the second sack., The Welshman[COMMA] hearing how the Englishman got off said...,''Woof'.',[QUOTE]Just dogs[COMMA][QUOTE] he thought.,As he walked towards the last sack[COMMA] the Irishman worked out what he was going to say., As soon as the farmer prodded his sack he said...,''Potatoes!'',
1.,Inflatable dart board.,2.,Glow-in-the-dark sunglasses.,3.,A book on how to read.,4.,Solar-powered flashlight., 5.,Screen door on a submarine.,
Did you hear about the 25 Irish people that, drowned?,They were riverdancing.,
On a beautiful deserted island in the middle of nowhere[COMMA] the following people are stranded:, 2 Italian men and 1 Italian woman[COMMA] 2 French men and 1 French woman[COMMA] 2 German men and 1 German woman[COMMA] 2 Greek men and 1 Greek woman[COMMA] 2 English men and 1 English woman[COMMA] 2 Polish men and 1 Polish woman[COMMA] 2 Japanese men and 1 Japanese woman[COMMA] 2 Australian men and 1 Australian woman[COMMA] 2 New Zealander men and 1 New Zealander woman[COMMA] 2 Irish men and 1 Irish woman[COMMA] 2 American men and 1 American woman.,One month later[COMMA] the following things have occurred....,One Italian man killed the other Italian man for the Italian woman.,The two French men and the French woman are living happily together[COMMA] having loads of sex.,The two German men have a strict weekly schedule of when they alternate with the German woman.,The two Greek men are sleeping with each other and the Greek woman is cleaning and cooking for them.,The two English men are waiting for someone to introduce them to the English woman.,The Polish men took a long look at the endless ocean and one look at the Polish woman and they started swimming.,The two Japanese men have faxed Tokyo and are waiting for instructions.,The two Australian men beat each other senseless fighting,over the Australian woman[COMMA] who called them both [QUOTE]bloody wankers[QUOTE] and is checking out all the other men.,Both New Zealand men are searching the island for sheep.,The Irish began by dividing the island into North and South,and setting up a distillery.,They do not remember if sex is in the picture because it gets sort of foggy after the first few liters of coconut whiskey[COMMA] but they are satisfied in that at least the English are not getting any.,The American woman keeps on bitching about her body being her own[COMMA] the true nature of feminism[COMMA] how she can do everything that they can do[COMMA] about the necessity,of fulfillment[COMMA] the equal division of household chores[COMMA] how her last boyfriend respected her opinions and treated her much nicer and how her relationship with her mother is mproving.,The two American men have committed suicide.,
Q: What does an Irishman get after eating Italian food?,A: Gaelic breath.,
Q: Why did the Italian boy want to grow a mustache?,A: So he could look like his mama.,
They don't treat the black people right.,In our neighborhoods[COMMA] they don't have banks -- they have check cashing.,
You seen white people goin[COMMA] 'Oh[COMMA] how ya doin'[COMMA] Bob?,Ah[COMMA] no I.D.,with me today.,No[COMMA] I forgot my I.D.,Just go ahead --$5[COMMA]000.' Brothers be at the bank -- he's got his birth certificate[COMMA] social security card[COMMA] his lotto tickets[COMMA] his pictures his kid drew[COMMA] and they're still over in the back going[COMMA] 'I don't think that's him.,I'll tell you what[COMMA] give him $28.',
I'm sweating like a black man on 'Jeopardy.',
Q: What's the most famous coffee in Afghanistan?,A: Osama bin Latte ,
Q: How does every ethnic joke start?,A: By looking over your shoulder.,
Q: What's an,Australian kiss?,A: It's a French kiss down under.,
Q: How many Irishmen does it take to screw in a light bulb?,A: [QUOTE]Aw[COMMA] f**k it!,We'll drink in the dark![QUOTE] ,
There was a man from Leek,Who instead of a nose had a beak.,It grew quite absurd[COMMA],till he looked like a bird,He migrates at the end of next week.,
Did you hear the one about the cannibal who passed his brother in the jungle the other day?,
An Aggie and a Longhorn had just bought a ranch together[COMMA] so they were driving the fence line to check everything out when they came upon a goat with his head stuck in a fence.,So the Longhorn gets out of the truck[COMMA] looks around[COMMA] and then starts screwing the goat.,He gets finished[COMMA] takes a step back[COMMA] ands asks the Aggie[COMMA] [QUOTE]Hey[COMMA] you want a piece of this?[QUOTE],The Aggie says[COMMA] [QUOTE]Yeah[COMMA] but do I have to stick my head in the fence?[QUOTE],
I'm tired of people saying all black people look alike.,We don't all look alike.,Ain't it funny how they always say we all look alike until we go cash a check?,Then we don't look like nobody.,
A black man start losing his hair[COMMA] what'd he do?,Just cut it all off -- pow!,-- Montel Williams in the house!,White man start losing his hair[COMMA] what'd he do?,Take the hair from the side and fold it over the top.,Black man ain't going out like that.,
Q.,What did the Mexican firefighter name his two sons?,A.,Hose A and Hose B,
An infamous killer is on death row[COMMA] and he is allowed one last meal an hour before he dies.,He asks if he can have his favorite food[COMMA] which is Mexican[COMMA] and the guards give him whatever he wants.,An hour goes by[COMMA] and it is time for him to go.,One of the guard asks if he had any last words.,The guy replies[COMMA] [QUOTE]Yeah...pull my finger.[QUOTE] ,
I can remember when you were a little[COMMA] short black boy with an afro.,Now[COMMA] you are a tall white woman with a perm.,
Three explorers were hiking through a vast forest that would eventually become Canada.,[QUOTE]You know[COMMA][QUOTE] said the first explorer[COMMA] [QUOTE]we should name this vast forest we're hiking through.[QUOTE],[QUOTE]I know[COMMA][QUOTE] said the second explorer.,[QUOTE]We'll each pick a letter and then make a name out of that.[QUOTE],[QUOTE]Good idea[COMMA][QUOTE] said the third explorer.,[QUOTE]You go first.[QUOTE],[QUOTE]Okay[COMMA][QUOTE] said the first explorer.,[QUOTE]C[COMMA] ay.[QUOTE],[QUOTE]My turn[COMMA][QUOTE] said the second explorer.,[QUOTE]N[COMMA] ay.[QUOTE],Unfortunately[COMMA] before the third explorer could choose a letter[COMMA] a bear jumped out of the trees and killed and ate all three explorers.,Eventually[COMMA] some guy came along and named the country after his aunt.,
A cowboy rides in the desert and comes upon a Native American lying naked with a hard-on.,He asks[COMMA] [QUOTE]What are you doing?[QUOTE],The naked man replies[COMMA] [QUOTE]I'm finding out the time -- it is 12:15.[QUOTE],The cowboy looks at his watch and thinks[COMMA] [QUOTE]Wow[COMMA] it really is 12:15.[QUOTE],The cowboy continues and sees another Native American lying naked with a hard-on.,He asks[COMMA] [QUOTE]What are you doing?[QUOTE],The naked man replies[COMMA] [QUOTE]I'm seeing what time it is -- it is 3:15.[QUOTE],The cowboy looks at his watch and that is the correct time.,The cowboy continues and finds a third Native American lying naked on the ground[COMMA] masturbating.,The cowboy asks what he's doing and he replies[COMMA] [QUOTE]I'm winding my watch.[QUOTE],
A little Native American boy asks his chief how babies in their tribe get their names.,The chief replies[COMMA] [QUOTE]When a baby is born[COMMA] the father takes him outside of the teepee[COMMA] holds him over his head[COMMA] and names him after the first thing he sees - like 'Running-Wolf' or 'Flying-Cloud'.,Why do you ask[COMMA] Two-Dogs-Screwing?[QUOTE],
What's the highest position in the Greek Navy?, Rear Admiral!,
I got to Flagstaff[COMMA] Arizona[COMMA] and I asked the guy at the hotel[COMMA] 'Excuse me[COMMA] where can I find the black community?' 'Oh[COMMA] well he's on vacation this week.,We'll tell him you stopped by.',
Shortly after having her ninth baby[COMMA] an Irish Catholic woman runs into her parish priest.,He congratulates her on the new offspring and says[COMMA] [QUOTE]Nine children is certainly a full house.[QUOTE],[QUOTE]Well[COMMA][QUOTE] she replies[COMMA] [QUOTE]I don't know how I get pregnant so often.,It must be something in the air.[QUOTE],[QUOTE]Yes[COMMA][QUOTE] says the priest[COMMA] [QUOTE]your legs.[QUOTE],
Q: What do you call 20 corrupt politicians face down in the ocean?,A: A good start.,
Q: What do you call four bullfighters in quicksand?,A: Quatro sinko.,
Q: What's a native of Paris called?,A: A parasite.,
Q: Where does a bee pee?,A: At the BP station.,
Why did the Canadian cross the road?,He saw some American do it on TV.,
Louis[COMMA] the French Fighter Pilot[COMMA] was lying with his mistress naked in bed.,As he was kissing her red[COMMA] red lips[COMMA] he stopped.,[QUOTE]To kiss your red lips[COMMA] I need red wine.[QUOTE] So he poured red wine over her lips and continued to kiss her.,He moved on to her white[COMMA] white breasts.,[QUOTE]To kiss your white breasts[COMMA] I need white wine.[QUOTE] So he poured white wine over her breasts and continued to kiss them.,He then moved on to her bush.,He poured brandy all over it and set it alight.,[QUOTE]Louis![QUOTE] she screamed.,[QUOTE]What are you doing?[QUOTE],[QUOTE]Baby[COMMA][QUOTE] he said[COMMA] [QUOTE]when I go down[COMMA] I GO DOWN IN FLAMES![QUOTE],
A Polish man was taking a flight on a,commercial airliner.,The airliner had 4 engines[COMMA] which is quite normal.,About an hour into,the flight[COMMA] a loud BOOM occurred.,The flight attendant came over the intercom and said[COMMA],[QUOTE]Ladies and gentlemen[COMMA] we have blown an engine[COMMA] but there is no need to worry.,We,still have three engines[COMMA] I repeat[COMMA] we still have three engines.[QUOTE] ,Everyone stayed calm., About,another hour later[COMMA] another boom.,The flight attendant comes over the intercom.,[QUOTE]Ladies and gentlemen[COMMA] we have blown another engine[COMMA] but there is no need to worry!,We still have two more engines to go![QUOTE] ,The people stayed calm., An hour later[COMMA] the,same situation.,Now only one engine remained.,Then[COMMA] the Polish man stood up and said,outloud[COMMA] [QUOTE]Man!,If this keeps up[COMMA] we could be up here all day![QUOTE] ,
Q: How do you sink a Polish ship?,A: Put it in water.,
Why don't Polish people kill frogs?,Because it's their national bird.,
A drunk man was staggering home with a pint of booze in his back pocket when he slipped and fell heavily.,Struggling to his feet[COMMA] he felt something wet running down his leg.,[QUOTE]Please God[COMMA][QUOTE] he thought.,[QUOTE]Let it be blood![QUOTE] ,
Father:,Son at your age[COMMA] Winston Churchill used be up and out for his morning walk at 5 a.m..,Son:,Dad[COMMA] at your age[COMMA] he had become the Prime Minister of England.,
A businessman returns from the far east.,After a few days he notices stange growth on his penis.,He sees several doctors.,They all say: [QUOTE]You've been screwing around in the Far East[COMMA] very common there[COMMA] no cure.,We'll have to cut it off.[QUOTE] The man panics[COMMA] but figures if it is common in the East they must know how to cure it.,So he goes back and sees a doctor in Pakistan.,The doctor examines him and says[COMMA] ,You've been fooling around in my country.,This is a very common problem here.,Did you see any other doctors?[QUOTE],The man replies[COMMA] [QUOTE]Yes a few in the USA.[QUOTE],The doctor says[COMMA] ,I bet they told you it had to be cut off.,The man answers[COMMA] ,Yes!,The doctor smiles[COMMA] nods[COMMA] ,That is not correct.,It will fall off by itself.,
A Scottish man[COMMA] an Englishman and an Irishman sit in a pub and discuss the best pubs around.,The Englishman says[COMMA] [QUOTE]There's a pub in the West Midlands where the landlord buys you a drink for every one that you buy.[QUOTE],The Scot is not impressed and says[COMMA] [QUOTE]That's nothing!,In the Highlands[COMMA] every time you buy a drink[COMMA] the landlord buys you five.[QUOTE],The Irishman[COMMA] totally unimpressed[COMMA] says[COMMA] [QUOTE]That's nothing.,In Dublin there's this pub where the landlord buys your drinks all night[COMMA] and then when the bar closes[COMMA] he takes you into a room and makes love to you.[QUOTE],The Scot and Englishman are well impressed and ask if the Irishman goes there a lot.,He replies [QUOTE]No[COMMA] but my sister told me all about it.[QUOTE],
1.,The Italian Book Of War Heroes , 2.,The Norwegian Book Of Cookery,3.,The Scottish Book Of Knowledge,
What with all the cotton black people picked during slavery[COMMA] seems like we should be able to walk in the mall[COMMA] and anything that's 100% cotton[COMMA] we ought to get for free.,
What do Saddam Hussein and Fred Flintstone have in common?,When they look out of their window[COMMA] they both see rubble.,
It was a white lady in a convertible with the convertible down -- I walked past; she locked the door.,I smacked her in the back of the head.,
This lady is on an airplane and is seated next to a man named Ian McKegney., About half an hour after they take off[COMMA] Ian sneezed.,He calmly opened his fly[COMMA] took out his penis and wiped it with a handkerchief.,The lady was shocked but a little too shy to say anything.,About 15 minutes later[COMMA] Ian sneezed again and then once more opened his fly[COMMA] grabbed his penis and wiped it off., The lady could not beleive it[COMMA] and being to shy to mention it[COMMA] she thought to herself[COMMA] [QUOTE]If he does that again[COMMA] I'm definitely going to mention it.[QUOTE],Well[COMMA] guess what?,About 10 minutes later[COMMA] Ian sneezed again and proceeded as before.,She turned to Ian and said[COMMA] [QUOTE]That is disgusting!,Must you do that in front of me?[QUOTE],Ian apologized and explained that it was a medical condition[COMMA] [QUOTE]Every time I sneeze[COMMA] I have an orgasm[COMMA][QUOTE] he explained.,[QUOTE]Really[COMMA] what do you take for that?[QUOTE] she asked.,Ian replied[COMMA] [QUOTE]Pepper.[QUOTE],
Three Americans were up against a very large Russian in a wrestling meet., They were nervous because he had a famous move called [QUOTE]The Russian Pretzel[COMMA][QUOTE] which often landed his opponents in the hospital.,When the first American caught a glimpse of him[COMMA] he said[COMMA] [QUOTE]Coach[COMMA] he's HUGE., I'm scared.[QUOTE] ,The coach replied[COMMA] [QUOTE]You da MAN!,Just go in there and tear him up![QUOTE],The guy started the match quite confidently[COMMA] but after about a minute[COMMA] the Russian picked him up[COMMA] slammed him into the famous pretzel[COMMA] and sent him to the emergency room.,The same thing happened to the second wrestler[COMMA] so the third guy was petrified.,He told his coach he was backing out.,The coach said[COMMA] [QUOTE]C'mon[COMMA] son., You're our last chance![QUOTE],The kid started out pretty well[COMMA] but when the Russian started to twist him into the pretzel[COMMA] the coach covered his eyes., When he opened them[COMMA] he saw the referee holding the American's hand up in victory.,The coach[COMMA] baffled[COMMA] asked the kid how he did it.,[QUOTE]Well Coach[COMMA] when that damn Russian picked me up and started twisting my body[COMMA] it HURT!,So when I saw two red things dangling there[COMMA] I bit them...,HARD!, You'd be surprised what you can do when you bite your own balls![QUOTE],
What do you call a beautiful girl in Russia?,A tourist.,
What did Saddam Hussein have in common with his father?,Neither knew when to pull out!,
A sardarji was working as editor in a daily newspaper.,Once he was travelling,to Bombay to deliver a speech about railway department improvements.,His coach was the last coach in the train.,The train was moving very fast and so sardarji's coach was jerking heavily.,This made him not to prepare for the,speech.,Annoyed by the event[COMMA] the next day in the meeting[COMMA] his first point towards,improvement of railway department was: [QUOTE]There should not be last coach in any train.[QUOTE],
Once a Sardarji (a caste man in India ) goes to visit a temple on a top of Mt.,Abu[COMMA] where the roads are like a zig-zag.,At the starting point towards the Temple[COMMA] a man tells Sardarji that it will be better to take his car in reverse to the top of Mt.,Abu as there will be no space at the top to turn around up there.,So[COMMA] as per the guidelines given by the man[COMMA] The Sardarji[COMMA] goes to the top of Mt.,Abu in reverse.,After sometime the Sardarji comes down of the hill in reverse..,When the man sees him[COMMA] he asks the Sardarji why he came down the hill in a reverse gear.,The Sardarji replies that he got some space at the top of the hill so he reversed his car.,
Confucious say[COMMA] [QUOTE]Is good for girl to meet boy in park but is better for boy to park meat in girl.[QUOTE],
Confucious say:,''Man with d**k in peanut butter jar is f**king nuts.'',
Confucious say[COMMA] ''Man who runs behind bus is going to get exhausted.'',
A Scottish wife[COMMA] an English wife[COMMA] and an Irish wife were all talking about how they never had enough money to go shopping.,All of a sudden[COMMA] the English wife had an idea.,[QUOTE]I know!,We can take off our underwear[COMMA] and then when our husbands notice[COMMA] we can say we don't have enough money even for knickers![QUOTE] ,Everybody thought this was a good idea[COMMA] so they went home to try it.,When the English wife's husband noticed[COMMA] he gave her 200 pounds to go shopping with.,When the Irish wife's husband noticed[COMMA] he gave her his credit card.,The next day[COMMA] they all three met up to discuss how it went.,The Irish wife and the English wife were all dressed up in their new clothes[COMMA] but the Scottish wife was still in rags.,The other two demanded to know what had happened.,[QUOTE]Well[COMMA][QUOTE] said the Scottish wife.,[QUOTE]As I was gardening[COMMA] I bent over to show him I wasn't wearing any undies.,But when he saw[COMMA] he gave 40p to get a comb![QUOTE],
A Scotsman is on holiday in New York City.,It's a balmy spring day[COMMA] and he's wearing a kilt.,A young woman comes up to him and boldly asks him if anything is worn beneath the kilt.,[QUOTE]No[COMMA] lassie[COMMA][QUOTE] he replies.,[QUOTE]Everything is in fine working order.[QUOTE] ,
One night a Scottish couple took a walk through a beautiful lit up town.,The woman says to the man[COMMA] ''You want to hold my hand[COMMA] don't you?'' The man says[COMMA]''Yes[COMMA] how did you know?'',She says[COMMA] ''By the gleam in your eye.'',So they held hands.,A little down the road the woman says to the man[COMMA] ''You want to kiss me don't you?'',The man says[COMMA]''Yes[COMMA] how did you know?'',She says[COMMA] ''By the gleam in your eye.'',So they kissed and kept walking.,A little later the woman askes the man[COMMA] ''You want to screw me don't you?'', The man says[COMMA] ''How did you know?,By the gleam in my eye?'' The woman says[COMMA] ''No[COMMA] by the tilt in your kilt.'',
A Scottish man heads for home after spending the whole night in a bar drinking.,He was carrying his little Scotch bottle in the left shirt pocket just in case.,Suddenly[COMMA] a robber appears and threatens him with a gun.,The Scot gets scared[COMMA] and the attacker shoots[COMMA] aiming towards his heart[COMMA] and then runs away.,The Scot falls down[COMMA] puts his hand on his left pocket and feels something wet.,He cries[COMMA] ''Oh my God!,I hope it's blood!'' ',
An Englishman[COMMA] a Scotsman and an Irishman are wandering through the desert[COMMA] hungry and hallucinating[COMMA] when they come upon a rotting[COMMA] dead camel.,[QUOTE]Well[COMMA][QUOTE] said the Englishman.,[QUOTE]I support the Liverpool football club[COMMA] so I'll eat the liver.[QUOTE],[QUOTE]I support the Hearts club[COMMA][QUOTE] said the Scotsman.,[QUOTE]I'll eat the heart.[QUOTE],[QUOTE]I support Arsenal[COMMA][QUOTE] said the Irishman.,[QUOTE]But I seem to have lost my appetite.[QUOTE] ,
When customs finds something in your butt[COMMA] how do you act surprised?,
An Irishman walks out of a bar.,
A Frenchman and an Italian,were seated next to an Englishman on an overseas flight.,After a few cocktails[COMMA] the men,began discussing their home lives.,Last night I made,love to my wife four times[COMMA], the Frenchman bragged[COMMA] ,and this morning she made,me delicious crepes and she told me how much she adored me.,Ah[COMMA] last night I made,love to my wife six times[COMMA], the Italian responded[COMMA] ,and this morning she made me,a wonderful omelet and told me she could never love another man.,When the Englishman,remained silent[COMMA] the Frenchman smugly asked[COMMA] ,And how many times did you make love to,your wife last night?,Once[COMMA], he,replied.,Only once?, the,Italian arrogantly snorted.,And what did she say to you this morning?,Don't stop.,
At school one day[COMMA] the teacher was trying to approach the topic of sex education and asked her students if they'd ever seen anything that was related to sex education on TV.,Mary raised her hand and said she had seen a movie about women having babies.,[QUOTE]Great[COMMA][QUOTE] said the teacher[COMMA] [QUOTE]that's very important.,[QUOTE] ,Then Judy raised her hand and told the teacher she had seen a TV show about people getting married.,[QUOTE]Well[COMMA] that has to do with it too[COMMA][QUOTE] said the teacher.,Then,Johnny raised his hand and said he had seen a western where some Indians came riding over the hill and John Wayne shot them all.,The teacher said[COMMA] [QUOTE]Well[COMMA] Johnny[COMMA] that really doesn't have anything to do with sex education.[QUOTE] ,[QUOTE]Yes it does[COMMA][QUOTE] said Johnny[COMMA] [QUOTE] it taught those Indians not to f**k with John Wayne.[QUOTE],
A married couple was on holiday in Pakistan.,They were touring around the marketplace looking at the goods and such[COMMA] when they passed a small sandal shop.,From inside they heard a gentleman with a Pakistani accent say[COMMA] ''You[COMMA] foreigners!,Come in.,Come into my humble shop.'' ,So the married couple walked in.,The Pakistani man said to them[COMMA] ''I have some special sandals I think you'd be interested in.,They make you wild at sex like a great desert camel.'',Well[COMMA] the wife was really interested in buying the sandals after what the man had claimed[COMMA] but her husband felt he really didn't need them[COMMA] being the sex hero he was.,The husband asked the man[COMMA] ''How could sandals make you into a sex freak?'',The Pakistani man replied[COMMA] ''Why don't you try them on and see for yourself?'',After much badgering from his wife[COMMA] the husband,finally conceded to try them on.,As soon as he slipped them onto his feet[COMMA] he got this wild look in his eyes; something his wife hadn't seen in many years[COMMA] her husband was full of raw sexual power.,In a blink of an eye[COMMA] the husband rushed the Pakistani man[COMMA] threw him on a table and started tearing at the guy's pants.,All the time the Pakistani man was screaming[COMMA] ''YOU HAVE THEM ON THE WRONG FEET!,YOU HAVE THEM ON THE WRONG FEET!'',
Have you seen the hottest new Catholic porn film?,It's 10 minutes of sex and 50 minutes of guilt.,
A Frenchman[COMMA] an Englishman[COMMA] an American man[COMMA] and a lawyer were sitting on a train.,The Frenchman offered everyone some of his baguette[COMMA] then threw it out the window[COMMA] saying[COMMA] [QUOTE]Don't worry - we have plenty of those where I come from.[QUOTE],The Englishman offered everyone a crumpet[COMMA] then threw the rest out of the window[COMMA] saying[COMMA] [QUOTE]Don't worry - we have plenty of those where I come from.[QUOTE],Then the American threw the lawyer out the window[COMMA] saying...,
Why do they call camels 'ships of the desert'?,Because they are full of Arab semen.,
Two immigrants arrive in the United States and are discussing the difference between the Old Country and the U.S.,One of them says that he's heard that people in the U.S.,eat dogs[COMMA] and if they're going to fit in[COMMA] they better eat dogs as well.,So they head to the nearest hot dog stand and order two 'dogs.' The first guy unwraps his[COMMA] looks at it[COMMA] and nervously looks at his friend.,[QUOTE]What part did you get?[QUOTE],
White people[COMMA] y'all are the only people to ever see aliens.,I'm telling you[COMMA] it's true.,I was watching something about sightings.,You never see blacks and Hispanics on sightings.,You don't see that.,You want to know why?,I'm going to tell you why you don't see us on it -- because we mind our damn business.,
-- You wake up on pavement.,-- You can't find the clothes you wore home from the party.,-- Your twin forgets your birthday.,-- You wake up to discover your waterbed broke[COMMA] and then remember you don't have a waterbed.,-- You wake up with your mouth guard stuck[COMMA] and then remember you don't wear a mouth guard.,-- Your blind date turns out to be your ex-husband.,-- You put both contact lenses in the same eye.,-- Your wife says[COMMA] [QUOTE]Good morning[COMMA] Bill[QUOTE] and your name is George ,
A GOOD ONE...,enjoy.,There was this case in the hospital's Intensive Care ward where patients always died in the same bed[COMMA] on Sunday morning at 11 a.m.[COMMA] regardless of,their medical condition.,This puzzled the doctors and some even thought that it had something to do with the supernatural.,Why the death?,So the doctors decide to go down to the ward to investigate the cause of the incidents.,So on the next Sunday morning few minutes before 11 a.m.[COMMA] all doctors and nurses nervously wait outside the ward to see for themselves what the terrible phenomenon was all about.,Some were holding wooden crosses[COMMA] prayer books and other holy objects to ward off the evil........,Just when the clock struck 11....,Scroll down for what happened...,Santa Singh[COMMA] the part-time Sunday sweeper[COMMA] entered the ward and unplugged the life support system so that he could use the vacuum cleaner.,
What do you get when you cross a Chinese and a Mexican man?, A car thief who can't drive!,
Joke from our friends in India...,Once as Laloo was coming out of airport[COMMA] there was huge rush and the security guard told him[COMMA] [QUOTE]Wait Please.[QUOTE] ,To which Laloo replied[COMMA] [QUOTE]65 kgs[COMMA][QUOTE] and moved on.,
These three men were stranded on an island: a Nefoundlander[COMMA],a Cape Bretoner and a Quebecian.,The three searched the island to try to find a way off when the Nefoundlander came upon a lamp with a genie., The genie poped up and said[COMMA] [QUOTE]I will grant three wishes[COMMA] so that's one for each of you.[QUOTE],So the Newfoundlander goes[COMMA] [QUOTE]Well I wish I was back in Newfoundland.[QUOTE] So <i>puff</i>[COMMA] he was sent to Newfoundland.,Then the Quebecian jumps up and says me next me next[COMMA] I know exactly want I want.,TheQuebecian says[COMMA] [QUOTE]I would like to build a wall., I want this wall to be 1000 feet high and I want it to surround Quebec[COMMA] so that nothing can get in and nothing can get out[COMMA] and I want to be in Quebec.[QUOTE],So the genie says okay and builds the wall[COMMA] and now Quebec is officially separate from the rest of Canada and the Quebecian is back there.,So now the Cape Bretoner gets up and says[COMMA] [QUOTE]Tell me more about this wall.[QUOTE],So the genie tells him[COMMA] [QUOTE]This wall is 1000 feet high and surrounds Quebec and noting can pass in or out of Quebec.[QUOTE], So the Cape Bretoner says[COMMA] [QUOTE]Okay.,Fill it with water.[QUOTE],
A southern girl returned home after a summer with her grandparents in Ohio.,Her friends asked her what she learned on her trip.,[QUOTE]Well[COMMA] they have these men up there who like other men.[QUOTE] [QUOTE]Ooh.,What are they called?[QUOTE] [QUOTE]They call them gay.[QUOTE] [QUOTE]What else did you learn?[QUOTE] [QUOTE]Well[COMMA] they have these women who like other women.[QUOTE] [QUOTE]Ooh.,What are they called?[QUOTE] [QUOTE]They call them lesbians.[QUOTE] [QUOTE]Did you learn anything else?[QUOTE] [QUOTE]Yes.,They have these men who lick women in their most private parts.[QUOTE] [QUOTE]Ooh.,What do they call them?[QUOTE] [QUOTE]I don't know[COMMA] but when he was done[COMMA] I called him 'Precious.'[QUOTE],
What's Irish and comes out in the spring?,Paddy O'Furniture!,
Q: Mississippi gave Missouri a New Jersey[COMMA] so what did Delaware?,A: I don't know[COMMA] Alaska.,
Alabama: At Least We're Not Mississippi,Alaska: 11[COMMA]623 Eskimos Can't be Wrong!,Arizona: But It's a Dry Heat,Arkansas: Litterasy Ain't Everthing,California: As Seen on TV,Colorado: If You Don't Ski[COMMA] Don't Bother,Connecticut: Like Massachusetts[COMMA] Only Dirtier and With Less Character,Delaware: We Really Do Like the Chemicals in Our Water,Florida: Ask Us About Our Grandkids,Georgia: Without Atlanta We're Alabama,Hawaii: Haka Tiki Mou Sha'ami Leeki Toru,(Death to Mainland Scum[COMMA] But Leave Your Money),Idaho: More Than Just Potatoes...,OK[COMMA] Maybe Not[COMMA] But The Potatoes Are Real Good,Illinois: Please Don't Pronounce the [QUOTE]S[QUOTE],Indiana: 2 Billion Years Tidal Wave Free,Iowa: We Do Amazing Things With Corn,Kansas: First Of The Rectangle States,Kentucky: 5 Million People; Seven Last Names,Louisiana: We're Not All Drunk Cajuns,Maine: We're Really Cold[COMMA] But We Have Cheap Lobster,Maryland: A Thinking Man's Delaware,Massachusetts: Our Taxes Are Lower Than Sweden's,Michigan: First Line of Defense From the Canadians,Minnesota: 10[COMMA]000 Lakes and 10[COMMA]000[COMMA]000[COMMA]000[COMMA]000[COMMA]000[COMMA]000[COMMA]000 Mosquitoes,Mississippi: Come Feel Better About Your Own State,Missouri: Your Federal Flood Relief Tax Dollars at Work,Montana: Land of the Big Sky[COMMA] the Unabomber[COMMA] Right-Wing Crazies and Very Little Else,Nebraska: Ask About Our State Motto Contest,Nevada: Whores and Poker!,New Hampshire: Go Away and Leave Us Alone,New Jersey: You Want a F**kin' Motto?,I Got Yer F**kin' Motto Right Here!,New Mexico: Lizards Make Excellent Pets,New York: You Have the Right to Remain Silent[COMMA] You Have the Right to an Attorney...,North Carolina: Tobacco is a Vegetable,North Dakota: We Really are One of the 50 States!,Ohio: We Wish We Were In Michigan,Oklahoma: Like the Play[COMMA] Only No Singing,Oregon: Spotted Owl -- It's What's For Dinner,Pennsylvania: Cook With Coal,Rhode Island: We're Not Really An Island,South Carolina: We Have Never Actually Surrendered to the North,South Dakota: Closer Than North Dakota,Tennessee: The Educashun State,Texas: A Whole 'Nother Country!,Utah: Our Jesus Is Better Than Your Jesus,Vermont: Yep,Virginia: Who Says Government Stiffs and Slackjaw Yokels Don't Mix?,Washington: Help!,We're Overrun By Nerds and Slackers!,Washington[COMMA] D.C.: Wanna Be Mayor?,West Virginia: One Big Happy Family -- Really!,Wisconsin: Come Cut Our Cheese,Wyoming: Wynot?,
A blonde was bragging about her knowledge of international capitals.,She said[COMMA] [QUOTE]Go ahead and quiz me.,I know all of them![QUOTE] ,Her friend asked[COMMA] [QUOTE]What's the capital of France?[QUOTE],The blonde replied[COMMA] [QUOTE]Oh[COMMA] that's so easy!,F.[QUOTE] ,
A businessman is seated next to an absolutely gorgeous woman on a plane.,After they exchange brief hellos[COMMA] he notices she is reading a manual of sexual statistics.,He asks her about it[COMMA] and she replies[COMMA] [QUOTE]This is a very interesting book.,It says that Native Americans have the longest average penis and Polish men have the biggest average diameter.,By the way[COMMA] my name is Jill.,What's yours?[QUOTE],He coolly replies[COMMA] [QUOTE]Tonto Kowalski -- nice to meet you.[QUOTE],
In 1993[COMMA] the American Government funded a study to see why the head of a man's penis was larger than the shaft.,After one year and $180[COMMA]000[COMMA] they concluded that the reason the head was larger than the shaft was to give the man more pleasure during sex.,After the US published the study[COMMA] France decided to do their own study.,After $250[COMMA]000.00[COMMA] and three years of research[COMMA] they concluded that the reason was to give the woman more pleasure during sex.,Romania[COMMA] unsatisfied with these findings[COMMA] conducted their own study.,After two weeks and a cost of around $75.46[COMMA] they concluded that it was to keep a man's hand from flying off and hitting him in the forehead.,
A Canadian[COMMA] an American and a China man are stranded on a deserted island.,The Canadian tells the others that he will be in charge of food.,American volunteers to be in charge of water and the Chinese man says he will be in charge of supplies., They split up to do their jobs and decide to meet up later.,When the Canadian and the American return[COMMA] there is no sign of the Chinese man., Days pass by[COMMA] but they still can't find their friend.,One day as they are walking along a path[COMMA] the Chinese man jumps from the bushes and yells [QUOTE]SUPPLIES![QUOTE],
One misty Scottish morning a man is driving through the hills to Inverness.,Suddenly out of the mist[COMMA] a massive red-haired highlander steps into the middle of the road.,The man is at least six feet four[COMMA] has a huge red beard and[COMMA] despite the wind[COMMA] mist[COMMA] and near freezing temperatures[COMMA] is,wearing only his kilt[COMMA] a tweed shirt and a tam-o''-shanter at a rakish angle.,At the roadside there also stands a young woman.,She is absolutely beautiful -- slim[COMMA],shapely[COMMA] fair complexion[COMMA] golden hair...,heart stopping., The driver stops and stares[COMMA] and his attention is only distracted from the lovely girl when the red thing opens the car door and drags him from his seat onto the road with a fist resembling a whole raw ham.,''''Right[COMMA] you Jimmy[COMMA]'''' he shouts[COMMA] ''''Ah want you to masturbate!'''',''''But......'''' stammers the driver.,''''Du it now - or I''ll bluddy kill yu!'''',So the driver turns his back on the girl[COMMA] drops his trousers and starts to masturbate., Thinking of the girl on the roadside[COMMA] this doesn''t take him long.,''''Right!'''' snarls the Highlander ''''Du it agin[COMMA] now!'''',So the driver does it again., ''''Right laddie[COMMA] du it agin!'''' demands the Highlander.,This goes on for nearly two hours.,The hapless driver gets cramps in both arms[COMMA] he,has rubbed himself raw[COMMA] is violently aching[COMMA] his sight is failing and despite the cold wind[COMMA] he has collapsed in a sweating[COMMA] jibbering heap on the ground[COMMA] unable to stand.,''''Du it again!'''' says the Highlander.,''''I can''t do it any more - you''ll just have to kill me!'''' whimpers the man.,The Highlander looks down at the pathetic soul slumped on the roadside and says[COMMA] ''''All right laddie.,NOW[COMMA] can you give ma daughter a lift to Inverness?'''',
How come the Taliban are not circumcised?,It gives them a place to put their bubblegum during a sandstorm.,
My last girlfriend wanted me to talk dirty to her in the bed.,I'm no wildman in the sack.,Don't let the glasses and the hip threads fool you.,I had a hard time with the degrading[COMMA] profane language because I was raised a proverbial nice[COMMA] Jewish boy.,So this is how I would talk dirty to her -- it's embarrassing -- 'You really like my schmeckle[COMMA] don't you?,I am gonna schtupp you so hard.,Don't make me stick it in your tushie.',
A bus stops and two Italian men get on., They seat themselves[COMMA] and engage in animated conversation., The lady sitting behind them ignores their conversation at first[COMMA] but her attention is galvanized when she hears one of the men say the following:,''Emma come first.,I come.,Dennis come and Dennis come again.,I come again.,Two asses[COMMA] they come together again., I come again and pee twice.,Then I come once-a-more.'',''You foul-mouthed swine[COMMA]'' retorted the lady indignantly.,''In this country we don't talk,about our sex lives in public.'',''Hey[COMMA] coola down lady[COMMA]'' said the man., ''Imma just tella my friend howa to spella Mississippi.'',
Didn't you like those old shows[COMMA] like 'Tarzan'?,Remember 'Tarzan'?,Story about a white guy who grew up in a predominantly black neighborhood?,
There,was an Indian chief who wanted to show his,son the way of the woods., He gets on the ground,and hears a noise.,[QUOTE]Buffalo come.[QUOTE],[QUOTE]How do you know?[QUOTE],[QUOTE]Ground shaky.[QUOTE],The boy wanted to try., He gets on the ground[COMMA], listens.,[QUOTE]Man come.[QUOTE],[QUOTE]Is there a vibration?[QUOTE],[QUOTE]No.[QUOTE],[QUOTE]Then how do you know?[QUOTE],[QUOTE]Ground sticky.[QUOTE],
Three Englishmen drink in a bar and spot an Irishman in the corner.,The first Englishman starts to taunt the Irishman[COMMA] [QUOTE]Did you know that St.,Patrick was a sissy?[QUOTE],[QUOTE]Oh[COMMA] no[COMMA] I didn't know that.,Thank you.[QUOTE],The second Englishman yells[COMMA] [QUOTE]Did you know that St.,Patrick was a transvestite?[QUOTE],[QUOTE]Oh[COMMA] no[COMMA] I didn't know that.,Thank you.[QUOTE],The third Englishman yells[COMMA] [QUOTE]Did you know that St.,Patrick was an Englishman?[QUOTE],[QUOTE]Oh[COMMA] no.,But that's what your friends have been trying to tell me.[QUOTE],
You know[COMMA] wherever there are black folks in a group[COMMA] white people have to show up because they're scared we're going to do something without them.,
A pollock walks into a pharmacy and asks the pharmacist if he sells condoms., We have some for 75 cents a peace.,The man asks for two.,The pharmacist calculates the total and says[COMMA] ,[QUOTE]That will be $1.58 with tax[COMMA] sir.[QUOTE],The pollock says[COMMA] [QUOTE]Oh[COMMA] these come with tacks?, I was wondering how you keep them on.[QUOTE],
I thought I was real racist because I was liking those black men -- so black that if you looked at a picture of them[COMMA] it looks like a negative.,
Why are there so many trees along the streets of Paris?,So the Germans can march in the shade.,
Ram: Why are you drinking tea with the help of the straw?,Raju: Because doctor asked me to stay away from the tea.,
A polish guy goes to the doctor and says[COMMA] [QUOTE]Doctor[COMMA] can you give me a lobotomy?[QUOTE],The doctor says[COMMA] [QUOTE]Why on earth would you want a lobotomy?[QUOTE],The polack responds[COMMA] [QUOTE]Why[COMMA] so I can write 'dumb polack' jokes[COMMA] of course![QUOTE],
Q: How come they don't have ice in Poland?,A: Because they lost the recipe.,
A Frenchman[COMMA] an Englishman and a New Yorker are exploring the jungle and are captured by a fierce tribe.,The chief tells them[COMMA] [QUOTE]The bad news is that we've caught you[COMMA] we're going to kill you[COMMA] and then use your skins to build a canoe.,The good news is that you get to choose how you die.[QUOTE],The Frenchman says[COMMA] [QUOTE]I take ze poison.[QUOTE] The chief gives him some poison; the Frenchman says[COMMA] [QUOTE]Vive la France![QUOTE] and drinks it down.,The Englishman says[COMMA] [QUOTE]A pistol for me[COMMA] please.[QUOTE] The chief gives him a pistol; the Brit points it at his head[COMMA] says[COMMA] [QUOTE]God save the Queen![QUOTE] and blows his brains out.,The New Yorker says[COMMA] [QUOTE]Gimme a fork.[QUOTE] The chief is puzzled[COMMA] but he shrugs and gives him a fork.,The New Yorker takes the fork and jabs himself all over -- the stomach[COMMA] the sides[COMMA] the chest[COMMA] everywhere.,Blood gushes from every hole.,The chief screams[COMMA] [QUOTE]What are you doing?[QUOTE],The New Yorker looks at the chief and says[COMMA] [QUOTE]So much for your canoe[COMMA] a**hole![QUOTE],
Once upon a time Nasa decided to send 3 astronauts to space for 2 years.,One was American[COMMA] one was Russian[COMMA] and the other was English., NASA allowed each of them to take 200 pounds of baggage each.,The American decided to take along his wife[COMMA] the Englishman decided to take along books to learn how to speak German[COMMA] whilst the Russian decided to take along cigarettes.,Two years later[COMMA] when the space shuttle landed[COMMA] there was a big crowd waiting to welcome them home.,First came the American and his wife[COMMA] and each of them had a baby in their arms.,Next came the Englishman speaking fluent German.,They both gave their speeches and got a rousing round of applause.,Suddenly[COMMA] out,came the Russian with a cigarette in his mouth.,He, walked up to the podium[COMMA] snarled at the crowd[COMMA] and asked[COMMA] [QUOTE]Has anyone got a friggin' match?[QUOTE],
''My God!,What happened to you?'' the bartender asked Kelly as he hobbled in on a crutch[COMMA] one arm in a, cast.,''I got in a tiff with Riley.'',''Riley?,He's just a wee fellow[COMMA]'' the barkeep said[COMMA] surprised.,''He must have had something in his hand.'',''That he did[COMMA]'' Kelly said.,''A shovel it was.'',''Dear Lord.,Didn't you have anything in your hand?'',''Aye[COMMA] that I did -- Mrs.,Riley's left boob.'' Kelly said.,''And a beautiful thing it was[COMMA] but not much use in a fight.'',
An American cowboy was traveling in England and decided to stop at a tea shop for a drink., On the menu there were several different teas to choose from., When the waitress came to take his order[COMMA] the cowboy asked[COMMA] [QUOTE]Ma'am[COMMA] what the hell do all these names mean?[QUOTE],The waitress calmly replied[COMMA] [QUOTE]We have basically three types of tea[COMMA] sir., The peacove tea is 90% substance and 10% aroma[COMMA] the orange tea is 10% substance and 90% aroma[COMMA] and the Blackberry tea is an acquired taste.[QUOTE],The cowboy responded[COMMA] [QUOTE]Where I come from[COMMA] we have three types of tea too[COMMA] Ma'am., There's s-h-i-T which is 90% substance and 10% aroma[COMMA] there is,f-a-r-T which is 10% substance and 90% aroma[COMMA] and then there is c-u-n-T which is an acquired taste.[QUOTE],
Q: What do you call a Mexican with a rubber toe?,A: Roberto.,
A man from another country came to the U.S.,and learned three phrases.,1.Only fifty cents,2.,Very[COMMA] very fresh,3.,Not today[COMMA] maybe tomorrow.,A lady came to his tomato stand and said ''how much are these tomatos?'' The man said ''Only fifty cents''.,Than she asked ''are they fresh?'' The man said ''Very[COMMA] very fresh''.,She then asked[COMMA] ''Can I buy one?'' The man said[COMMA] ''Not today maybe tomorrow.'',A thief comes and said ''I'm a thief how much money do you have?'' The Tomato Seller said[COMMA] ''Only fifty cents''.,The thief said[COMMA] ''Are you being fresh with me?'' The Tomato seller said ''Very[COMMA] very fresh''.,The thief said ''Alright[COMMA] that's it.,I'm going to shoot you.'' The Tomato Seller said ''Not today maybe tomorrow![QUOTE],The moral to this story is: If you go to a foreign country[COMMA] learn as much of the language as possible!',
Q: What happened to the Native American who drank too much tea?,A: He drowned in his own tea pee.,
1.,Everybody assumes you're an a**hole ,2.,Racism is socially acceptable ,3.,The only province to ever kidnap federal politicians ,4.,You can take bets with your friends on which English neighbor will move out next ,5.,Other provinces basically bribe you to stay in Canada ,6.,The FLQ ,7.,Your hockey team is made up entirely of dirty French guys ,8.,The province with the oldest[COMMA] nastiest hookers ,9.,NON-smokers are the outcasts ,10.,You can blame all your problems on the ''Anglo bastards'',
1.,You never run out of wheat ,2.,Those cool Saskatchewan Wheat Pool hats ,3.,Cruise control takes on a whole new meaning ,4.,Your province is really easy to draw ,5.,You never have to worry about roll-back if you have a standard ,6.,It takes you two weeks to walk to your neighbor's house ,7.,YOUR Roughriders survived ,8.,You can watch the dog run away from home for hours ,9.,People will assume you live on a farm ,10.,Buying a huge John Deere mower makes sense,
1.,You wake up one morning to find you suddenly have beachfront property ,2.,Amusing town names like ''Flin Flon'' and ''Winnipeg'' ,3.,All your local bands make it big and move to Toronto ,4.,The only province to ever violently rebel against the federal government ,5.,Hundreds of huge[COMMA] horribly frigid lakes ,6.,Nothing compares to a wicked Winnipeg winter ,7.,You don't need a car[COMMA] just take the canoe to work ,8.,You can be an Easterner or a Westerner depending on your mood ,9.,Because of your license plate[COMMA] you are still ''friendly'' even when you cut someone off ,10.,Pass the time watching trucks and barns float by,
1.,You live in the center of the universe ,2.,Your $400[COMMA]000 Toronto home is actually a dump ,3.,You and you alone decide who will win the federal election ,4.,There's no such thing as an Ontario Separatist ,5.,Your grandparents sold booze to the States during Prohibition ,6.,Lots of tourists come to Toronto because they mistakenly believe it's a cool city ,7.,The only province with hard-core American-style crime ,8.,MuchMusic's Speaker's Corner - rant and rave on national TV for a dollar ,9.,Baseball fans park on your front lawn and pee on the side of your house ,10.,Mike Harris: basically a sober Ralph Klein,
1.,You are sandwiched between French assholes and drunken celtic fiddlers ,2.,One way or another[COMMA] the government gets 98 percent of your income ,3.,You're poor[COMMA] but not as poor as the Newfies ,4.,When listing the provinces[COMMA] everyone forgets to mention yours ,5.,The economy is based on fish[COMMA] cows[COMMA] and ferrying Ontario motorists to Boston ,6.,No one ever blames anything on New Brunswick ,7.,You have French people[COMMA] but they don't want to kill you ,8.,Everybody has a grandfather who runs a lighthouse ,9.,Just as charming as Maine[COMMA] but with more unemployed fishermen ,10.,You probably live in a small seaside cottage with no television,
1.,The only place in North America to get bombed in the war...by a moron who set a munitions ship on fire ,2.,Your province is shaped like male genitalia ,3.,Everyone is a fiddle player ,4.,If someone asks if you're a Newfie[COMMA] you are allowed to kick their ass ,5.,The local hero is an insane[COMMA] fiddle playing[COMMA] sexual pervert ,6.,The province that produced Rita MacNeil[COMMA] the world's largest land mammal ,7.,You are the reason Anne Murray makes money ,8.,You can pretend you have Scottish heritage as an excuse to wear a kilt ,9.,The economy is based on fish[COMMA] lobster[COMMA] and fiddle music ,10.,Even though it smells like dead sea animals[COMMA] Halifax is considered Canada's most beautiful city,
1.,Even though more people live on Vancouver Island[COMMA] you still got the big-ass bridge ,2.,You can walk across the province in half an hour ,3.,You were probably once an extra on ''Road to Avonlea'' ,4.,This is where all those tiny red potatoes come from ,5.,The economy is based on fish[COMMA] potatoes[COMMA] and CBC TV shows ,6.,Tourists arrive[COMMA] see the ''Anne of Green Gables'' house[COMMA] then promptly leave ,7.,You can drive across the the province in two minutes ,8.,It doesn't matter to you if Quebec separates ,9.,You don't share a border with the Americans[COMMA] or with anyone for that matter ,10.,You can confuse ships by turning your porch lights on and off at night,
1.,The poorest[COMMA] stupidest[COMMA] drunkest province in Confederation ,2.,If Quebec Separates[COMMA] you will float off to sea ,3.,In the rare case when someone moves to the Rock[COMMA] you can make them kiss a dead cod ,4.,The economy is based on fish[COMMA] seafood[COMMA] and fish-related products ,5.,If you do something stupid[COMMA] you have a built-in excuse ,6.,You understand the meaning of Great Big Sea's lyrics ,7.,The work day is about two hours long ,8.,You are credited with many great inventions[COMMA] like the solar-powered flashlight and the screen door for submarines ,9.,If someone asks if you're from Nova Scotia[COMMA] you are allowed to kick their ass ,10.,It is socially acceptable to wear your hip waders on your wedding day,
1.,Two World Wars and one World Cup,2.,Proper beer ,3.,You can confuse everyone with the rules for cricket,4.,You get to accept defeat graciously,5.,Union Jack Underpants,6.,You can live in the past and imagine that you're still a world power,7.,You can bathe once a week whether you need to or not ,8.,You can change your underwear once a week whether you need to or not,9.,Beats being Scottish,10.,Beats being Welsh,
A hunter saves an Indian chief being chased by a grizzly bear in the woods.,The chief invites the hunter back to his camp to celebrate and reward the hunter for saving his life.,At the celebration[COMMA] the Indian chief says to the hunter[COMMA] [QUOTE]I have a special surprise for you: 500 of my prettiest Indian maidens.,You look at all of them and choose one.,She will be your wife.[QUOTE],The chief clapped his hands and 500 young[COMMA] beautiful Indian maidens appeared[COMMA] topless[COMMA] before them.,With closer inspection[COMMA] the hunter notices that none of them have nipples on their breasts.,[QUOTE]Why don't these maidens have nipples on their breasts?[QUOTE] he asks the chief.,The chief turns to the hunter with surprise:[QUOTE]What -- you've never heard of the Indian Nipple-less 500?[QUOTE],
I feel sorry for Michael.,I have ever since I saw that Oprah Winfrey interview[COMMA] where we found out he has that thing that causes black people to gradually lose their color -- what's it called?,Money.,
There's prejudice in the NBA.,The 3-point shot: designed to keep the white man in the game.,
I just read Latino high school kids came in fifth on their SATs.,Number one was Chinese -- OK.,Number two was whites -- OK.,Number three was blacks -- OK.,Number four were 'others.' Damn!,A whole race of people defeated by a pronoun.,
One day a man goes into a hotel and asks for a room to stay in.,The manager gives him a room and warns him not to mess around with his daughter or he'll get the [QUOTE]Three Chinese Tortures.[QUOTE] On his way to his room the man sees the manager's daughter.,She's very beautiful and he figures he'll endure whatever he has to.,So he has his way with the daughter and retires to his room.,The next morning when he wakes up he finds a rock on his chest.,There is a note on it[COMMA] reading: [QUOTE]FIRST CHINESE TORTURE: ROCK ON CHEST.[QUOTE] The man laughs and throws the rock out the window.,Then he sees a sign on the nightstand that says: [QUOTE]''SECOND CHINESE TORTURE: LEFT NUT TIED TO ROCK.[QUOTE] He goes flying out the window afte the rock but[COMMA] as he does[COMMA] he spots a sign on the windowsill that proclaims: [QUOTE]THIRD CHINESE TORTURE: RIGHT NUT TIED TO BED POST.[QUOTE],
After World War II[COMMA] an American soldier was going back to London from the front., He was on a very crowded train[COMMA] and was looking for a seat[COMMA] but the only empty one was next to an older lady[COMMA] and she had her pet poodle on it.,He said[COMMA] [QUOTE]Please[COMMA] madam[COMMA] I'm very tired.,May I please sit here?[QUOTE] The lady replied[COMMA] [QUOTE]No.,My precious little poodle[COMMA] Miss Fluffy[COMMA] is sitting here.[QUOTE],The soldier walked the length of the train again with no luck[COMMA] so he went back to the same seat next to the same woman and said[COMMA] [QUOTE]Please[COMMA] Madam[COMMA] I have been fighting at the front for months[COMMA] my feet hurt and I'm very tired.,May I <i>please</i> sit here?[QUOTE] The woman told him[COMMA] [QUOTE]I cannot believe how rude you are!,I have already told you that my darling little Miss Fluffy is sitting here.[QUOTE] At that[COMMA] the American lost his temper[COMMA] picked up the poodle and threw it out the window.,An elderly man who was sitting across the compartment looked at the American soldier and said[COMMA] [QUOTE]You Americans do everything wrong.,You drive on the wrong side of the road[COMMA] you eat with the wrong hand and now you've thrown the wrong bitch out of the window![QUOTE],
What is the name of the Russian Doctor who, performs sex-change surgery?,It's Doctor Kutchakockof!,
We have so many nationalities.,It's gotten to the point now that you can go into any fast food place[COMMA] and you can find out what kind of neighborhood you're in just by the ethnic group that works there.,It's like[COMMA] if Chinese people work there[COMMA] you're in a Chinese neighborhood; if black people work there[COMMA] you're in a black neighborhood; if white people work there[COMMA] then you're in Utah.,
--If it can't be fried in bacon grease[COMMA] it ain't worth eating.,-- If you run your car into a ditch[COMMA] don't panic.,Four men in the cab of a four-wheel-drive truck with a 12-pack of beer and a tow chain will be along shortly.,Don't try to help[COMMA] just stay out of their way -- this is what they live for.,-- Don't be surprised to find boiled peanuts[COMMA] movie rentals and fishing bait in the same store.,-- Remember: [QUOTE]Y'all[QUOTE] is singular.,[QUOTE]All y'all[QUOTE] is plural.,[QUOTE]All y'all's[QUOTE] is plural possessive.,-- Don't be worried that you don't understand anyone.,They don't understand you either.,-- If you hear a Southerner exclaim[COMMA] [QUOTE]Hey[COMMA] y'all[COMMA] watch this![QUOTE] -- stay out of his way.,These are likely the last words he will ever say.,-- If you see a turn signal blinking on a car with a southern license plate[COMMA] you may rest assured that it was on when the car was purchased.,-- Satellite dishes are very popular in the South.,They are to be positioned directly in front of one's trailer[COMMA] since it cost considerably more than the trailer and should[COMMA] therefore[COMMA] be displayed.,-- As you are cursing the person driving 15 mph in a 55 mph zone[COMMA] directly in the middle of the road[COMMA] remember: many Southerners learned to drive on a John Deere[COMMA] and this is the proper speed and lane position for that vehicle.,-- You can ask a Southerner for directions[COMMA] but unless you already know the positions of key hills[COMMA] trees and rocks[COMMA] you're better off trying to find it yourself.,
Mike and Rob were laying tile on a roof when a sudden gust of wind came and knocked down their ladder.,[QUOTE]I have an idea[COMMA][QUOTE] said Mike.,[QUOTE]We'll throw you down[COMMA] and then you can pick up the ladder.[QUOTE],[QUOTE]What[COMMA] do you think I'm stupid?[QUOTE] Rob replied.[QUOTE] I have an idea.,I'll shine my flashlight[COMMA] and you can climb down on the beam of light.[QUOTE],[QUOTE]What[COMMA] do you think I'm stupid?[QUOTE] Mike answers.,[QUOTE]You'll just turn off the flashlight when I'm halfway there.[QUOTE] ,
Q: What did the normal baby say to the test-tube baby?,A: Your dad's a wanker.,
A guy calls into a radio station, and he says he has a joke for the DJ.,The DJ, goes[COMMA] [QUOTE]Alright[COMMA] let's hear it.[QUOTE],The guy goes[COMMA] [QUOTE]What has a 2 inch penis and hangs, down?[QUOTE],The DJ says[COMMA] [QUOTE]I dunno[COMMA] what?[QUOTE],The guy says[COMMA] [QUOTE]A bat.,What has a 12 inch penis, and hangs up?[QUOTE],The DJ replies[COMMA] [QUOTE]I dunno[COMMA] what?[QUOTE],Next thing the DJ hears is a dial tone.,
Q: Why did the Siamese twins move to England?,A: So the other one could drive.,
What's the odd one out?, 1) A lobster,2) a whale,3) a guy that's been hit by a bus?,The whale -- the other two are both crustaceans.,
A Jewish guy's mother gives him two sweaters for Hanukkah.,The next time he visits her[COMMA] he makes sure to wear one.,As he walks into the house[COMMA] his mother frowns and asks[COMMA] [QUOTE]What -- you didn't like the other one?[QUOTE],
Q: What did the Egyptian man say to the Egyptian woman?,A: [QUOTE]Come behind the pyramid[COMMA] and I'll make you a mummy.[QUOTE] ,
A man once asked Gandhi what he thought of western civilization.,[QUOTE]I think it would be a good idea.[QUOTE],
A man sits next to a very attractive woman on an airplane.,He asks her what kind of men she is interested in.,Her top three choices are Native American men[COMMA] Jewish men and Southern men.,The woman asks the man what his name is.,He replies [QUOTE]Geronimo Bernstein[COMMA] but my friends call me Bubba.[QUOTE] ,
They're the only federal employee that I can think of that[COMMA] at any point[COMMA] they can flip you over and look in your butt.,That's too much power[COMMA] and I don't remember voting for that[COMMA] do you?,
Q: Where does an Irish person go on a ,vacation?,A: A new bar,
Q: What do you call Vasoline in German?, A: Vienerschlide.,
Helga hangs the wash out to dry[COMMA] then goes downtown to pick up some dry cleaning.,[QUOTE]Gootness[COMMA] iss hot[COMMA][QUOTE] she says as the sun beats down on her.,She passes by a tavern and says[COMMA] [QUOTE]Vy nought?[QUOTE] So she sits at the bar.,[QUOTE]Bartender[COMMA][QUOTE] she says.,[QUOTE]I vill have unt cold beer[COMMA] please.[QUOTE],The bartender asks[COMMA] [QUOTE]Anheuser Busch?[QUOTE],[QUOTE]Vell[COMMA] fine[COMMA] tanks[COMMA][QUOTE] she says[COMMA] [QUOTE]Just ah leetle svetty.[QUOTE],
A ventriloquist had just finished his polack joke routine when a huge[COMMA] drunk polack confronted him[COMMA] ''I'm sick of your polack jokes and I'm going to knock the s**t out of you.'',''I'm sorry[COMMA] it was all in good fun[COMMA]'' replied the comedian., The polack retorted[COMMA] ''I was talking to the little a**hole on your knee.[QUOTE],
One night[COMMA] God visits a preacher.,The preacher has one question[COMMA] [QUOTE]What is Heaven like?[QUOTE],God replies[COMMA] [QUOTE]Heaven is like a city.,It has the best of everything.,For example[COMMA] the French are the chefs[COMMA] the Italians are the lovers[COMMA] the English are the policeman[COMMA] the Germans are the mechanics[COMMA] and the Dutch are the politicians.[QUOTE],[QUOTE]What is Hell like?[QUOTE] he asks.,[QUOTE]Well[COMMA][QUOTE] he sighs[COMMA] [QUOTE]the French are the mechanics[COMMA] the Italians are the politicians[COMMA] the English are the chefs[COMMA] the Germans are the policemen[COMMA] and the Dutch are the lovers.[QUOTE],
An English prisoner of war was held by the, Germans.,The Englishman was shot all over the, place[COMMA] and okay until one day when the German told him[COMMA],[QUOTE]Englander[COMMA]your arm is infected with, gangrene vee must cut it off.[QUOTE],The English prisoner said[COMMA] [QUOTE]Well[COMMA] okay[COMMA] but could you drop it over, England when you go bombing?[QUOTE],The German replied[COMMA] [QUOTE]Ya[COMMA] that vill not be a problem.[QUOTE],A few weeks later the German tells the, Englishman that they have to cut his other arm, off., The Englishman says[COMMA] [QUOTE]Well[COMMA] could drop it over England like you did last time?[QUOTE],[QUOTE]Ya[COMMA] that vill be done[COMMA][QUOTE] says the German.,The next day the German tells him that they, have to cut his leg off., Once again the Brit says[COMMA] [QUOTE]Well[COMMA] could you do the, same as before?[QUOTE],The German replies[COMMA] [QUOTE]Vhy[COMMA] ya.[QUOTE],The next the German tells him they have to cut, his other leg., [QUOTE]Well[COMMA][QUOTE] begins the Brit[COMMA] [QUOTE]could you just...[QUOTE],The German snapped[COMMA] [QUOTE]No!,We think you are trying, to escape![QUOTE] ,
A Native American walks into a bar with a cat[COMMA] a bag of sh*t and a shotgun.,He asks for a bottle of whiskey and immediately downs it.,He throws the bag of sh*t up in the air[COMMA] shoots it with his shotgun[COMMA] and takes a big bite of the cat's ass.,The bartender asks[COMMA] [QUOTE]Buddy[COMMA] what the hell are you doing?[QUOTE],The Native American responds[COMMA] [QUOTE]I want to be like the white man: get drunk[COMMA] shoot the sh*t and eat pussy.[QUOTE],
A man walks into a bar and orders three beers.,The bartender brings him the three beers[COMMA] and the man proceeds to alternately sip one[COMMA] then the other[COMMA] then the third[COMMA] until they're gone.,He then orders three more and the bartender says[COMMA] [QUOTE]Sir[COMMA] I know you like them cold[COMMA] so you can start with one[COMMA] and I'll bring you a fresh one as soon as you're low.[QUOTE],The man says[COMMA] [QUOTE]You don't understand.,I have two brothers[COMMA] one in Australia and one in the Ireland.,We made a vow to each other that every Saturday night[COMMA] we'd still drink together.,So right now[COMMA] my brothers have three beers[COMMA] too[COMMA] and we're drinking together.[QUOTE],The bartender thinks it's a wonderful tradition[COMMA] and every week he sets up the guy's three beers.,Then one week[COMMA] the man comes in and orders only two.,He drinks them and then orders two more.,The bartender says sadly[COMMA] [QUOTE]Knowing your tradition[COMMA] I'd just like to just say that I'm sorry you've lost a brother.[QUOTE],The man replies[COMMA] [QUOTE]Oh[COMMA] my brothers are fine -- I just quit drinking.[QUOTE],
These two Scottish characters are chatting.,One of them then pulls out an expensive looking pocket watch from his pocket to check the time., [QUOTE]That's a fine watch you got there![QUOTE] says the other., [QUOTE]Yeah it is[COMMA] isn't it?,I got it from my grandfather[COMMA][QUOTE] says the guy with the watch.,[QUOTE]Really?[QUOTE],[QUOTE]Yeah[COMMA] he sold it to me on his death bed.[QUOTE] ,
What do you call 20 dead frenchmen in the back of a lorry.,A good days hunting.,
As is tradition in Italian families[COMMA] Marol spends her wedding night in her family home.,Her mother sleeps in the adjacent room in case Marol has any questions.,Mama tells Marol[COMMA] [QUOTE]You have any a problem[COMMA] you come and see Mama.[QUOTE],Later[COMMA] Marol's husband unbuttons his shirt[COMMA] and Marol jumps up[COMMA] runs next door and cries[COMMA] [QUOTE]Mama[COMMA] Mama!,He has hair all over his chest![QUOTE],Mama reassures Marol[COMMA] [QUOTE]Men have hair on the chest.,This is sign of a good man.,Go now and make him happy.[QUOTE],But when Marol's husband takes off his belt[COMMA] she goes jumps up again[COMMA] runs next door and cries[COMMA] [QUOTE]Mama[COMMA] Mama!,He has a protrusion in his pants![QUOTE],Mama reassures her[COMMA] [QUOTE]He finds you beautiful.,This is sign of a good man.,Go now and make him happy.[QUOTE],Finally[COMMA] Marol's husband takes off his shoes.,Due to a terrible childhood accident[COMMA] he only has half of his right foot.,Marol jumps up and runs back to her mother's room[COMMA] shouting[COMMA] [QUOTE]Mama[COMMA] Mama!,He has a foot and a half![QUOTE],Her mother gets up and announces[COMMA] [QUOTE]Stand back[COMMA] Marol -- this is a job for Mama![QUOTE],
Several years ago[COMMA] Great Britain funded a study to determine why the head on a man's penis is,larger than the shaft., The study took two years, and cost over $1.2 million., The study concluded, that the reason the head of a man's penis is, larger than the shaft was to provide the man, with more pleasure during sex.,After the results were published[COMMA] France decided, to conduct their own study on the same subject., They were convinced that the results of the, British study was incorrect., After three years, of research at a cost of in excess of $2, million[COMMA] the French researchers concluded that, the head of a man's penis is larger than the, shaft to provide the woman with more pleasure, during sex.,When the results of the French study were, released[COMMA] Canada decided to conduct their own, study., The Canucks didn't really trust British, or French studies., So[COMMA] after nearly three weeks, of intensive research and a cost of right around, $75.00[COMMA] the Canadian study was complete.,They, concluded that the reason the head on a man's, penis is larger than the shaft is to prevent, your hand from flying off and hitting you in the, forehead!,
A kilted Scotsman was walking down a country path after finishing off a large amount of whisky at a local pub.,He felt quite sleepy and decided to nap against a tree.,As he slept[COMMA] two female tourists heard his loud snoring., When they found him[COMMA] one said[COMMA] [QUOTE]I've always wondered what a Scotsman wears under his kilt.[QUOTE],She boldly walked over to the sleeper[COMMA] raised his kilt[COMMA] and saw that he wore nothing at all., Her friend said[COMMA] [QUOTE]Well[COMMA] the mystery is solved!,Let's thank him for sharing![QUOTE],She took off her pretty blue hair ribbon and gently tied it around the Scotsman's endowment., A while later[COMMA] the Scotsman was awakened by the call of nature.,He raised his kilt and was bewildered at the sight of the neatly tied blue ribbon.,He stared for a minute[COMMA] then said[COMMA] [QUOTE]I don't know where y'been laddie...,but it's nice ta see you won firrrst prrrize![QUOTE],
A woman from another country wants to come to the United States., So she goes to the visa department to get a visa., When she gets the form[COMMA] she fills out her name., Her first name is ''Wanna'' and her last name[COMMA] ''Fuckme.'',The visa guy reads over the application and,says[COMMA] ''I'm sorry I can't accept this name., It's inappropriate and you're going to have to change it.'' , So[COMMA] the woman leaves[COMMA] and is gone for a month and when she returns[COMMA] she fills out the same form again.,She writes her first name[COMMA] ''Wanna[COMMA]'' and her last name ''Fuckme-Please.''',
Q:,What did the Hispanic fireman name his son?,A:,Jose.,
What is the first thing the French Army teaches at basic training?,How to surrender in at least 10 languages.,
What did the troops say to Bush & Rumsfeld when they told them to march to Baghdad?,We Kuwait!,
What do Saddam Hussien and General Custer have in common?,They were wondering where all of those Tomahawks were coming from.,
What do Saddam and Miss Muffet have in common?,They both have Kurds in their Way!,
What's the difference between one of Saddam's palaces and a 50 cent's house?,You know your'e going to find weapons in 50 cent's house.,
Whats the difference between Saddam Hussein and a bucket of crap?,The bucket.,
Brothers have no compassion on the basketball court.,Your neck could be broke in four different places[COMMA] brothers would be like[COMMA] 'Hey man[COMMA] we need a sub.,You want to move to the side -- this is point game.',
Q: What's white and 14 inches long?,A: Absolutely nothing.,
There was once a Scotsman and an Englishman who, lived next door to each other., The Scotsman owned, a hen and each morning would look in his garden, and pick up one of his hen's eggs for breakfast., One day he looked into his garden and saw that the, hen.,had laid an egg in the Englishman's garden.,He was about to go next door when he saw the, Englishman pick up the egg.,The Scotsman ran up to, the Englishman and told him that the egg belonged, to him because he owned the hen.,The Englishman, disagreed because the egg was laid on his, property.,[QUOTE]In my family[COMMA][QUOTE] the Scotsman said[COMMA] [QUOTE]we normally solve disputes by, the following actions: I kick you in the balls and, time how long it takes you to get back up.,Then, you kick me in the balls and time how long it, takes for me to get up.,Whoever gets up quicker, wins the egg.[QUOTE], The Englishman agreed to this and so the Scotsman, found his heaviest pair of boots,kicked the Englishman as hard as he could in the, balls.,The Englishman fell to the floor clutching, his nuts and howled in agony for 30 minutes., Eventually the Englishman stood up and said[COMMA], [QUOTE]Now it's my turn to kick you.[QUOTE],[QUOTE]Keep the g**damn egg.[QUOTE],
Confucious say[COMMA] ''There are three kinds of people in the world: Those who can count -- and those who can't.'',
A nun[COMMA] a priest[COMMA] an Irishman[COMMA] a Scotsman[COMMA] a rabbi and a blonde walk into a bar.,The bartender looks at them and asks[COMMA] [QUOTE]Is this some kind of joke?[QUOTE] ,
Q: What county in Ireland hates [QUOTE]South Park?[QUOTE],A: Killkenny.,
Q: Why do Scotsmen wear kilts?,A: Because the sound of zippers scare the sheep away.,
An Irish daughter had not been home for over five years.,Upon her return[COMMA] her father cursed her.,Where have ye been all this time?,Why did ye not write to us[COMMA] not even a line?,Why didn't ye call?,Can ye not understand what ye put yer old mum thru?,The girl[COMMA] crying[COMMA] replied[COMMA] [QUOTE]Sniff[COMMA] sniff...,Dad...,I became a prostitute...[QUOTE] ,[QUOTE]Ye what!!?,Out of here[COMMA] ye shameless harlot!,Sinner!,You're a disgrace to this family.[QUOTE] ,[QUOTE]OK[COMMA] Dad -- as ye wish.,I just came back to give mum this luxurious fur coat[COMMA] title deed to a ten bedroom mansion plus a savings certificate for $5 million.[QUOTE],[QUOTE]For me little brother[COMMA] this gold Rolex and for ye daddy[COMMA] the sparkling new Mercedes limited edition convertible that's parked outside plus a membership to the country club...,(takes a breath)...,and an invitation for ye all to spend New Years' Eve on board my new yacht in the Riviera[COMMA] and...[QUOTE] ,[QUOTE]Now what was it ye said ye had become?[QUOTE] says dad.,Girl[COMMA] crying again[COMMA] [QUOTE]Sniff[COMMA] sniff....a prostitute dad!,Sniff[COMMA] sniff.,[QUOTE]Oh!,Be Jesus!,Ye scared me half to death[COMMA] girl!,I thought ye said a Protestant.,Come here and give yer old man a hug.[QUOTE],
Q: What is the German word for [QUOTE]fart[QUOTE]?,A: Farfrompoopin.,
Confucious say[COMMA] 'It's better to be pissed off than to be pissed on!',
I want me a big black girl...,the type of woman that sits in the car and it looks like it's got tinted windows.,
A German woman is walking down the street.,Eleven blonde guys walk up and attack her.,She screams[COMMA] ''Nein!,Nein!'' so two guys walk away.,
I want me a big black girl....,type of woman that lies in the bed[COMMA] looks like a big old hole in the sheets.,
A boy from France comes to America.,He wants to learn some new words so he goes to the airport and learns [QUOTE]take off.[QUOTE] Then he learnes [QUOTE]zebra[QUOTE] from the zoo and [QUOTE]baby[QUOTE] from the hospital.,Then he goes home and says[COMMA] ''Mommy[COMMA] I learned new words today.'',She says[COMMA] [QUOTE]Great[COMMA] honey what did you learn?[QUOTE] He says[COMMA] ''Takeoffzebrababy!'',
A building contracter hires an Englishman[COMMA] an Irishman[COMMA] and a Chinaman.,He gathers them all in his office and tells each of them their jobs.,The Englishman to shovel a pile of sand.,The Irishman has to take the sand in the wheelbarrow to the truck.,The Chinaman is in charge of supplies.,The boss comes back two hours later and he sees the Englishman and the Irishman having a cup of tea., ''So have you done the work then?'' he asks.,The workers both shake their heads and tell him that the Chinaman didn't give them a shovel or a wheelbarrow.,The boss is infuriated by this and asks the workers if they have seen the Chinaman[COMMA] they tell him they thought they saw him going toward the truck., So the boss sets out towards the truck and just as he is getting close to the truck the Chinaman jumps out from behind a wall and yells[COMMA] [QUOTE]SUPPLIES![QUOTE] ,
Mohammed Salameh -- it sounds like something you order at a deli[COMMA] doesn't?,'Can I have the half pound of Mohammed Salameh[COMMA] please?',
Taoism: S**t happens.,Confucianism: Confucious says[COMMA] s**t happens.,Buddhism: If s**t happens[COMMA] it isn't really s**t.,Zen: What is the sound of s**t happening?,Hinduism: This s**t happened before.,Islam: If s**t happens[COMMA] it is the will of Allah.,Protestantism: Let s**t happen to someone else.,Native American: What is the medicine of s**t?,Catholicism: If s**t happens[COMMA] you deserve it.,Judaism: Why does this s**t always happen to us?,Pantheism: It's all the same s**t.,Atheism: I don't believe this s**t.,Agnosticism: What is this s**t?,
Used to be Willie Thomas[COMMA] now they're named Muhammad Mustafa Ufumu.,I can't spell it; they can say it[COMMA] man.,Talkin' about[COMMA] 'Assalamu Alaykum -- what's that mean to you?' I said[COMMA] 'More pork chops.',
A Texan[COMMA] a Russian and a New Yorker go to a restaurant in London.,The waiter tells them[COMMA] [QUOTE]Excuse me -- if you were going to order the steak[COMMA] I'm afraid there's a shortage due to the mad cow disease.[QUOTE],The Texan says[COMMA] [QUOTE]What's a shortage?[QUOTE],The Russian says[COMMA] [QUOTE]What's a steak?[QUOTE],The New Yorker says[COMMA] [QUOTE]What's 'excuse me'?[QUOTE] ,
You ever go into a store[COMMA] and they're watching you?,Watching <i>you</i>.,White people stealing stuff -- walking out with couches[COMMA] refrigerators[COMMA] TVs -- and all we want is a paper.,
They said the darker you were[COMMA] you know[COMMA] you were further away from the slave house.,I learned that!,The light-skinned people[COMMA] they say[COMMA] there was some mixing going on.,Man[COMMA] my family was so dark[COMMA] we were two feet from freedom!,We didn't even know there was a house on the plantation.,
What do you get when you cross a Scottish sheep with a Peruvian Mountain Goat?,The Dolly Llama.,
How many Frat boys does it take to change a lightbulb?,11 - One to hold the lightbulb[COMMA] and 10 to drink until the room spins.,
We need to just understand saying 'I love you' to your mom and dad because you only get one mom -- and two or three dads.,
-- a pizza can get to your house faster than an ambulance.,-- there are handicap parking places in front of a skating rink.,-- Sick people must walk to the back of the drugstore to get their prescriptions[COMMA] while healthy people can buy cigarettes in the front.,-- Banks leave both vault doors open[COMMA] but pens are chained to the counters.,-- Expensive cars sit in the driveways and useless junk fills garages.,-- people use voice mail to screen calls and call waiting to catch every call they might miss.,-- Drive-Up ATM machines feature Braille lettering.,
If you're black in America[COMMA] you're relatively well-spoken[COMMA] well-dressed[COMMA] well-educated[COMMA] sooner or later you can count on one of your white contemporaries -- with the very best of intentions -- turning to you and saying something along the lines of[COMMA] 'You know what?,You are so damn cool.,Sometimes[COMMA] I actually have trouble remembering that you're black.,No[COMMA] I mean that.,Sometimes I really forget that you're black.' Yeah[COMMA] well[COMMA] let me marry your sister[COMMA] and I'm sure it will pop right back into your mind.,