"What do you get when you put 50 lawyers in a room with 50 lesbians?,One hundred people who don't do dick.,"
"A lawyer was just waking up from anesthesia after surgery[COMMA] and his wife was sitting by his side.,His eyes fluttered open and he said[COMMA] ""You're beautiful!"" and then he fell asleep again.,His wife had never heard him say that so she stayed by his side.,A couple of minutes later[COMMA] his eyes fluttered open and he said[COMMA] ""You're cute!"" Well[COMMA] the wife was dissapointed because instead of ""beautiful[COMMA]"" it was ""cute."" She asked[COMMA] ""What happened to 'beautiful'?"" His reply was ""The drugs are wearing off!"" ,"
"One day a man goes to a pet shop to buy a parrot.,The assistant takes the man to the parrot section and asks the man to choose one.,The man asks[COMMA] ''How much,is the yellow one?'', ,The assistant says[COMMA] ''$2000.'',The man is shocked and asks the assistant why it's so expensive.,The assistant explains[COMMA] ''This parrot is a very special one.,He knows typewriting and can type really fast.'', ,''What about the green one?'' the man asks., ,The assistant says[COMMA] ''He costs $5000 because he knows typewriting and can answer incoming telephone calls and takes notes.'', ,''What about the red one?'' the man asks., ,The assistant says[COMMA] ''That one's $10[COMMA]000.'', ,The man says[COMMA] ''What does HE do?'', ,The assistant says[COMMA] ''I don't know[COMMA] but the other two call him boss.'',"
"Q: What's black and brown and looks good on a lawyer?,A: A Doberman pinscher.,"
"To surprise her husband[COMMA] an executive's wife stopped by his office.,When she opened the door[COMMA] she found him with his secretary sitting in his lap.,Without hesitating[COMMA] he dictated[COMMA] ""And in conclusion[COMMA] gentlemen[COMMA] budget cuts or no budget cuts[COMMA] I cannot continue to operate this office with just one chair."" ,"
"Boss: Who said that just because I,tried to kiss you at last month's Christmas,party[COMMA] you could neglect to do your work around,here?,Secretary: My lawyer.,"
"Microsoft's Latest Venture, News just in of Microsoft's latest,venture: Microsoft Corporation has taken another step toward dominating every aspect of,American life with the introduction of Contraceptive98[COMMA] a suite of applications designed,for users who engage in sex.,Microsoft has been a pioneer in peer-to-peer connectivity and plug and play., It believes these technologies will,give it substantial leverage in penetrating the copulation enhancement market.,The product addresses two important user concerns: the need for virus protection and the need for a firewall to ensure the non-propagation of human beings., The Contraceptive98 suite consists,of three products: Condom98[COMMA] DeFetus 1.0 (from Sementec)[COMMA] and AIDScan 2.1 (from Norton,Utilities).,A free copy of Intercourse Explorer 4.0 is bundled in the package.,The suite,also comes in two expanded versions.,Contraceptive98 Professional is the Client/Server,edition[COMMA] for professionals in the sexual services sector.,Contraceptive98 Small Business,Edition is a package for startups[COMMA] aimed at the housewife and gigolo niches., While Contraceptive98 does not address nontraditional copulatory channels[COMMA] future plug-ins are planned for next year., OPERATION: Only one node in a,peer-to-peer connection needs to install the package., At installation[COMMA] the Condom98,software checks for minimum hardware.,If the user meets the requirements[COMMA] the product,installs and is sufficiently scaleable to meet most requirements.,After installation[COMMA],operation commences.,One precaution is that the user must be sure they have sufficient RAM to complete the session.,When the session is complete[COMMA] a disconnect is initiated[COMMA] and the user gets the message[COMMA] it is now safe to turn off your partner., DRAWBACKS: Usability testers report that frequent failures were a major concern during beta testing.,General Protection Fault was the most serious error encountered.,Early versions had numerous bugs[COMMA] but most of these have been eliminated.,The product needs to be installed each time its used., CONCLUSION: Contraceptive98 is a,robust product.,Despite its drawbacks[COMMA] it is reasonably good value for its $49.95 price,tag[COMMA] and is far superior to its shareware version.,Hopefully[COMMA] future releases (of the,software[COMMA] that is) will add missing functionality[COMMA] such as Backout and Restore[COMMA],uninterruptible Power Supply and Onboard Camera., Microsoft CEO Bill Gates is optimistic that ,Our contraceptive products will help users do to each other what we've been doing to our customers for years.,"
"There's something actionable in your pants.,"
"Want to take a look at my benefit package?,"
"I'd like to think inside your box.,"
"I've got something you can take up the chain.,"
"Four expectant fathers pace in a hospital waiting room while their wives are in labor.,The nurse enters and tells the first man[COMMA] ""Congratulations[COMMA] you're the father of twins."",""What a coincidence[COMMA]"" the man says.,""I work for the Minnesota Twins baseball team."",A little later[COMMA] the nurse returns and tells the second man[COMMA] ""You are the father of triplets."",""That's really an incredible coincidence[COMMA]"" he answers.,""I work for the 3M Corporation."",An hour later[COMMA] the nurse tells the third man that his wife has just given birth to quadruplets.,The man says[COMMA] ""I don't believe it!,I work for the Four Seasons.,What a coincidence."",After hearing this[COMMA] everyone's attention turns to the fourth guy who has just fainted.,He slowly regains consciousness and whispers[COMMA] ""I should have never taken that job at Millennium Computers."" ,"
"An old woman walked into a dentist's office[COMMA] took off all her clothes and spread her legs.,The dentist said[COMMA] ''I think you have the wrong room.'',''You put in my husband's teeth last week[COMMA]"" she replied.,""Now you have to remove them."" ,"
"Q: Why are there hardly any dental professionals in Arkansas?,A: Because it takes 35 patients to make a full set of teeth.,"
"A construction worker accidentally cuts off one of his ears with an electric saw.,He calls out to a guy walking on the street below[COMMA] ""Hey[COMMA] do you see my ear down there?"",The guy on the street picks up an ear and yells back[COMMA] ""Is this it?"",""No[COMMA]"" replies the construction worker.,""Mine had a pencil behind it."" ,"
"At the rate law schools are turning them out[COMMA] by 2050 there will be more lawyers than humans.,"
"A blonde goes to work in tears.,Her boss asks[COMMA] ""What's wrong?"",She says[COMMA] ""My mom died."" ,He told her to go home[COMMA] but she said[COMMA] ""No[COMMA] I'll be fine."" ,Later that day[COMMA] her boss finds her crying again.,He says[COMMA] ""What's wrong?"" ,She replies[COMMA] ""I just talked to my sister[COMMA] and her mom died[COMMA] too!"" ,"
"I wanna fax you up.,"
"A man working with an electric saw accidentally cuts off all of his fingers.,At the emergency room[COMMA] his doctor says[COMMA] ""Give me the fingers[COMMA] and I'll see what I can do."",The injured man repies[COMMA] ""But I don't have the fingers!"",""Why didn't you bring them?"" the doctor asks.,The injured man responds[COMMA] ""Doc[COMMA] I couldn't pick them up."" ,"
"An engineer crosses a road when a frog calls out to him[COMMA] ""If you kiss me[COMMA] I'll turn into a beautiful princess."",He bends over[COMMA] picks up the frog and puts it in his pocket.,The frog speaks up again and says[COMMA] ""If you kiss me and turn me back into a beautiful princess[COMMA] I will stay with you for one week."",The engineer takes the frog out of his pocket[COMMA] smiles at it and returns it to the pocket.,The frog then cries out[COMMA] ""If you kiss me and turn me back[COMMA] I'll do whatever you say!"",Again the engineer takes the frog out[COMMA] smiles at it and puts it back into his pocket.,Finally[COMMA] the frog asks[COMMA] ""What is the matter?,I've told you I'm a beautiful princess[COMMA] I'll stay with you for a month and do whatever you say.,What more do you want?"", The engineer says[COMMA] ""Look[COMMA] I'm an engineer.,I don't have time for a girlfriend[COMMA] but a talking frog[COMMA] now that's cool!"","
"Lem: ""I got fired from my job as a bank guard."",Clem: ""That's awful.,What happened?"",Lem: ""Well[COMMA] a thief came in[COMMA] and I drew my gun.,I told him that if he took one more step[COMMA] I'd let him have it."",Clem: ""What did the thief do then?"",Lem: ""He took one more step[COMMA] so I let him have it.,I didn't want that stupid gun anyway."","
"A helicopter was flying around above Seattle when an electrical malfunction disabled all of the aircraft's electronic navigation and communications equipment., ,Due to the,clouds and haze[COMMA] the pilot could not determine the helicopter's position., The pilot saw a tall building[COMMA] flew toward,it[COMMA],circled[COMMA],and held up a handwritten sign that, said ""WHERE AM I?"" in large letters.,People in the tall building quickly,responded to,the,aircraft[COMMA] drew a large sign[COMMA] and held, it in a building,window., Their,sign said ""YOU ARE IN A HELICOPTER."",The pilot smiled[COMMA] waved[COMMA] looked at his map[COMMA], determined the course to steer to SEATAC, airport[COMMA] and landed safely.,After they were on the ground[COMMA] the copilot,asked,the,pilot,how he had done it.,""I knew it had to be the Microsoft Building[COMMA] because they gave me a technically correct but completely useless answer."","
"Noticing a mistake in St.,Peter's roster[COMMA] God calls Satan; ""It seems you accidentally received some of my professionals down there: a teacher[COMMA] a doctor and a farmer."",""Yeah[COMMA]"" Satan replies.,""All the more for me!"",God replies[COMMA] ""You better send them up here immediately."",Satan says[COMMA] ""No way.,I'm keeping them."",God says[COMMA] ""Send them up here[COMMA] or I'll sue the horns right off you."",Satan laughs uproariously[COMMA] ""Yeah[COMMA] right.,And just where are YOU going to get a lawyer?"","
"Why'd the lawyer go to Heaven?,Hell was full.,"
"After Bill Gates wedding night[COMMA] his wife finally knew why he called his company Microsoft.,"
"I'll try not to get any human resources on you.,"
"1.,Inflatable dart board.,2.,Glow-in-the-dark sunglasses.,3.,A book on how to read., ,4.,Solar-powered flashlight., 5.,Screen door on a submarine.,"
"Wanna give me a desk job?,"
"Baby[COMMA] you are 401Kute!,"
"Mother Superior called a young novice into her office one evening.,''Now dear[COMMA] I want you to give the Father his nightly bath., You are to do as he tells you and be sure to report to me in the morning[COMMA]'' she said., The novice agreed to do as she was told and went to prepare the Father's bath., Doing as she was told[COMMA] the novice washed the Father's hair and back., While she was doing this the Father told the novice that he had the key to heaven.,The Father told her that if his key to heaven fit her gate[COMMA] she would be saved., ,The next morning the novice entered Mother Superior's office.,''So how did it go last night dear?, He didn't try anything on you[COMMA] did he?'' she asked., ,''Oh[COMMA] Mother[COMMA] it was wonderful!, I did exactly as you told me to and when I was giving him his bath he told me the HE has the KEY TO HEAVEN!, I was amazed[COMMA] and he went on to tell me that if his key fit my gate[COMMA] I would be saved., And Mother[COMMA] his key FIT my gate!, And it was the most beautiful thing in the world!'',And the Mother said[COMMA] ''Damn that man!, He told me it was Gabriel's horn and I've been blowing it for 40 years!'',"
"What do you call a lawyer who doesn't know the,law?, A judge.,"
"Q: Why have scientists started using lawyers for experiments instead of rats?,A: They don't become so attached to the lawyers.,"
"Q: What do you call a lawyer who has gone bad?,A: Senator.,"
"Q: How do you stop a lawyer from drowning?,A: Shoot him before he hits the water.,"
"Steve lies dying[COMMA] as Jack[COMMA] his law partner of 40 years[COMMA] sits at his bedside.,""Jack[COMMA] I've got to confess -- I've been sleeping with your wife for 30 years[COMMA] I'm the father of your daughter[COMMA] and I've been stealing from the firm for a decade."",""Relax[COMMA]"" says Jack[COMMA] ""and don't think another thing about it.,I'm the one who put arsenic in your martini."","
"A doctor notices a sidewalk stand that says 'brains for sale.' He, goes over to investigate and sees a sign that says, 'Doctor brains $8.00 a pound&#146; and another sign that, says &#145;Paramedic brains $12.00 a pound[COMMA] Nurses, brains $30.00 a pound[COMMA] truck driver $40.00 a pound, and lawyers brains $90.00 a pound.&#146;,So he asks the man behind the cashregister[COMMA] &#147;how, come his brains are only worth 8.00 and a lawyer's, worth 90.00?&#148; ,The man replies[COMMA] &#147;do you know how, many lawyers it takes to make a pound of brains?&#148;,"
"A guy phones a law firm and says[COMMA] ""I want to speak to my lawyer."" The receptionist says[COMMA] ""I'm sorry[COMMA] but your lawyer died last week."" The next day the same guy phones the law firm and says[COMMA] ""I want to speak to my lawyer."" Once again the receptionist replies[COMMA] ""I'm sorry[COMMA] but your lawyer died last week."" ,The next day the guy makes his regular call to the law firm and say[COMMA] ""I want to speak to my lawyer."" ""Excuse me sir[COMMA]"" the receptionist says[COMMA] ""but this is third time I've had to tell you that your lawyer died last week.,Why do you keep calling?"" The guy replies[COMMA] ""Because I love hearing it!"","
"Why was the lawyer skimming the Bible right before he died?, He was looking for loopholes!,"
"What do you call an honest lawyer?, ,An oxymoron.,"
"When do you know a lawyer is telling the truth?, When his lips are shut.,"
"A good lawyer knows the law; a great lawyer knows the judge.,"
"A lawyer is standing in a long line at the box office.,Suddenly[COMMA] he feels a pair of hands kneading, his shoulders[COMMA] back[COMMA] and neck.,The lawyer turns, around.,""What, the hell do you think you're doing?"",""I'm a chiropractor[COMMA] and, I'm just keeping in practice while I'm waiting in, line."",""Well[COMMA] I'm a lawyer[COMMA] but you don't see me screwing the guy in front of, me[COMMA] do you?"","
"What's the difference between a lawyer and God?, ,God doesn't think he's a lawyer.,"
"How come you can't find lawyers sunbathing on the beach?, ,Cats keep covering them over with sand.,"
"In a murder trial[COMMA] the defense attorney was cross-examining the coroner:,""Before you signed the death certificate[COMMA] did you take the pulse[COMMA] listen to the heart or check for breathing?"",""No."",""So[COMMA] when you signed the death certificate[COMMA] you weren't sure the man was dead[COMMA] were you?"",""Well[COMMA] the man's brain was in a jar on my desk[COMMA] but I suppose he could have still been practicing law for a living."","
"Q: What do you have when 100 lawyers are buried up to their necks in sand?,A: Not enough sand.,"
"Q: What's the difference between a catfish and a lawyer?,A: One's a slimy scum-sucking bottom-dwelling scavenger; the other is a fish.,"
"What is the difference between a leech and a lawyer?,The leech stops sucking you dry after you're dead.,"
"Q: What did the Lawyer say to the lesbian?, ,A: One slip of the tongue and you will be in s**t!,"
"Definition of a Lawyer: A person who puts two men into a fight and runs off with their clothes.,"
"Q: How many engineers does it take to change a light bulb?,A: You need 250 just to lobby for the research grant.,"
"Q: How many IT guys does it take to screw in a light bulb?,A: None[COMMA] that's a Facilities problem.,"
"Q: How many lawyers does it take to screw in a light bulb?,A: Four: one to climb the ladder[COMMA] one to hold the ladder[COMMA] one to shake the ladder and one to sue the ladder company.,"
"Q: How many lawyers does it take to screw a light bulb?, ,A: One but it has to have a good case.,"
"How many IBM employees does it take to screw in a light bulb?, ,10[COMMA]000: one to hold up the light bulb[COMMA] and 9[COMMA]999 to turn the building around.,"
"Q: Why didn't the skeleton go to the dance?,A: He had no body to go with.,"
"What's the difference between F.Lee Bailey and a generalized joke about Lawyers?,One is boorish rude and insensitive[COMMA] the other is just a joke!!,"
"Q: Did you hear about the logger that went to Alaska?,A: He came back a husky f**ker.,"
"Two lawyers are walking down the street[COMMA] when a beautiful woman walks by.,""Boy[COMMA] I'd like to screw her[COMMA]"" says one lawyer.,""I agree[COMMA]"" says the other., ""But out of what?"" ,"
"How can you tell when a lawyer is about to lie?, His lips start moving.,"
"Blonde: ""I'm on the road a lot[COMMA] and my clients are complaining that they can never reach me."",Psychiatrist: ""Don't you have a cell phone?"",Blonde: ""They're too expensive[COMMA] so I did the next best thing: I put a mailbox in my car."",Psychiatrist: ""And do you receive any letters?"",Blonde: ""No[COMMA] but I figure it's because when I'm driving around[COMMA] my zip code keeps changing."","
"A couple wants a divorce[COMMA] but first they must decide who will be the main guardian of their child.,The jury asks both the man and woman for a reason why they should be the one to keep the child.,So the jury asks the woman first.,She says[COMMA] ""Well I carried,this child around in my stomach for nine months and I had to go through a painful birth,process[COMMA] this is my child and apart of me."" The jury is impressed and then turns to ask the man the same question.,The man replies[COMMA] ""OK[COMMA] I take a coin and put it in the drink,machine and a drink comes out[COMMA] now tell me who does the drink belong to me or the machine"","
"Q: What's the definition of innocence?,A: A nun working in a condom factory[COMMA] thinking she's making sleeping bags for mice.,"
"Betty and Tim die in a car accident on the eve of their wedding.,In Heaven[COMMA] they ask St.,Peter if they can still be married.,""Well[COMMA] let me find out if this is possible., Stay here and I will be right back."",Six months pass and Peter returns.,""Yes[COMMA] we can do this for you."",The couple asks[COMMA] ""Well[COMMA] as we have spent so much time together waiting for your answer[COMMA] we need to know that if things don't work out[COMMA] is there a possibility that we can be divorced?"",To which St.,Peter answers[COMMA] ""It took me six months to find a priest up here -- how long do you think it will take me to find a lawyer?"","
"Smart man + smart woman = romance,Smart man + dumb woman = affair,Dumb man + smart woman = marriage,Dumb man + dumb woman = pregnancy,"
"A man who was having heart trouble went to the doctor to see what his options were.,Naturally[COMMA] the doctor recommended a heart transplant.,The man reluctantly agreed[COMMA] and asked if there were any hearts immediately available[COMMA] considering that money was no object.,""I do have three hearts[COMMA]"" said the doctor.,""The first is from an 18-year old kid[COMMA] non-smoker[COMMA] athletic[COMMA] swimmer[COMMA] with a great diet.,He hit his head on the swimming pool and died.,It's $100[COMMA]000.,The second is from a marathon runner[COMMA] 25 years old[COMMA] great condition[COMMA] very strong.,He got hit by a bus.,It's $150[COMMA]000.,The third is from a heavy drinker[COMMA] cigar smoker[COMMA] steak lover.,It's $500[COMMA]000."",""Hey[COMMA] why is that heart so expensive?,He lived a terrible life!"",""Yes[COMMA] but it's from a laywer.,It's never been used."","
"Yeah[COMMA] I have an MBA -- and that stands for Master of Booty Action.,"
"An old woman goes to the doctor's office.,The doctor gives her a checkup and says[COMMA] ""I need to do stool[COMMA] blood and urine tests."",The woman says[COMMA] ""Well[COMMA] can I just leave my underwear?, Bingo starts in half an hour."" ,"
"Q: What did Bill Gates' wife say to him on their wedding night?,A: ""Now I know why you named your company Microsoft!"","
"Come meet my middle manager.,"
"Bill Gates is hanging out with the chairman of General Motors.,""If automotive technology had kept pace with, computer technology over the past few decades[COMMA]"",boasts Gates[COMMA] ""you would now be driving a V-32 instead of a V-8[COMMA] and it would have a top speed of 10[COMMA]000 miles per hour.,Or[COMMA] you could have an economy car that weighs 30 pounds and gets a thousand miles to a gallon of gas.,In either case[COMMA] the sticker price of a new car would be less than $50."",""Sure[COMMA]"" says the GM chairman.,""But would you really want to drive a car that crashes four times a day?"","
"A man came back from a long business trip to find that his son had a new $300 mountain bike.,""How'd you get that[COMMA] son?"",""By hiking."",""Hiking?"",""Yeah[COMMA] every night[COMMA] Mom's boss came over and gave me $20 to take a hike."","
"Farmer Joe decided his injuries from his recent accident were serious enough, to take the trucking company responsible for the accident to court.,In court[COMMA] the trucking company's fancy lawyer was questioning farmer Joe.,""Didn't,you say[COMMA] at the scene of the accident[COMMA], that you were fine?"",''Well[COMMA] I'll tell you what happened.,I had just loaded my favorite mule Bessie into the--"",''I didn't ask for any details[COMMA]'' the lawyer interrupted., ''Just answer the question.,Did you not say[COMMA], at the scene of the accident[COMMA] that you were fine?"", ,''Well I had just got Bessie into the trailer and,was driving down the road--'',''Judge[COMMA] I am trying to, establish the fact that[COMMA] at the scene of the accident[COMMA], this man told the Highway Patrolman on the scene that he was just fine.,Now several weeks after the accident he is trying to sue my client.,I believe he is a fraud.,Please tell him to simply answer the question.'', By this time the Judge was fairly interested in Farmer Joe's answer, and told the lawyer so., ,''Well[COMMA]"" said the farmer[COMMA] ""as I was saying[COMMA], I had just loaded Bessie[COMMA] my favorite mule[COMMA], into the trailer and was driving her down the highway when this, huge semi-truck and trailer ran the stop sign, and smacked my truck right in the side.,I was thrown into one ditch and Bessie was thrown into the other.,I was hurting real bad and didn't want to move.,However[COMMA] I could hear ol' Bessie moaning and groaning.,I knew she was in terrible shape just by her groans.,Shortly after the accident a Highway Patrolman came on the scene.,He could hear Bessie moaning and groaning so he went over to her.,After he looked at her he took out his gun and, shot her between the eyes.,Then the Patrolman came across the road with his gun in his hand, and looked at me.,He said[COMMA] 'Your mule was in such bad shape I had to shoot her., How are you feeling?'"","
"One day two deaf-mutes meet on the street.,They had been friends in school but had lost touch over time.,They used sign language to catch up on old times.,Through the course of conversation one of the deaf-mutes learned the other had learned to speak and was no longer mute.,This amazed the fellow that was still mute and he asked about the procedure.,His friend gave him the doctor's card and went on his way.,The deaf mute wasted no time and went straight to the doctor's office.,The doctor informed the procedure took 26 days and cost one million dollars.,The man handed the doc his insurance card and begged the doctor to start the treatment that day.,The doctor had the man strip and lay over the examination table.,The doctor went to his closet and took out a bucket of mayonnaise and a broom handle with a door knob on the end.,The doc got a running start and shoved the mayonaise covered door knob up the deaf-mute's ass.,The mute screamed[COMMA],AY!AY!AY!, The doctor said[COMMA],very good we will work on the B's tomorrow.,"
"I need you to move my needle.,"
"I have good news and bad news[COMMA] the defense lawyer says to his client.,""What's the bad news?"" ,The lawyer says[COMMA] ""Your blood matches the DNA found at the murder scene."" ,""Dammit!"" cries the client.,""What's the good news?"" ,""Well[COMMA]"" the lawyer says[COMMA] ""Your cholesterol is down to 140."","
"What do you call 500 lawyers at the bottom of the ocean?,A good start.,"
"What do you call one lawyer thrown off a bridge into a river?, ,Pollution.,What do you call all the lawyers thrown off a bridge?,Solution.,"
"Let's discuss my raise in your corner office.,"
"There's an offsite you need to attend at my place.,"
"A woman walks into her doctor's office and says[COMMA] ""Doctor[COMMA] I need to lose weight fast."" The doctor replies[COMMA] ""Instead of putting food in your mouth[COMMA] try putting it up your butt."",Two months later[COMMA] she comes in and says[COMMA] ""Doctor[COMMA] it's a dream come true.,I'm half the size I was."",But the doctor notices that she is bouncing up and down.,He asks[COMMA] ""Where did you get this twitch?"" The woman replies[COMMA] ""I don't have a nervous twitch; I'm chewing bubble gum."" ,"
"I'd work overtime to reach synergy with you.,"
"A man goes to his doctor's office to get his penis enlarged.,The doctor comes in with a tray of penises[COMMA] and the man says[COMMA] ''You got any bigger ones?'', The doctor comes in with another tray[COMMA] but the man still wants something bigger., The doctor comes in with yet another tray[COMMA] and the man finally says[COMMA] ""I'll take one of those.,But do you have any in white?"" ,"
"Bill has worked in a pickle factory for several years.,One day he confesses to his wife that he has a terrible urge to stick his penis into the pickle slicer.,His wife suggests that he see a therapist to talk about it[COMMA] but Bill vows to overcome this rash desire on his own.,A few weeks later[COMMA] Bill returns home absolutely ashen.,His wife asks[COMMA] ""What's wrong[COMMA] Bill?"",""Do you remember how I told you about my tremendous urge to put my penis into the pickle slicer?"",His wife gasps[COMMA] ""My God[COMMA] Bill[COMMA] what happened?"",""I got fired."",""No[COMMA] Bill -- I mean[COMMA] what happened with the pickle slicer?"",""Oh[COMMA] um[COMMA] she got fired[COMMA] too."","
"Q: What do you get when you cross a lawyer and a pig?,A: Won't happen -- there are some things even a pig won't do.,"
"Q: How many lawyers does it take to plaster a wall?,A: It depends how hard you throw them.,"
"Q: What does a plumber need to know about his job?,A: Sh*t runs downhill and payday is on Friday.,"
"What do you get when you cross a corrupt lawyer with a crooked politician?, ,Chelsea Clinton.,"
"The pope and a lawyer are on the elevator to heaven.,When they arrive at the gates[COMMA] there's a mad rush of angels[COMMA] saints[COMMA] and other holy people on their way to greet them.,When they arrive[COMMA] they pick the lawyer up on their shoulders and carry him off cheering hysterically.,The pope is deeply saddened.,St.,Peter sees this and goes over to him and says[COMMA] ""Don't feel bad.,We get popes in here all the time[COMMA] it's not every day we get a lawyer."","
"A blonde canvassed a wealthy neighborhood looking for odd jobs.,She went to the front door of the first house and asked the owner if he had anything for her to do.,""Well[COMMA] you can paint my porch.,How much will you charge?"",She replied[COMMA] ""How about $50?"",The man agreed and told her the paint was in the garage.,A short time later[COMMA] the blonde came to the door to collect her money.,""You're finished already?"" he asked.,""Yes[COMMA]"" the blonde answered[COMMA] ""and I had paint left over[COMMA] so I gave it two coats."",Impressed[COMMA] the man reached in his pocket for the $50.,""And by the way[COMMA]"" the blonde added[COMMA] ""that's not a Porsche; it's a Ferrari."","
"Three women were at the doctor's office for the second trimester check up., The first woman[COMMA] a brunette[COMMA], said that she was sure that she would have a girl because when she made love to her husband[COMMA] she was on top!, The second affirmed with certainty that she would, have a boy[COMMA] because she was on bottom., The blonde grabbed her head between her hands.,""Oh[COMMA] crap!,Puppies."","
"I know how to find your PowerPoint.,"
"Q: How do you know you can't trust doctors and lawyers?,A: Because they both ""practice"" their professions.,"
"What do you call parachuting lawyers?, ,Skeet.,"
"A prisoner in jail receives a letter from his wife: ""Dear husband[COMMA] I have decided to plant some lettuce in the back garden.,When is the best time to plant them?"",The prisoner[COMMA] knowing that the prison guards read all mail[COMMA] replies in a letter: ""Dear wife[COMMA] whatever you do[COMMA] do not touch the back garden.,That is where I hid all the money."",A week or so later[COMMA] he receives another letter from his wife.,""Dear husband[COMMA] you wouldn't believe what happened.,Some men came with shovels to the house and dug up the back garden."",The prisoner writes back: ""Dear wife[COMMA] now is the best time to plant the lettuce."" ,"
"Several years ago[COMMA] Andy was sentenced to prison.,During his stay[COMMA] he got along well with the guards and all his fellow inmates., The warden saw that deep down[COMMA] Andy was a good person and made arrangements for Andy to learn a trade while doing his time., ,After 3 years[COMMA] Andy was recognized as one of the best carpenters in the local area.,Often he would be given a weekend pass to do odd jobs for the citizens of the community[COMMA] and he always reported back to prison before Sunday night was over., ,The warden was thinking of remodeling his kitchen and in fact had done much of the work himself., But he lacked the skills to build a set of kitchen cupboards and a large counter top which he had promised his wife., So he called Andy into his office and asked him to complete the job for him., But[COMMA] alas[COMMA] Andy refused.,He told the warden[COMMA] ''Gosh[COMMA] I'd really like to help you but counter fitting is what got me into prison in the first place.'',"
"Something's getting proactive in my pants!,"
"Q: What's the difference between a proctologist and a bartender?,A: The proctologist only handles one a**hole at a time.,"
"I bet you can increase my productivity.,"
"A dying man gives each of his best friends -- a lawyer[COMMA] doctor and clergyman -- an envelope containing $25[COMMA]000 in cash to be placed in his coffin.,A week later the man dies and the friends each place an envelope in the coffin.,Several months later[COMMA] the clergyman confesses that he only put $10[COMMA]000 in the envelope and sent the rest to a mission in South America.,The doctor confesses that his envelope had only $8[COMMA]000 because he donated to a medical charity.,The lawyer is outraged[COMMA] ""I am the only one who kept my promise to our dying friend.,I want you both to know that the envelope I placed in the coffin contained my own personal check for the entire $25[COMMA]000."","
"A woman arrives home from work and her husband notices she's wearing a diamond necklace.,He asks his wife[COMMA] ""Where did you get that necklace?"" ,She replies[COMMA] ""I won it in a raffle at work.,Go get my bath ready while I start dinner."" ,The next day[COMMA] the women arrives home from work wearing a diamond bracelet.,Her husband asks[COMMA] ""Where did you get the bracelet?"" ,She replies[COMMA] ""I won it in a raffle at work.,Go get my bath ready while I start dinner."" ,The next day[COMMA] her husband notices she arrives home from work wearing a mink coat.,He says[COMMA] ""I suppose you won that in a raffle at work?"" She replies[COMMA] ""Yeah I did!,How did you guess?,Go get my bath ready while I start supper."" ,Later after supper[COMMA] she goes to take her bath and she notices there is only one inch of water in the tub.,She yells to her husband[COMMA] ""HEY!,There's only an inch of water in the tub."" He replies[COMMA] ""I didn't want you to get your raffle ticket wet."","
"I think you'll be able to raise the bar.,"
"A man walked into a curio store and was shopping, around., After awhile[COMMA] he chose a brass rat and, brought it up to the counter.,""That will be $10 for the brass rat and, $1[COMMA]000 for the story behind it[COMMA]"" said the proprietor.,""Thanks[COMMA] but I'll just pay the $10 and pass on, the story."" He purchased the brass rat and left, the store., As he was walking down the street[COMMA], he started noticing all sorts of rats following, him., The further he walked[COMMA] the more rats, followed., He walked down to the wharf and still, more rats came out and followed him., So[COMMA] he, decided to walk out into the water[COMMA],all the rats drowned., He returned to the, store shortly.,""Ah-ha!"" said the proprietor.,""You've come back for the story[COMMA] right?"",""Nope[COMMA]"" said the man.,""You have any brass lawyers?"","
"A man walks into a lawyer's office and inquires about the rates.,""Fifty dollars for three questions[COMMA] ""replies the lawyer.,""Isn't that awfully steep?"" asks the man.,""Yes[COMMA]"" the lawyer replies[COMMA] ""and what's your third question?"","
"I want you to reach out and loop me in.,"
"Q: Why does the bar association prohibit lawyers and clients from having sex?,A: To prevent clients from being billed twice for essentially the same service.,"
"Q: Why did the blonde quit her restroom attendant job?,A: She couldn't figure out how to refill the hand dryer.,"
"A retired US Marine was looking for a new job.,He finally found one that appealed to his interests.,At the interview[COMMA] he was asked[COMMA],""Do you have any military experience?"",The Marine replied[COMMA] ""Why[COMMA] yes!,I've been in the Marines for a couple of years."",""I see[COMMA]"" said the interviewer[COMMA] ""any disabilities?"",The Marine looked at him and replied shakily.,""Well...,In the Vietnam War I had a grenade go off between my legs[COMMA] blowing off my testicles."",The interviewer[COMMA] quite shocked[COMMA] said ""All right[COMMA] you're hired.,Please report to work on Monday at 10:00am."",""Wait wait!"" shouted the Marine[COMMA] ""When do the others start?,I don't want any special treatment just because of my disability."",The interviewer replied[COMMA] ""Well...,I'll tell you the truth.,Everyone normally comes at 7:00 in the morning[COMMA] but nothing gets done until 10.,All we do is sit around[COMMA] scratching our nuts trying to figure out what to do."","
"After 35 years[COMMA] mailman George decides to retire.,On his last day[COMMA] he makes his usual rounds.,When he arrives at the first house[COMMA] the whole family comes out[COMMA] congratulates him[COMMA] and sends him on his way with a tidy gift envelope.,At the second house[COMMA] they present him with a box of fine cigars.,The folks at the third house hand him a selection of terrific fishing lures.,At the next house[COMMA] he is met at the door by a strikingly beautiful woman in a revealing negligee.,She takes him by the hand and leads him up to the bedroom[COMMA] where she blows his mind with the most passionate sex he has ever experienced.,When done[COMMA] they go downstairs[COMMA] where she fixes him a giant breakfast.,As she pours him a cup of coffee[COMMA] he notices a dollar bill sticking out from under the cup's bottom edge.,""All this is just too wonderful for words[COMMA]"" he says[COMMA] ""but what's the dollar for?"",""Well[COMMA]"" she says[COMMA] ""last night[COMMA] I told my husband that today would be your last day and that I wanted to do something special for you.,I asked him what to give you.,He said[COMMA] 'Screw him.,Give him a dollar.' But breakfast was my idea."","
"What in the world is 'past due'?,Like normal due ain't enough[COMMA] past due gonna make me have the money?,Yo[COMMA] my man[COMMA] those bills can be future due -- I'm broke.,"
"A very successful lawyer parked his brand-new Lexus in front of his office[COMMA] ready to show it off to his colleagues.,As he got out[COMMA] a truck passed too close and completely tore the door off of the driver's side.,The counselor immediately grabbed his cell phone[COMMA] dialed 911[COMMA] and within, minutes a policeman pulled up., ,Before the officer had a chance to ask any questions[COMMA] the lawyer started screaming hysterically., His Lexus[COMMA] which he had just picked up the day before[COMMA] was now completely ruined and would never be the same[COMMA] no matter what the body shop did to it.,When the lawyer finally wound down from his ranting and raving[COMMA] the officer shook his head in disgust and disbelief., ,""I can't believe how materialistic you lawyers are[COMMA]"" he said.,""You are so focused on your possessions that you don't notice anything else."" ,""How can you say such a thing?"" asked the lawyer., ,The cop replied[COMMA] ""Don't you know that your left arm is missing from the elbow down?, It must have been torn off when the truck hit you."" ,""Ahhh!"" screamed the lawyer.,""Where's my Rolex!"","
"You are stuck in a foxhole with a cobra[COMMA] Saddam,Hussein[COMMA] a lawyer[COMMA] and only two bullets in your gun., What do you do?, ,Shoot the lawyer twice.,"
"Q: What did the blonde fill in for ""Salary Expected"" on a job application?,A: Yes.,"
"A woman goes into a adult toy shop to buy a dildo.,She sees one behind the counter and tells the salesman[COMMA] ""I want that one!"" ,He replies[COMMA] ""It's not for sale."" ,The woman says[COMMA] ""Please I want <i>that</i> one[COMMA]"" again he says it's not for sale.,The woman says[COMMA] ""I'll give you a hundred dollars for it."" and the salesman says[COMMA] ""Well[COMMA] okay.,Five minutes later[COMMA] his boss walks in and asks[COMMA] ""How's business today?"" ,The salesman replied[COMMA] ""It's pretty slow but I just made a hundred dollars off of my thermos."","
"Q: What was the name of the hair salon next to the graveyard?,A: Curl Up and Dye.,"
"Q: What do you buy a friend graduating from law school?,A: A lobotomy.,"
"What do you call a nun who just passed her bar exam?, ,A sister-in-law.,"
"Mother: ""Come on[COMMA] Victor[COMMA] you have to get out of bed or you'll be late for school."",Victor: ""Mom[COMMA] do I have to?,All the teachers hate me[COMMA] and all the students hate me[COMMA] too."",Mother: ""Yes[COMMA] you do."",Victor: ""Give me one good reason."",Mother: ""Because you're 34 years old[COMMA] and you're the principal."","
"My job used to be to watch adult films and tell people what they're about.,People would come in and go[COMMA] 'What's ""Romancing the Bone"" about?' It's about 90 minutes too long.,That's what it's about.,"
"Do you mind if my secretary watches?,"
"A young man got a new job running the register at a store.,The old store owner said he would teach him how to up-sell.,""Watch how I do it[COMMA]"" he said to the new hire.,As a customer put a bag of grass seed on the counter[COMMA] the old-timer said to him[COMMA] ""When you plant those seeds and the grass starts growing[COMMA] you're going to need a new lawnmower to cut the grass."",""You know[COMMA]"" said the man[COMMA] ""I do need a new mower.,Sure[COMMA] I'll take one."",After the customer left[COMMA] the new kid said[COMMA] ""I think I see what you mean.,Let me handle this next one."",A customer stepped up to the counter and set down a box of tampons.,The young salesman said[COMMA] ""You know[COMMA] you should get you a new lawnmower to go with that."",The man asked the young salesman[COMMA] ""What are you talking about?"",""It looks like your weekend's shot so you might as well cut the grass."","
"Q:,What do lawyers use as contraceptives?,A:,Their personalities.,"
" A woman was at work when a,man said[COMMA] ,Your hair smells nice., She went straight to her,boss and said[COMMA] ,I've been sexually harrassed.,A man said my hair smells nice., He in return said[COMMA],What's wrong with that[COMMA] it does?, She said[COMMA] ,The man who,said that was a midget.,"
"This lady walks into her boss's office one day and says[COMMA] ""Sir[COMMA] I'd like to file a sexual harassment complaint."",Her boss says[COMMA] ""Well what's your complaint?"",She says[COMMA] ""My co-worker Joe said my hair smelled nice."" ,The boss says[COMMA] ""That's really not sexual harassment."",The lady counters[COMMA] ""But[COMMA] Joe's a midget!"","
"Did you know that you can get a woman pregnant, from anal intercourse?, That's how lawyers are made., ,"
"Q: What is the definition of a ""lucky break""?,A: When a busload of lawyers goes off a cliff.,Q: What is the definition of a ""crying shame""?,A: There was an empty seat.,"
"A Frenchman[COMMA] an Englishman[COMMA] an American man[COMMA] and a lawyer were sitting on a train., ,The Frenchman offered everyone some of his baguette[COMMA] then threw it out the window[COMMA] saying[COMMA] ""Don't worry - we have plenty of those where I come from."",The Englishman offered everyone a crumpet[COMMA] then threw the rest out of the window[COMMA] saying[COMMA] ""Don't worry - we have plenty of those where I come from."",Then the American threw the lawyer out the window[COMMA] saying...,"
"Why won't sharks attack lawyers?,Professional courtesy.,"
"Q: Why won't sharks attack lawyers?,A: Professional courtesy.,"
"Sex is like a job[COMMA] and if you don't do good work[COMMA] this might be your last day at the office.,"
"A farmhand is driving 'round the farm[COMMA] checking the fences.,After a few minutes he radios his boss and says[COMMA] ,Boss[COMMA] I've got a problem.,I hit a pig on the road and he's stuck in the,bull-bars of my truck.,He's still wriggling &#151; what should I do?'' ,In the back of your truck there's a shotgun.,Shoot the pig in the head and when it stops wriggling you can pull it out and throw it in a bush., ,The farm worker agrees and signs off.,About 10 minutes later he radios back.,Boss I did what you said[COMMA] I shot the pig and dragged it out and threw it in a bush.,So what's the problem now?, his Boss snapped.,The blue light on his bike is still flashing!,"
"Q: Why was the dirty old man fired from the poultry shop?,A: He couldn't keep his hands off the breasts and thighs.,"
"I'll show you a new meaning for ""sick day."","
"Q: What did the sign on the door of the whorehouse say?,A: Beat it.,We're closed.,"
"What's the difference between a lawyer and an amoeba?,One wears a tie.,"
"Terrorists take a group of lawyers hostage.,They ask for a ransom of $20 million and threaten to release one lawyer at a time if not given what they ask for.,"
"Q: What has six boobs and five teeth?,A: The night shift at Waffle House.,"
"What's the difference between a dead skunk lying in the road and a dead lawyer lying in the road?, ,There are skid marks in front of the skunk.,"
"Q: What's the difference between a dead skunk in the road and a dead lawyer in the road?,A: There are skid marks in front of the skunk.,"
"Q: What do you call 20 lawyers skydiving?, ,A: A perfect setup for skeet shooting.,"
"I may have dropped something; I need to feel around in your mail slot.,"
"A blind bunny and a blind snake bump into each other on the path.,""What kind of animal are you?"" asks the snake.,""I really don't know[COMMA]"" says the bunny.,""I've never seen myself.,Maybe you could examine me and find out?"",So[COMMA] the snake felt the bunny.,""Well[COMMA] you're soft and cuddly[COMMA]"" said the snake.,""You have long silky ears and a little fluffy tail.,You must be a bunny!"",""Awesome!"" says the bunny.,""Now what kind of animal are you?"",""I really don't know[COMMA]"" says the snake.,""I've never seen myself.,Maybe you could examine me and find out?"",So[COMMA] the bunny feels the snake all over[COMMA] and he replies[COMMA] ""You're hard and cold[COMMA] and you haven't got any balls.,You must be a lawyer!"","
"Q: What do a lawyer and a sperm have in common?,A: Both have about a one in 3 million chance of becoming a human being.,"
"A man was walking down the street when he came upon a brothel.,He noticed a couple having sex on the lawn.,He saw another couple behind a tree and two more behind some bushes.,He walked up to the brothel[COMMA] knocked on the door and asked what in the world was going on with all the sex on the lawn.,""Oh[COMMA] that[COMMA]"" said the madam.,""We're having a yard sale."" ,"
"Let me fill your spreadsheet.,"
"-- You haven't played solitaire with a real deck of cards in years.,-- You have a list of 20 phone numbers to reach five people.,-- You chat several times a day with a Nigerian prince over e-mail[COMMA] but you couldn't name your neighbor.,-- When paying "
"Q: Why did the post office recall the new lawyer stamps?,A: People wouldn't lick them.,"
"A boss tells a blonde applicant[COMMA] ""I'll give you $8 an hour[COMMA] starting today[COMMA] and in three months[COMMA] I'll raise it to $10 an hour.,So when would you like to start?"" She replies[COMMA] ""In three months."","
"Q: Why does New Jersey have all the toxic waste dumps and California have all the lawyers?,A: Because New Jersey got first pick.,"
"My stockholder is rallying for a merger.,"
"Why is the N.I.H.,(National Institute of Health), substituting rats with lawyers for lab tests?, ,Three reasons:,1.,There are more lawers then rats.,2.,When rats die many lab techies feel bad for, them.,3.,There are some things a rat will not do., ,"
"Doctors -- ""Take off your clothes."",Dentist -- ""Open wide."",Hairdressers -- ""Do you want it teased or blown?"",Milkmen -- ""Do you want it in front or in back?"",Interior decorators -- ""Once you have it all in[COMMA] you'll love it."",Bankers -- ""If you take it out too soon[COMMA] you'll lose interest."",Police officers -- ""Spread 'em."",Mailmen -- ""I've got a package for you."",Pilots -- ""I take off fast[COMMA] but bring it in slow and steady."",Hunters -- ""I love going deep in the bush."","
"Q: Hear about the new sushi bar that caters exclusively to lawyers?,A: It's called Sosumi.,"
"Q: Why did the blonde get fired from her job at the M&M factory?,A: She threw away all the W&W's.,"
"Q: How many US Attorney Generals does it take to screw in a light bulb?,A: I cannot recall that particular answer at this time.,"
"95% of all lawyers give the rest a bad name!,"
"There were three men at a bar., One man got drunk, and started a fight with the other two men., The, police came and took the drunk guy to jail., The, next day the man went before the judge., The judge, asked the man[COMMA] &#147;Where do you work?&#148;, ,The man said[COMMA] &#147;Here and there.&#148;,The judge asked the man[COMMA] &#147;What do you do for a, living?&#148;,The man said[COMMA] &#147;This and that.&#148;,The judge then said[COMMA] &#147;Take him away.&#148;,The man said[COMMA] &#147;Wait[COMMA] judge when will I get out?&#148; ,The judge said to the man[COMMA] &#147;Sooner or later.&#148;,"
"Q: What do you have when a lawyer's buried up to his neck in sand?,A: Not enough sand.,"
"Q: Why was the blonde late for work?,A: She was stranded on the broken escalator.,"
"A woman goes to an accountant to file her taxes.,The accountant says[COMMA] ""Before we begin[COMMA] I need to ask a few questions.,What is your occupation?"",The woman replies[COMMA] ""I'm a whore."",The accountant says[COMMA] ""No[COMMA] no[COMMA] no.,That is much too crass.,Let's try to rephrase that."",The woman replies[COMMA] ""OK[COMMA] I'm a prostitute."",""No[COMMA] that is still too crude.,Try again."",They both think for a minute[COMMA] then the woman states[COMMA] ""I'm a chicken farmer."",The accountant asks[COMMA] ""What does chicken farming have to do with being a prostitute?"",""Well[COMMA] I raised over 5[COMMA]000 c**ks last year."","
"Q: How many teamsters does it take to screw in a light bulb?,A.,Thirty-seven.,You gotta f**kin' problem with that?,"
"A lawyer[COMMA] an engineer and a mathematician were called in for a test.,The engineer went in first and was asked[COMMA] ''''What is 2+2?'''' The engineer thought awhile and finally answered[COMMA] ''''4.'''', , Then the mathemetician was called in and was asked the same question.,With little thought he replied[COMMA] ''''4.0'''',Then the lawyer was called in[COMMA] and was asked the same question.,The lawyer answered even quicker than the mathematician[COMMA] ''''What do you want it to be?'''',"
"Q.,How many lawyer jokes are there?,A.,Three...the rest are all true.,"
"A blonde notices that her coworker has a thermos[COMMA] so she asks him what it's for.,He responds[COMMA] ""It keeps hot things hot and cold things cold."",The blonde immediately buys one for herself.,The next day[COMMA] she goes to work and proudly displays it.,Her coworker asks[COMMA] ""What do you have in it?"",She replies[COMMA] ""Soup and ice cream."","
"Q: What is your date of birth?,A: July fifteenth.,Q: What year?, , A: Every year., ,Q: This myasthenia gravis - does it affect your memory at all?, , A: Yes.,Q: And in what ways does it affect your memory?, , A: I forget., , Q: You forget.,Can you give us an example of something that you've forgotten?, ,Q: All your responses must be oral[COMMA] okay?,What school did you go to?,A: Oral., Q: How old is your son - the one living with you.,A: Thirty-eight or thirty-five[COMMA] I can't remember which.,Q: How long has he lived with you?, , A: Forty-five years.,Q: What was the first thing your husband said to you when he woke that morning?, , A: He said[COMMA] ""Where am I[COMMA] Cathy?"", ,Q: And why did that upset you?,A: My name is Susan., Q: Sir[COMMA] what is your IQ?,A: Well[COMMA] I can see pretty well[COMMA] I think.,Q: Do you know if your daughter has ever been involved in the voodoo occult?,A: We both do., , Q: Voodoo?,A: We do., , Q: You do?, , A: Yes[COMMA] voodoo., Q: Now doctor[COMMA] isn't it true that when a person dies in his sleep[COMMA] he doesn't know about it until the next morning?, , Q: The youngest son[COMMA] the twenty-year old[COMMA] how old is he?,Q: Were you present when your picture was taken?,Q: Was it you or your younger brother who was killed in the war?, ,Q: Did he kill you?,Q: How far apart were the vehicles at the time of the collision?, , ,Q: You were there until the time you left[COMMA] is that true?,Q: How many times have you committed suicide?, , ,Q: So the date of conception (of the baby) was August 8th?,A: Yes.,Q: And what were you doing at that time?, ,Q: She had three children[COMMA] right?, , A: Yes., , Q: How many were boys?,A: None.,Q: Were there any girls?, Q: You say the stairs went down to the basement?, , A: Yes., , Q: And these stairs[COMMA] did they go up also?, ,Q: Mr.,Slattery[COMMA] you went on a rather elaborate honeymoon[COMMA] didn't you?,A: I went to Europe[COMMA] sir.,Q: And you took your new wife?,Q: How was your first marriage terminated?,A: By death.,Q: And by whose death was it terminated?, Q: Can you describe the individual?,A: He was about medium height and had a beard.,Q: Was this a male[COMMA] or a female?, Q: Is your appearance here this morning pursuant to a deposition notice which I sent to your attorney?, , A: No[COMMA] this is how I dress when I go to work., Q: Doctor[COMMA] how many autopsies have you performed on dead people?, , A: All my autopsies are performed on dead people., , Q: Do you recall the time that you examined the body?, , A: The autopsy started around 8:30 p.m.,Q: And Mr.,Dennington was dead at the time?,A: No[COMMA] he was sitting on the table wondering why I was doing an autopsy., ,"
"Three Doctors are dicussing which types of patients they prefer.,Doctor Watson says[COMMA] ''I, prefer librarians.,All their organs are alphabetized.'',Doctor Fitzpatrick says[COMMA] ''I prefer mathematicians.,All their organs are numbered.'', ,Doctor Ahn says[COMMA] ''I prefer lawyers.,They are gutless[COMMA] heartless[COMMA] brainless[COMMA] spineless[COMMA] and their heads and rear ends are interchangeable.'',"
"Two lawyers[COMMA] Jon and Amanpreet[COMMA] head out for their usual 9 holes of golf., Jon offers Amanpreet a $50 bet.,Amanpreet agrees and they're off., They shoot a great game., After the 8th hole[COMMA] Amanpreet is ahead by one stroke[COMMA] but cuts his ball into the rough on the 9th.,''Help me find my ball., Look over there[COMMA]'' he says to Jon., After a few minutes[COMMA] neither has any luck.,Since a lost ball carries a four point penalty[COMMA] Amanpreet secretly pulls a ball from his pocket and tosses it to the ground., ''I've found my ball!'' he announces., ,''After all of the years we've been partners and playing together[COMMA]"" Jon says[COMMA] ""you'd cheat me out of a lousy 50 bucks?'',''What do you mean[COMMA] cheat?, I found my ball sitting right there!'',''And you're a liar[COMMA] too!'' Jon says., ''I'll have you know I've been STANDING on your ball for the last five minutes!'',"
"Q: You are stuck in an elevator with a tiger[COMMA] a lion and a lawyer.,You have a gun with just two bullets in it.,What do you do?,A: Shoot the lawyer twice to make sure he''s dead.,"
"It was so cold today I saw a lawyer with his hands in his own pockets.,"
"Q: Did you hear about the dead lawyer who was too big to fit in a coffin?,A: They gave him an enema and buried him in a shoebox.,"
"What do Microsoft and a halter top have in common?, ,Both offer very little support!,"
"Q: Four lawyers drive a minivan over a cliff.,What's the tragedy?,A: The minivan could've held eight lawyers.,"
"I'd like to make an internal transfer.,"
"A lawyer dies and goes to the end of a long line at the Pearly Gates.,To his surprise[COMMA] St.,Peter leaves his desk[COMMA] walks over and greets him warmly.,An angel takes the lawyer by the hand[COMMA] guides him to the front of the line and settles him into a comfortable chair.,The lawyer says[COMMA] ""I appreciate all this attention[COMMA] but what makes me so special?"",St.,Peter replies[COMMA] ""Well[COMMA] we've added up all the hours that you billed your clients[COMMA] and by my calculation[COMMA] you must be about 193 years old!"","
"Q: How do you get a lawyer down from a tree?,A: Cut the rope.,"
"Q: How do you get a lawyer out of a tree?,A: Cut the rope.,"
"The strident prosecutor begins:,''Ladies and gentlemen of the jury[COMMA] the State will prove that this defendant did in fact discard his breeches and insert his member into the innocent sheep; that he did ejaculate into said sheep and remove his member[COMMA] whereupon this sheep turned around and licked his member clean.'',Then one member of the jury turned and whispered to the other juror and said[COMMA] ''The good ones will do that you know."","
"A man came home from work one day to find his wife sitting on the front porch with her bags packed.,He asked her where she was going[COMMA] and she replied[COMMA] ""I'm going to Las Vegas.,I just found out that as a woman[COMMA] I can make $400 a night doing what I do with you for free."",He went into the house[COMMA] packed his bags and returned to the porch.,His wife said[COMMA] ""And just where do you think you are going?"",""I''m going[COMMA] too!"" he replied.,""Why?"" she asked.,""I want to see how you are going to live on $800 a year!"" ,"
"I'd've said[COMMA] 'How much you want[COMMA] Troy -- $12 million?,You crazy?,Wait a minute[COMMA] let me look -- alright[COMMA] I'm gonna give you $12 million[COMMA] but when the game starts[COMMA] all you're gonna have is a center and a wide receiver.,You say you want some blocking?,You got enough money; you better get some.,"
"Michael Jackson[COMMA] his lawyer[COMMA] and a small[COMMA] cute boy are on a plane when the plane suddenly develops engine troubles.,""Bad news[COMMA]"" the lawyer said.,""There are only two parachutes.,You and me will go."",""What about the boy?"" asks Michael.,""Screw the boy!"" ,""Do we have time?"","
"Eddie came to work Monday and his co-workers asked him how his weekend was.,He said he played a little golf.,So his co-worker asked him how well he did., ,""I hit two of my best balls[COMMA]"" he said.,""Tell me about it[COMMA]"" said his co-worker., ,""I stepped on a rake."","
"Q: What does the baker have under his apron?,A: Dough nuts.,"
"Q: What do you call a prostitute with her hands under her skirt?,A: Self-employed.,"
"Why are lawyers buried 10 feet underground?, ,Because deep down[COMMA] they're really not that,bad!,"
"Why do you need only two pallbearers at a lawyer's, funeral?, ,There are only two handles on a garbage can.,"
"A vacuum salesman goes door-to-door in a new neighborhood.,When a woman answers the door at the first house[COMMA] the salesman walks right in and drops cow patties on her floor.,He says[COMMA] ""Ma'am[COMMA] just to show you how confident I am in the quality of my vacuums[COMMA] I'll eat whatever the vacuum doesn't pick up."",The woman smiles and asks[COMMA] ""Could I get you some ketchup with that?"",The salesman scoffs confidently and says[COMMA] ""I assure you my vacuums have more power than any other on the market today!"",The woman replies[COMMA] ""Well[COMMA] that may be so[COMMA] but we just moved in and the electricity isn't turned on yet."","
"A couple[COMMA] both age 67[COMMA] went to a sex therapist's office.,The doctor asked[COMMA] ""What can I do for you?"" ,The man said[COMMA] ""Will you watch us have sexual intercourse?"" ,The doctor looked puzzled[COMMA] but agreed.,When the couple finished[COMMA] the doctor said[COMMA] ""There's nothing wrong with the way you have intercourse[COMMA]"" and charged them $32.,This happened several weeks in a row.,The couple would make an appointment[COMMA] have intercourse with no problems[COMMA] pay the doctor[COMMA] then leave.,Finally the doctor asked[COMMA] ""Just exactly what are you trying to find out?"",The old man said[COMMA] ""We're not trying to find out anything.,She's married and we can't go to her house -- I'm married and we can't go to my house., The Holiday Inn charges $60.,The Hilton charges $78.,We do it here for $32[COMMA] and I get $28 back from Medicare."","
"A lawyer married a woman who had previously divorced ten husbands.,On their wedding night[COMMA] she told her new husband[COMMA] ""Please be gentle[COMMA] I'm still a virgin."",""What?"" said the puzzled groom.,""How can that be if you've been married ten times?"",""Well[COMMA] Husband #1 was a sales representative; he kept telling me how great it was going to be.,Husband #2 was in software services; he was never really sure how it was supposed to function[COMMA] but he said he'd look into it and get back to me.,Husband #3 was from field services; he said everything checked out diagnostically but he just couldn't get the system up.,Husband #4 was in telemarketing; even though he knew he had the order[COMMA] he didn't know when he would be able to deliver.,Husband #5 was an engineer; he understood the basic process but wanted three years to research[COMMA] implement[COMMA] and design a new state-of-the-art method.,Husband #6 was from finance and administration; he thought he knew how[COMMA] but he wasn't sure whether it was his job or not.,Husband #7 was in marketing; although he had a nice product[COMMA] he was never sure how to position it.,Husband #8 was a psychologist; all he ever did was talk about it.,Husband #9 was a gynecologist; all he did was look at it.,Husband #10 was a stamp collector; all he ever did was...,God!,I miss him!, But now that I've married you[COMMA] I'm really excited!"", ,""Good[COMMA]"" said the new husband[COMMA] ""but[COMMA] why?"",""You're a lawyer.,This time I know I'm gonna get screwed!"","
"Q: What is the difference between a lawyer and a hooker?, A: A hooker will stop trying to screw you once you''re dead.,"
"Q: What's the difference between a lawyer and a herd of buffalo?,A: The lawyer charges more.,"
"Q: What's the difference between a lawyer and a vampire?,A: A vampire only sucks blood at night.,"
"What's the difference between a rooster and a lawyer?, ,The rooster clucks defiance.,"
"A snake and a lawyer both got hit by a car.,What's the difference between em?, ,The snake had skid marks in front of him.,"
"Q: What's the difference between mechanical engineers and civil engineers?,A: Mechanical engineers build weapons; civil engineers build targets.,"
"Q: What's the difference between a female lawyer and a pitbull?,A: Lipstick.,"
"What's the difference between a trampoline and a, lawyer?, You take your shoes off to jump on a trampoline.,"
"Q: What is the difference between a lawyer and a vulture?, A: Wings., ,"
"A little old lady walks into the Bank of Canada with a bag of money.,She insists that she must speak with the president of the bank.,She tells the bank president that she has accumulated several hundred thousand dollars over the years and would like to open a trust in the bank.,The president is curious[COMMA] so he asks her[COMMA] ""Where did you get all this money?"" The old lady replies[COMMA] ""I make bets."",The president then asks[COMMA] ""Bets?,What kind of bets?"",The old woman says[COMMA] ""Well[COMMA] for example[COMMA] I'll bet you $25[COMMA]000 that your balls are square."",""Ha!"" laughs the president[COMMA] ""That's ridiculous -- you can never win that kind of bet!"",The old lady challenges[COMMA] ""So[COMMA] would you like to take my bet?"",""Sure[COMMA]"" says the president[COMMA] ""I'll bet $25[COMMA]000 that my balls are not square!"",The little old lady says[COMMA] ""OK.,I'll bring my lawyer with me tomorrow at 10 a.m.,as a witness[COMMA] and we'll see."",The next morning[COMMA] the little old lady appears with her lawyer at the president's office.,""OK[COMMA]"" she says[COMMA] ""Time to drop your pants and settle this bet."",The president complies.,The little old lady peers closely at his balls and asks if she could feel them.,""Well[COMMA] OK[COMMA]"" says the bank president[COMMA] ""since there's so much money on the line."",Just then[COMMA] the lawyer starts banging his head against the wall.,The president asks the old lady[COMMA] ""What the hell's the matter with your lawyer?"",She replies[COMMA] ""I bet him $50[COMMA]000 that at 10 a.m.,today[COMMA] I'd have the president of the Bank of Canada's balls in my hand."","
"Q: How many lawyers does it take to build a wall?,A: Depends on how deep you stack them.,"
"An office exec was interviewing a blonde for an assistant position[COMMA] and wanted to find out a little about her personality.,""If you could have a conversation with anyone[COMMA] alive or dead[COMMA] who would it be?"",""I'd have to say the living one."","
"Q: What can a goose do that a duck can't do and a lawyer should do?,A: Stick his bill up his ass.,"
"Q: What is the ideal weight of a lawyer?,A: About three pounds[COMMA] including the urn.,"
"What did a lawyer name his daughter?,Sue!,"
"What do a lawyer and a sperm have in common?, They both hope to be human someday.,"
"A shady-looking guy sticks his head into a barbershop and asks[COMMA] ""How long before I can get a haircut?"",The barber looks around the shop and says[COMMA] ""About two hours."" The guy smiles and leaves.,The barber looks over at a friend in the shop and says[COMMA] ""Hey[COMMA] Bill[COMMA] follow that guy and see where he goes."" In a little while[COMMA] Bill comes back into the shop.,""Bill[COMMA] where did he go when he left here?"",""To your house."","
"Q: What happens when lawyers take Viagra?,A: They grow taller.,"
"Where do one legged people work?,IHOP!!,"
"A guy walks into a post office one day to see a middle-aged[COMMA] balding man standing at the counter methodically placing ""Love"" stamps on bright pink envelopes with hearts all over them.,He then takes out a perfume bottle and starts spraying scent all over them., His curiosity gets the better of him and he goes up to the balding man and asks him what he's doing.,""I'm sending out 1[COMMA]000 Valentine's Day cards signed[COMMA] 'Guess who?'"",""But why?"" asks the man., ,""I'm a divorce lawyer."","
"A grade school teacher asks her students what their parents do for a living.,Billy proudly stands up and announces[COMMA] ""My daddy plays piano in a whorehouse."",The teacher is aghast and promptly changes the subject.,Later that day[COMMA] she calls Billy's mother and explains what Billy said.,Billy's mother says[COMMA] ""Actually[COMMA] his father's an attorney[COMMA] but how can we explain a thing like that to a seven-year-old?"","
"For a couple years I've been blaming it on iron poor blood[COMMA] lack of vitamins[COMMA] dieting and a dozen other maladies.,Now I found out the real reason., I'm tired because I'm overworked.,The population of this country is 237 million.,104 million are retired.,That leaves 133 million to do the work.,There are 85 million in school[COMMA] which leave 48 million to do the work.,Of this[COMMA] there are 29 million employed by the federal government.,This leaves 19 million to do the work.,Four million are in the Armed Forces[COMMA] which leaves 15 million to do the work.,Take from the total the 14[COMMA]800[COMMA]000 people who work for State and City Government and that leaves 200[COMMA]000 to do the work.,There are 188[COMMA]000 in hospitals[COMMA] so that leaves 12[COMMA]000 to do the work.,Now[COMMA] there are 11[COMMA]998 people in Prisons.,That leaves just two people to do the work.,You and me, and you're sitting there reading jokes.,"
"Two weeks ago was my forty-fifth birthday[COMMA] and I wasn't feeling too hot that morning anyway.,I went to breakfast knowing my wife would be pleasant and say &#147;Happy Birthday[COMMA]&#148; and probably have a present for me.,She didn't even say &#147;Good Morning[COMMA]&#148; alone any &#147;Happy Birthday.&#148; I thought[COMMA] &#147;Well[COMMA] that's wives for you.,Maybe the children will remember.&#148;,The children came in to breakfast and didn't say a word., ,When I started to the office I was feeling pretty low and despondent.,As I walked into my office[COMMA] my secretary[COMMA] Janet[COMMA] said[COMMA] &#147;Good morning boss[COMMA] Happy Birthday.&#148;,And I felt a little better; someone had remembered.,I worked until noon.,Then Janet knocked on my door and said[COMMA] &#147;You know[COMMA] it's such a beautiful day outside and it's your birthday[COMMA] let's go to lunch[COMMA] just you and me.&#148; I said[COMMA] &#147;By George[COMMA] that's the best thing I've heard all day.,Let's go.&#148; ,We went to lunch.,We didn't go where we normally go; we went out into the country to a little private place.,We had two martinis and enjoyed lunch tremendously.,On the way back to the office[COMMA] she said[COMMA] &#147;You know[COMMA] it's such a beautiful day.,We don't need to go back to the office[COMMA] do we?&#148; I said[COMMA] &#147;No[COMMA] I guess not.&#148; She said[COMMA] &#147;Let's go to my apartment.&#148; After arriving at her apartment she said[COMMA] &#147;Boss[COMMA] if you don't mind[COMMA] I think I'll go into the bedroom and slip into something more comfortable.&#148; ,&#147;Sure[COMMA]&#148; I excitedly replied.,She went into the bedroom and[COMMA] in about six minutes[COMMA] she came out carrying a big birthday cake[COMMA] followed by my wife[COMMA] children and dozens of our friends.,All were singing &#147;Happy Birthday&#148; and there on the couch I sat...,naked.,"
"A wealthy business man and his wife are looking through a marriage-help book when his husband turns to his wife.,''It says here that the most important thing in a marriage is honesty.,So let's come to grips here.,Honey...,have you ever cheated on me?,I've never cheated on you.'' ,He saw the twisted look on his wife's face[COMMA] and trying to supress his anger[COMMA] he asked: ''How many times?,And when?'' , ,The wife responded[COMMA] ''Well...,you know that time when your company was broke[COMMA] and you couldn't get the landlord to let his pay slide for another month?'', ,The husband stared.,''You mean you're the one who got him to?'' ,His wife knodded.,The husband thought it over[COMMA] then sighed.,''I guess that's okay.,Any other times?'' , ,''Well...,when you had that heart attack[COMMA] and the doctor refused to give a heart transplant for the ammount of money we had at the time...,I kinda...'' , ,''Ah[COMMA] you're the one who made it possible.'' ,The husband looked honestly relieved.,''Well[COMMA] that's understandable[COMMA] you saved my life.,Any others?'' ,She nodded.,''One more.'' ,The husband leaned forward.,''Well...,you remember the time when you were running for president of your company[COMMA] and you were short by 17 votes...?'',"
"Q: How did the butcher introduce his wife?,A: Meet Patty.,"
"Do you know how copper wire was invented?,Two lawyers fighting over a penny.,"
"If you meet a woman with a good job[COMMA] you don't even have to ask her what she does[COMMA] she'll tell you.,I saw this girl I went to high school with[COMMA] 'Oh Michelle[COMMA] what's up girl?,How you doing?' 'You know I'm a lawyer now.',"
"A farm boy accidentally overturned his wagonload of corn.,The farmer who lived nearby heard the noise and yelled over to the boy[COMMA] ""Hey[COMMA] Willis[COMMA] forget your troubles.,Come in and visit with us.,I'll help you get the wagon up later."",""That's mighty nice of you[COMMA]"" Willis answered[COMMA] ""but I don't think Pa would like me to."",""Aw[COMMA] come on[COMMA] boy[COMMA]"" the farmer insisted.,""Well[COMMA] OK[COMMA]"" the boy finally agreed[COMMA] and added[COMMA] ""but Pa won't like it."",After a hearty dinner[COMMA] Willis thanked his host.,""I feel a lot better now[COMMA] but I know Pa is going to be real upset."",""Don't be foolish!"" the neighbor said with a smile.,""By the way[COMMA] where is he?"",""Under the wagon."","
"Q: Have you heard about the lawyers' word processor?,A: No matter what font you select[COMMA] everything comes out in fine print.,"
"This is a true story from the WordPerfect helpline.,Needless to say[COMMA] the help desk employee was fired; however[COMMA] he/she is currently suing the Word Perfect organization for ,Termination without Cause.,Actual dialogue of a former WordPerfect Customer Support employee with a caller:,Ridge Hall computer assistant; may I help you?,Yes[COMMA] well[COMMA] I'm having trouble with WordPerfect.,What sort of trouble?,Well[COMMA] I was just typing along[COMMA] and all of a sudden the words,went away.,Went away?,They disappeared.,Hmm.,So what does your screen look like now?,Nothing.,Nothing?,It's blank; it won't accept anything when I type.,Are you still in WordPerfect[COMMA] or did you get out?,How do I tell?,Can you see the C: prompt on the screen?,What's a sea-prompt?,Never mind.,Can you move the cursor around on the,screen?,There isn't any cursor[COMMA] I told you[COMMA] it won't accept anything I,type.,Does your monitor have a power indicator?,What's a monitor?,It's the thing with the screen on it that looks like a,TV., Does it have a little light that tells you when it's on?,I don't know.,Well[COMMA] then look on the back of the monitor and find where the,power cord goes into it.,Can you see that?,Yes[COMMA] I think so.,Great.,Follow the cord to the plug[COMMA] and tell me if it's,plugged into the wall.,.......Yes[COMMA] it is.,When you were behind the monitor[COMMA] did you notice that there,were two cables plugged into the back of it[COMMA] not just one?,No.,Well[COMMA] there are.,I need you to look back there again and find,the other cable.,.......Okay[COMMA] here it is.,Follow it for me[COMMA] and tell me if it's plugged securely into,the back of your computer.,I can't reach.,Uh huh.,Well[COMMA] can you see if it is?,No.,Even if you maybe put your knee on something and lean way,over?,Oh[COMMA] it's not because I don't have the right angle - it's,because it's dark.,Dark?,Yes - the office light is off[COMMA] and the only light I have is,coming in, from the window.,Well[COMMA] turn on the office light then.,I can't.,No.,Why not?,Because there's a power outage.,A power...,A power outage?,Ah[COMMA] Okay[COMMA] we've got it licked now.,Do you still have the boxes and manuals and packing stuff your computer came in?, ,Well[COMMA] yes[COMMA] I keep them in the closet.,Good.,Go get them[COMMA] and unplug your system and pack it up just,like it was when you got it.,Then take it back to the store you bought it from.,Really?,Is it that bad?,Yes[COMMA] I'm afraid it is.,Well[COMMA] all right then[COMMA] I suppose.,What do I tell them?,Tell them you're too stupid to own a computer.,"
"What's the difference between a wife and a job?,After ten years the job still sucks!,"
"A blonde[COMMA] a brunette and a redhead all work for a female boss who always goes home early.,""Hey girls[COMMA]"" says the brunette.,""Let's go home early tomorrow.,She'll never know."" ,So the next day[COMMA] they all leave right after their boss.,The brunette gets some extra gardening done[COMMA] the redhead goes to a bar[COMMA] and the blonde goes home to find her husband having sex with the female boss.,She quietly sneaks out of the house and returns at her normal time.,""That was fun[COMMA]"" says the brunette.,""We should do it again sometime."",""No way[COMMA]"" says the blonde.,""I almost got caught."" ,"
"I see you've been noticing my hard work.,"
"1., Never give me work in the morning., Always wait until 4:00 and then bring it to me., The challenge of a deadline,is refreshing.,2., If it's really a rush job[COMMA] run in and,interrupt me every 10 minutes to inquire how it's going., That helps., Or even,better[COMMA] hover behind me[COMMA] advising me at every keystroke.,3., Always leave without telling anyone,where you're going., It gives me a chance to be creative when someone asks where you,are.,4., If my arms are full of papers[COMMA] boxes[COMMA],books[COMMA] or supplies[COMMA] don't open the door for me., I need to learn how to function as a,paraplegic and opening doors with no arms is good training in case I should ever be,injured and lose all use of my limbs.,5., If you give me more than one job to,do[COMMA] don't tell me which is priority., I am psychic.,6., Do your best to keep me late., I,adore this office and really have nowhere to go or anything to do., I have no life,beyond work.,7., If a job I do pleases you[COMMA] keep it a,secret., If that gets out[COMMA] it could mean a promotion.,8., If you don't like my work[COMMA] tell,everyone., I like my name to be popular in conversations., I was born to be,whipped.,9., If you have special instructions for,a job[COMMA] don't write them down.,In fact[COMMA] save them until the job is almost done., No,use confusing me with useful information.,10., Never introduce me to the people,you're with., I have no right to know anything., In the corporate food chain[COMMA] I,am plankton., When you refer to them later[COMMA] my shrewd deductions will identify them.,11., Be nice to me only when the job I'm,doing for you could really change your life and send you straight to managers' hell.,12., Tell me all your little problems., No one else has any and it's nice to know someone is less fortunate., I,especially like the story about having to pay so much taxes on the bonus check you,received for being such a good manager.,13., Wait until my yearly review and THEN,tell me what my goals SHOULD have been.,Give me a mediocre performance rating, with a cost of living increase.,I'm not here for the money anyway.,"
"A building contracter hires an Englishman[COMMA] an Irishman[COMMA] and a Chinaman.,He gathers them all in his office and tells each of them their jobs.,The Englishman to shovel a pile of sand.,The Irishman has to take the sand in the wheelbarrow to the truck.,The Chinaman is in charge of supplies., ,The boss comes back two hours later and he sees the Englishman and the Irishman having a cup of tea., ''So have you done the work then?'' he asks.,The workers both shake their heads and tell him that the Chinaman didn't give them a shovel or a wheelbarrow.,The boss is infuriated by this and asks the workers if they have seen the Chinaman[COMMA] they tell him they thought they saw him going toward the truck., So the boss sets out towards the truck and just as he is getting close to the truck the Chinaman jumps out from behind a wall and yells[COMMA] ""SUPPLIES!"" ,"
"-- I'll try being nicer if you'll try being smarter.,-- I have plenty of talent and vision.,I just don't care.,-- I'm not being rude.,You're just insignificant.,-- I will always cherish the initial misconceptions I had about you.,-- It might look like I'm"
"ASTROLOGY: tells us about, you and your future simply by your birthday.,The Chinese Zodiac uses the year of your birth.,Demographics tell us what you like[COMMA] dislike[COMMA] whom you vote for[COMMA] what you buy[COMMA] and what you watch on TV.,Well[COMMA] the Corporate Zodiac goes a step further: simply by your job title[COMMA] people will have you all figured out...,MARKETING: You are ambitious yet stupid.,You chose a marketing degree to avoid having to study in college[COMMA] concentrating instead on drinking and socializing[COMMA] which is pretty much what your job responsibilities are now.,Least compatible with Sales.,SALES: Laziest of all signs[COMMA] often referred to as ,marketing without a degree[COMMA], you are also self-centered and paranoid.,Unless someone calls you and begs you to take their money[COMMA] you like to avoid contact with ,customers, so you can ,concentrate on the big,picture., You seek admiration for your golf game throughout your life.,TECHNOLOGY: Unable to control anything in your personal life[COMMA] you are, instead content to completely control everything that happens at your workplace.,Often even YOU don't understand what you are saying[COMMA] but who the hell can tell?!,It is written that the geeks shall inherit the Earth.,ENGINEERING: One of only two signs that actually studied in school[COMMA] it is said that ninety percent of all personal ads are placed by engineers.,You can be happy with yourself: your office is typically full of all the latest ,ergodynamic, gadgets.,However[COMMA] we all know what is really causing your ,carpal tunnel,...,ACCOUNTING: The only other sign that studied in school[COMMA] you are mostly immune from office politics.,You are the most feared person in the organization; combined with your extreme organizational traits[COMMA] the, majority of rumors concerning you say that you are completely insane.,HUMAN RESOURCES: Ironically[COMMA] given your access to confidential information[COMMA] you tend to be the biggest gossip within the organization.,Possibly the only other person that does less work than marketing[COMMA] you are unable to return any calls today because you have to get a haircut[COMMA], have lunch[COMMA] and mail a letter!,MIDDLE MANAGEMENT/DEPARTMENT MANAGEMENT/,TEAM LEADS,: Catty[COMMA] cut-throat[COMMA] yet completely spineless[COMMA] you are destined to remain at your current job for the rest of your life.,Unable to make a single decision you tend to measure your worth by the number of meetings,you can schedule for yourself.,Best suited to marry other ,Middle Managers[COMMA], as everyone in your social circle is a ,Middle Manager.,SENIOR MANAGEMENT: Catty[COMMA] cut-throat[COMMA] yet completely spineless[COMMA] you are destined to remain at your current job for,the rest of your life.,Unable to make a single decision you tend to measure your worth by the number of meetings you can schedule for yourself.,Best suited to marry other ,Senior Managers[COMMA], as everyone in your social circle is a ,Senior,Manager.,CUSTOMER SERVICE: Bright[COMMA] cheery[COMMA] positive[COMMA] you are a fifty-cent cab ride from taking your own life.,As a child very few of you asked your parents for a little cubicle for your room and a headset so you,could pretend to play ,Customer Service., Continually passed over for,promotions[COMMA] your best bet is to sleep with your boss.,"
"Whether the cause is a previous night of drinking or a big lunch[COMMA] the outcome is the same: Farts.,Seventy percent of the time[COMMA] we can dispense freely.,The other 30% of the time[COMMA] such as at work[COMMA] we have some tough decisions to make.,This document is intended to help you in those decisions.,Holders, - The obvious choice is just plain holding it in.,A popular choice among the females and an almost impossible choice for males.,I am not in favor of holding[COMMA] as I believe the medical community has not done enough research about the long-term damage of holding.,Really[COMMA] where does it go if you hold it in?,So be forewarned[COMMA] using this tactic is to be done at your own risk.,Desk Jockey, -,When deciding to release right at your desk[COMMA] one has many factors to consider: ,- Do you have your own office?,Feel free to fart at will risk free.,After commencing[COMMA] I highly recommend locking the door and feigning you are not in the office to avoid any unwanted visitors.,I also highly recommend against spraying air freshener[COMMA] as the smell of the freshener is a dead giveaway.,Candles are a good alternative solution for the females.,- Are you seated at a cubicle or open desk?,If so[COMMA] one has to consider the proximity of the other workers and the density of workers in the area.,If it is just you and one other person in the area[COMMA] there is nowhere to place the blame.,If others are fairly distant to you[COMMA] the smell will dissipate by the time it reaches the others on all but the most egregious of days.,There is always the chance of dispensing at higher decibels than anticipated due to the highly unstable nature of farts.,In these most unfortunate situations[COMMA] you will have to use cover up sounds such as scraping your heal on the floor.,I recommend practicing making sounds covering a wide range of tones and pitches in anticipation of such an event.,Dropping objects such as staplers[COMMA] binders and tape may not produce a similar sound[COMMA] but if done in rapid succession could distract others from the initial event., ,Meetings:, - Sometimes the urge strikes at the most inopportune time.,Meetings and gas really do not mix.,Releasing at a meeting is by far the trickiest of all the situations one could find oneself in.,Although I am against holding in general[COMMA] a meeting may be the time for it.,It really depends if you have established baseline farts before the meeting.,This will give you a sense of the decibel and scent level of what is to be expected.,Warning: Do not ever use a meeting as the place to establish a baseline.,Of course none of the above applies if you are meeting with vendors.,You have free reign to do whatever you like., ,Aisle Walker:, - Releasing while walking around the office is a popular option.,By the time the scent disseminates[COMMA] you should be nowhere near the scene of the incident.,The added benefit is that if the release is done at higher decibels than anticipated[COMMA] you can break out into an all out sprint thereby fleeing the scene before others even look up to notice., ,Broom Closet:, - One option is to find a broom closet and release inside the closet.,The only drawback is explaining why you were in the broom closet if you are caught entering or leaving the closet.,I found stashing stationery supplies in the closet provides a nice excuse.,People will love you for informing them about the backup stationery supply cabinet.,Of course[COMMA] you then have to find another closet[COMMA] as your original place will become too risky., ,And remember[COMMA] if you're workplace has many open flames[COMMA] you are on your own.,"
"I like a big[COMMA] strong[COMMA] hardworking man[COMMA] a man who wakes up early in the morning eager to work hard.,I'm talking day-in and day-out -- just working and sweating and sweating and working[COMMA] and when it's all over[COMMA] he showers and goes to his job.,"
"There was once a young man who[COMMA] in his youth[COMMA] professed a desire to become a ""great"" writer.,When asked to define ""great"" he said ""I want to write stuff that the whole world will read[COMMA] stuff that people will react to on a truly emotional level[COMMA] stuff that will make them scream[COMMA] cry[COMMA] wail[COMMA] howl in pain[COMMA] desperation[COMMA] and anger!"",He now works for Microsoft writing error messages.,"
"Two young men with equal qualifications apply for the same job.,In order to determine which individual to hire[COMMA] the manager gives them a written test.,Both men score nine out of 10 on the test; however[COMMA] the manager decides to go with the first applicant.,""Why would you do that?"" asks the rejected second,applicant.,""We both got nine questions correct."",""Your fellow applicant wrote 'I don't know' for question five.,You put down[COMMA] 'Neither do I.'"","
"A young priest is unhappy with how little money his congregation contributes every week to the collection plate.,So decides to try a new tack and hypnotize them[COMMA] using Father Matthews' priceless pocket watch.,Thus hypnotized[COMMA] they all give the five bucks he asked them too.,Pumped by his success[COMMA] he ups the amount to $10 the next week.,Amazingly[COMMA] everybody gives ten bucks each.,The week after that[COMMA] he decides to up it to twenty bucks[COMMA] but just as he's about to announce the amount[COMMA] he drops the watch.,""S**t!"" It took the workers two weeks to clean up the church.,"
"A Harvard and Yale Law grad met in a washroom during a law convention., ,The Harvard graduate said[COMMA] ""Didn't they teach you to wash your hands at Yale?"" ,The Yale grad responded[COMMA] ""They taught us not to piss on our hands."","
"Yo' Mama is like McDonald's: over 90 billion served.,"
"Yo' Mama is so stupid[COMMA] when she got to the sex question on the job application[COMMA] she wrote ""not lately."","
"A businessman was about to go on a long business trip[COMMA] and was worried that his wife would cheat on him while he was gone.,So to prevent this[COMMA] he visited the local sex shop in order to buy his wife a vibrator to keep her occupied in his absence.,After examining the products[COMMA] he hadn't found an appropriately amazing vibrator and asked the store clerk for help.,The store clerk recommended the ""Voodoo D**k."" ,""How does it work?"" asked the businessman.,The clerk unwrapped the Voodoo D**k from its ceremonial tiki box and said to it[COMMA] ""Voodoo D**k that door."" The vibrator flew out of the box and attacked the door with such vigor that the door split in half.,""Fantastic[COMMA]"" said the man.,""I'll take it!"" ,He instructed his wife on how to use the Voodoo D**k and left on his business trip.,Soon[COMMA] his wife decided to try it out and said the magic words: ""Voodoo D**k my p***y."" ,The Voodoo D**k flew out of the box and gave her orgasm after orgasm.,But soon it became too much[COMMA] and she couldn't figure out how to make it stop.,So she got into her car and began driving to the hospital[COMMA] swerving so much that she got pulled over by the police.,The policeman asked her why she was driving so recklessly and she explained to him that she had a Voodoo D**k inside her that wouldn't leave her alone.,The policeman looked at her skeptically and said[COMMA] ""Voodoo D**k[COMMA] <i>my ass.</i>"","
"What do you call a bus full of lawyers going over, a cliff with three empty seats?, ,A total waste of space!,"
"What do you call Satan and a lawyer?,Twins!,"
"A man and his little girl arrive home after Bring Your Daughter to Work Day.,The little girl asks[COMMA] ""Daddy[COMMA] why do you call your assistant a doll?"",His wife glares at him.,He explains[COMMA] ""Well[COMMA] honey[COMMA] it's a term of affection.,She's very hard-working[COMMA] and Daddy appreciates her efficiency."",""Oh[COMMA]"" replies the little girl.,""I thought it was because she closes her eyes when you lay her across your desk."" ,"
