Yo' mama so fat[COMMA] when she was a baby[COMMA] she took a bath with a rubber albatross.,
Yo mama so fat[COMMA] her portrait fell off the wall,
Yo' daddy's so ugly[COMMA] when he looked out the window he was arrested for mooning!,
Yo' mama so fat[COMMA] she has a real horse on her polo shirt.,
Yo' mama so stupid[COMMA] she walked into an antique shop and asked[COMMA] [QUOTE]What's new?[QUOTE],
Yo mama so fat[COMMA] she leaves stretch marks in the tub.,
Yo' Mama is so poor[COMMA] she does a drive-by from the bus.,
Yo' Mama is so stupid[COMMA] she got fired from a blow job.,
Yo' Mama is like a bag of chips: Fri-to-lay.,
Yo Mama is so fat[COMMA] her ass has it's own congressman.,
Yo daddy is so bald[COMMA] when he wears a turtleneck he looks like a broken condom.,
Yo' Mama is so skanky[COMMA] her dildo came with jumper cables.,
Yo' Mama's hair is so full of dandruff[COMMA] when she shook her head[COMMA] the principal called a snow day.,
Yo' Mama is so stupid[COMMA] she's as useless as a screen door on a submarine.,
Yo Mama's so ugly[COMMA] I can f**k her in any position and it'll still be doggie-style.,
Yo Mama is like a refrigerator., Meat goes in and out all day.,
Yo' mama so old[COMMA] I slapped her on the back and her tits fell off!,
Yo mama's so fat that[COMMA] after sex I rolled over twice and was still on the bitch!,
Yo' Mama is so stanky[COMMA] she gets sourdough yeast infections.,
Yo mama's like a door handle[COMMA] everyone gets a turn!,
Your mama's like a roller coaster...she has her ups[COMMA] she has her downs and 20 people or more can ride her at the same time!,
Yo' mama so old[COMMA] I had to poke around for an hour to find the right wrinkle.,
Yo mama's like a toilet -- round[COMMA] white and smells like s**t!,
Yo' Mama is so fat[COMMA] she has to lather up with a Tickle Me Elmo.,
Yo' Mama is so skanky[COMMA] she went to a hoe down and dropped to the floor.,
Yo' Mama is so skanky[COMMA] if you put your ear to her butt[COMMA] you can hear the ocean.,
Yo' Mama is so nasty[COMMA] she put a cucumber in her panties and pulled out a pickle.,
Yo' Mama is like a gas station: pump and pay.,
Yo' Mama is like a bus: she's big[COMMA] she stinks[COMMA] and it's only a dollar to ride.,
Yo' Mama is so stupid[COMMA] she tried to commit suicide by jumping out a basement window.,
Yo' Mama is so flat[COMMA] the last time she felt a breast was in a KFC bucket.,
Yo' Mama is like ass hair: totally useless and full of sh*t.,
Yo' Mama is so fat[COMMA] she has to use a telephone pole as a tampon.,
Yo' Mama is so skanky[COMMA] her idea of safe sex is to lock the car doors.,
Yo' Mama is so fat[COMMA] yo' daddy needs a Sherpa to help get him on top.,
How much do I owe Yo' Mama?,My dog came home happy last night.,
Yo' Mama has more crabs than Red Lobster.,
Yo' Mama is like a campfire: everyone gets to stick their wiener in.,
Yo' Mama is so fat[COMMA] she keeps her diaphragm in a pizza box.,
Yo' Mama is so old[COMMA] she has sour cream in her boobs.,
Yo' Mama is so stupid[COMMA] you need to put your head up her ass to get her perspective.,
Yo' Mama is so old[COMMA] she calls her waterbed the Dead Sea.,
Yo' Mama is so nasty[COMMA] it sounds like Velcro when she takes her panties off.,
Yo' Mama is so uptight[COMMA] you need the jaws of life to part her legs.,
Yo' Mama is so stupid[COMMA] she jumped off a cliff and stopped for directions.,
Yo' mama so fat[COMMA] she uses epileptic boys as vibrators!,
Yo' mama's breath so nasty[COMMA] I don't know whether to give her Tic-Tacs or toilet paper!,
Yo' Mama is so fat[COMMA] she got busted at the airport for having 200 pounds of crack.,
Yo' Mama is so fat[COMMA] when she went swimming[COMMA] she got harpooned.,
Yo' Mama is so stupid[COMMA] she reported her stolen crack to the cops.,
Yo Mama's such a bitch[COMMA] PMS cheers her up.,
Yo' Mama is so fat[COMMA] she smokes hams after sex.,
Yo mama's so fat[COMMA] even Sherpas can't climb her.,
Yo' Mama is so skanky[COMMA] when yo' daddy suggested doggie style[COMMA] she laid down and licked her balls.,
Yo' Mama is so skanky[COMMA] she went to a family reunion looking for a boyfriend.,
Yo' Mama is like a postage stamp: you lick[COMMA] you stick[COMMA] you send her away.,
Yo' Mama is so nasty[COMMA] she put ice down her pants to keep the crabs fresh.,
Yo' Mama is so skanky[COMMA] when the waiter brought out her strip steak[COMMA] she asked where to tuck the dollar bills.,
Yo' Mama is so fat[COMMA] I had to dip her in flour to find her wet patch.,
Yo' Mama is like a race car: she burns through four rubbers a night.,
Yo' Mama is so skinny[COMMA] when she tripped and hit the curb[COMMA] she shattered.,
Yo' Mama is so stupid[COMMA] she waxed her modem to try to make it faster.,
Q: What's the difference between Yo' Mama and a walrus?,A: One has whiskers and smells of fish; the other one's a walrus.,
Yo' Mama is so poor[COMMA] she joined the Army to get a haircut.,
Yo' Mama is so fat[COMMA] when she sits on a quarter[COMMA] she squeezes a booger out of George Washington's nose.,
Yo' Mama is so fat[COMMA] when she hauls ass[COMMA] she gotta make two trips.,
Yo' Mama is so fat[COMMA] her butt looks like two pigs fighting over a milk dud.,
Yo' Mama is so fat[COMMA] she eats her cereal out of a satellite dish.,
Yo' Mama is so fat[COMMA] when she dances[COMMA] the band skips.,
Yo' Mama is so fat[COMMA] when she was diagnosed with a flesh-eating disease[COMMA] the doctor gave her 18 years to live.,
Yo' Mama is so fat[COMMA] she puts mayonnaise on aspirin.,
Yo' Mama is so fat[COMMA] her driver's license says[COMMA] [QUOTE]picture continued on other side.[QUOTE],
Yo' Mama is so fat[COMMA] she has to iron her pants on the driveway.,
Yo' Mama is so fat[COMMA] her blood type is marinara.,
Yo' Mama is so fat[COMMA] the shadow of her butt weighs 50 pounds.,
Yo' Mama is so fat[COMMA] when I tried to drive around her[COMMA] I ran out of gas.,
Yo' Mama is so fat[COMMA] instead of wearing Levi's 501 jeans[COMMA] she wears Levi's 1002's.,
Yo' Mama is so fat[COMMA] she's got more rolls than a bakery.,
Yo' Mama is so fat that when she bends over[COMMA] we go into daylight savings time.,
Yo' Mama is so fat[COMMA] the telephone company gave her two area codes.,
Yo' Mama is so fat[COMMA] she sweats bacon grease.,
Yo' Mama is so ugly[COMMA] yo' dad only takes her out on Halloween.,
Yo' Mama is so fat[COMMA] when she heard it was chilly out[COMMA] she ran outside with a spoon.,
Yo' Mama is so fat[COMMA] her stomach gets home 30 minutes before she does.,
Yo' Mama is so ugly[COMMA] they put her in a tinted incubator when she was born.,
Yo' Mama is so fat[COMMA] when she went to St.,Louis[COMMA] she got stuck in the arch.,
Yo' Mama's so fat[COMMA] she uses Interstate 95 as a slip and slide.,
Yo' Mama's teeth are so busted[COMMA] each tooth has a sign saying[COMMA] [QUOTE]One mile to the next tooth.[QUOTE],
Yo' Mama is so fat[COMMA] a beeper goes off whenever she backs up.,
Yo' Mama is so fat[COMMA] she needs license plates for her shoes.,
Yo' Mama is so fat[COMMA] she fell in love and broke it.,
Yo' Mama is so fat[COMMA] the elephants at the zoo throw her peanuts.,
Yo' Mama is so stupid[COMMA] if brains were dynamite[COMMA] she couldn't blow her nose.,
Yo' Mama is so ugly[COMMA] the only thing she turns on is the TV.,
Yo' Mama is so skinny[COMMA] when she leans against a wall[COMMA] she looks like a crack.,
Yo' Mama's breath is so stanky[COMMA] it's like her tongue farted.,
Yo' Mama is so stanky[COMMA] when she walks by[COMMA] trash plugs its nose.,
Yo' Mama is so fat[COMMA] she trims her nose hair with a weed whacker.,
Yo' Mama is so stupid[COMMA] she put a band-aid on her haircut.,
Yo' Mama is so poor[COMMA] she looks for rebate offers at the 99 cent store.,
Yo' Mama is so ugly[COMMA] she makes rainbows sad.,
Yo' Mama is so fat[COMMA] her chins rest on her ankles.,
Yo' Mama is so old[COMMA] she pees rust and farts dust.,
Yo' Mama is so fat[COMMA] she can't even float in space.,
Yo' Mama is so fat[COMMA] she went into 7-Eleven and didn't come out until 11:07.,
Yo' Mama is so stupid[COMMA] it takes her two hours to watch [QUOTE]60 Minutes.[QUOTE],
Yo' Mama is so tough[COMMA] you'll never be half the man she is.,
Yo' Mama is so short[COMMA] she had to climb a ladder to pick up a dime.,
Yo' Mama's breath is so bad[COMMA] when she talks[COMMA] her lips go numb.,
Yo' Mama is so stupid[COMMA] she put a quarter in a parking meter and waited for her gumball.,
Yo' Mama is so fat[COMMA] the Coast Guard keeps a log of her bath times.,
Yo' Mama is so stupid[COMMA] she calls beepers collect.,
Yo' Mama's hair is so nasty[COMMA] Wilson couldn't pick it.,
Yo' Mama is so dumb[COMMA] she left her car at a stop sign because it never changed to [QUOTE]go.[QUOTE],
Yo' Mama is so fat[COMMA] she had to go to rehab for mainlining pork chops.,
Yo' Mama is so nasty[COMMA] she flosses with bacon.,
Yo' Mama is so stupid[COMMA] she took the Pepsi Challenge and she chose Jif.,
Yo' Mama is so fat[COMMA] when she went whale-sighting[COMMA] the other tourists took her picture.,
Yo' Mama is so uptight[COMMA] she could stick a piece of coal up her butt and have a diamond in a week.,
Yo' Mama is so stupid[COMMA] her parents let her hide her own Easter eggs.,
Yo' Mama is so fat[COMMA] she makes Godzilla look like an action figure.,
Yo' Mama is so stupid[COMMA] she couldn't pass a urine test.,
Yo' Mama is so short[COMMA] she has to look up to see what's going down.,
Yo' Mama is so stupid[COMMA] she thought a walk-in closet came with legs.,
Yo' Mama is so stanky[COMMA] the couch gets up when she sits down.,
Yo' Mama is so stupid[COMMA] she went to a Clippers game to get a haircut.,
Yo' Mama is so fat[COMMA] she bleeds chocolate milk.,
Yo' Mama is so ugly[COMMA] when she threw a boomerang[COMMA] it wouldn't come back.,
Yo' Mama is so skinny[COMMA] she wears waders in the shower to keep from slipping down the drain.,
Yo' Mama is so old[COMMA] Cleopatra signed her high school yearbook[COMMA] [QUOTE]BFF.[QUOTE],
Yo' Mama is so ugly[COMMA] when she ran away from home[COMMA] her parents called the dog catcher.,
Yo' Mama is so old[COMMA] her teeth are like stars: they come out at night.,
Yo' Mama is so poor[COMMA] she goes to Kentucky Fried Chicken to lick other people's fingers.,
Yo' Mama is so fat[COMMA] the tag on her dress reads[COMMA] [QUOTE]Made in Hungary[COMMA] Turkey[COMMA] China[COMMA] U.S.A.[COMMA] Algeria[COMMA] Japan[COMMA] and Indonesia.[QUOTE],
Yo' Mama is so ugly[COMMA] her hairline is receding just to get away from her face.,
Yo' Mama is so stupid[COMMA] she doesn't know whether to scratch her watch or wind her butt.,
Yo' Mama is so ugly[COMMA] she walked into a haunted house and came out with a job application.,
Yo' Mama is so skinny[COMMA] she broke both legs trying to use a laptop.,
Yo' Mama is so fat[COMMA] she uses pillowcases for socks.,
Yo' Mama is so fat[COMMA] when she stepped on the scale[COMMA] it said[COMMA] [QUOTE]One at a time[COMMA] please.[QUOTE],
Yo' Mama is so fat[COMMA] she wore an [QUOTE]X-Files[QUOTE] t-shirt and a helicopter landed on her.,
Yo' Mama is so fat[COMMA] they sent out a search party to find her belly button.,
Yo' Mama is so nasty[COMMA] it takes her half an hour to walk a block because she stops at all the hydrants.,
Yo' Mama is so fat[COMMA] she gets paid to visit Sea World.,
Yo' Mama is so fat[COMMA] when fighter pilots see her[COMMA] they say[COMMA] [QUOTE]Bogie at 11[COMMA] 12[COMMA] 1[COMMA] 2[COMMA] and 3 o'clock.[QUOTE],
Yo' Mama is so poor[COMMA] she names her kids after cars she can't afford.,
Q: What's the difference between Yo' Mama and a hippo?,A: One has a big mouth and a fat ass.,The other lives in rivers in tropical countries.,
Yo' Mama is so old[COMMA] she went to an antique shop[COMMA] and they kept her.,
Yo' Mama is so nasty[COMMA] when she walks the dog[COMMA] they both use the same bush.,
Yo' Mama is so stupid[COMMA] she thinks the Wu-Tang Clan is a Japanese orange drink company.,
Yo' Mama is so ugly[COMMA] when she was born[COMMA] the doctor put her in a bucket of water to see which end would come up for air.,
Yo' Mama is so stupid[COMMA] when her batteries die[COMMA] she buries them.,
Yo' Mama is so poor[COMMA] my jack-o-lantern gets better dental work then she does.,
Yo' Mama is so bald[COMMA] her cornrows look like stitches.,
Yo' sister is so ugly[COMMA] I thought she was Yo' Mama.,
Yo' Mama is so stupid[COMMA] she tried to wake up a sleeping bag.,
Yo' Mama is so fat[COMMA] she doesn't need the Internet -- she's already worldwide.,
Yo' Mama is so fat[COMMA] when she skips a meal[COMMA] the stock market drops.,
Yo' Mama is so skanky[COMMA] she was asked to leave the OTB.,
Yo' Mama is so old[COMMA] she knew Burger King when he was a prince.,
Yo' Mama is so flat[COMMA] pirates can't wait to get their hands her a sunken chest.,
Yo' Mama is so stupid[COMMA] she smashed open her TV hoping to find a TV dinner.,
Yo' Mama is so stupid[COMMA] she voted for a pit bull wearing lipstick.,
Yo' Mama is so nasty[COMMA] when her dog farts[COMMA] she takes the credit.,
Yo mama is so stupid[COMMA] I told her Christmas was right around the corner - so she went looking for it.,
Yo' Mama is so stupid[COMMA] she called the police to report a suspicious looking person lurking in her mirror.,
Yo' mama so poor[COMMA] she fills her ice trays with toilet water!,
Yo' mama so stupid[COMMA] she told me to meet her on the corner of 'walk' and 'don't walk.',
Yo' mama got such bad dandruff[COMMA] the principal declared a snow day!,
Yo mama's so fat[COMMA] she's got more chins than a Hong Kong phonebook ,
Yo' mama so stupid[COMMA] she walked into an antique shop and asked [QUOTE]What's new?[QUOTE],
Yo' Mama is so ugly[COMMA] her dog closes its eyes when it humps her leg.,
Yo' mama's like a chipmunk[COMMA] her cheeks are always packed full of nuts!,
Your mama so nasty[COMMA] that after we had phone sex I got an ear infection!,
Yo mama's so dumb[COMMA] she stuck the phone up her ass and thought she was makin' a booty call.,
Q: What's the difference between Yo' Mama and a chicken?,A: A chicken lays eggs[COMMA] and Yo' Mama lays everything else.,
Q: What's the difference between Yo' Mama and a hotel?,A: Nothing.,They both specialize in serving out of town businessmen.,
Yo' Mama is so fat[COMMA] when she joined the army[COMMA] her nickname was [QUOTE]Trenches.[QUOTE],
Yo' Mama is like McDonald's: over 90 billion served.,
Yo' Mama is like a hardware store: 25 cents for a screw.,
Yo' Mama is like a railroad track: she gets laid all over the country.,
Yo' Mama is so stupid[COMMA] she got stabbed in a drive-by.,
Yo' Mama is so fat[COMMA] when she worked as a prostitute[COMMA] she also collected tolls.,
Q: What's the difference between Yo' Mama and a street ,A: Street walkers get more fresh air.,
Yo' Mama is like a vacuum cleaner: she sucks[COMMA] blows[COMMA] and gets rolled in the closet.,
Tell Yo' Mama to stop changing the color of her lipstick -- I got a rainbow on my d**k.,
Q: What's the difference between a pair of new jeans and Yo' Mama?,A: New jeans are always tight.,
Yo' Mama is so fat[COMMA] when she did the splits[COMMA] she gave the road a hickey.,
Yo' Mama is so fat[COMMA] when she did a cartwheel[COMMA] she kicked an angel in the nuts.,
Yo' Mama is so dumb[COMMA] she got fired from a blow job.,
Yo' Mama is so stupid[COMMA] she thought a ribbed condom was soul food.,
Yo' Mama is like marijuana -- everyone does her[COMMA] but no one admits it.,
Yo' Mama is like an elevator[COMMA] you push the right button and she goes right down.,
Yo' Mama is so fat[COMMA] she masturbates to a naked picture of Chef Boyardee.,
Yo' Mama is so hairy[COMMA] she has afros on her nipples.,
Yo' Mama is so poor[COMMA] if yo' daddy doesn't have a hard-on Christmas morning[COMMA] she gets nothing to play with.,
Yo' Mama is so stupid[COMMA] when her boss told her to take her ugly ass home[COMMA] she came back 10 minutes later without her ass.,
Yo' Mama is so fat[COMMA] after she and yo' daddy are through having sex[COMMA] he has to roll over twice just to get off her.,
Yo' Mama is so fat[COMMA] when you tell her to move her fat ass[COMMA] she has to move one cheek at a time.,
Yo' Mama is so stupid[COMMA] she thought masturbation was a karate teacher.,
Yo' Mama is so poor[COMMA] the last time she had a hot meal was when a rich man farted.,
Yo' Mama is so fat[COMMA] she gets turned on reading a cook book.,
Yo' Mama is so dirty[COMMA] they won't even use her bath water for waterboarding.,
Yo' Mama is so ugly[COMMA] her face looks like a horse's ass flapping in the breeze.,
Yo' Mama is like a virus[COMMA] if she spreads[COMMA] we're all screwed.,
Yo' Mama is so ugly[COMMA] when she was born[COMMA] her mama called her a treasure[COMMA] so her daddy offered to bury her.,
Yo' Mama is so fat[COMMA] politicians fight over redistricting her ass.,
Yo' Mama is so fat[COMMA] she uses a mattress for a maxipad.,
Yo' Mama is so flat[COMMA] she tattooed [QUOTE]Front[QUOTE] on her chest.,
Yo' Mama is so stupid[COMMA] she gave her neighbor a blow job because she thought it would help his unemployment.,
Yo' Mama is like a shotgun: one cock[COMMA] and she's ready to blow.,
Yo' Mama is so poor[COMMA] she rolls her own tampons.,
Yo' Mama is like a fast food: full of fat and only a buck.,
Yo' Mama is so fat[COMMA] she's got more crack than a drug dealer.,
Yo' Mama is so skanky[COMMA] she could sell her spit to a sperm bank.,
Q: What sexual positions make the ugliest babies?,A: I don't know -- ask Yo' Mama.,
Yo' Mama is like a pool table: put in 50 cents and she'll rack your balls.,
Yo' Mama is so hairy[COMMA] her breasts look like coconuts.,
Yo' Mama is so ugly[COMMA] her face looks like her neck took a crap on her shoulders.,
Yo' Mama is so fat[COMMA] when she bent over[COMMA] a couch and three chairs came out.,
Yo' Mama is so fat[COMMA] she gets her dildos from NASA.,
Yo' Mama is like a heavyweight boxer: a few licks[COMMA] a few blows[COMMA] and she's back to her corner.,
Yo' Mama is like a donkey: everybody rides the ass.,
Yo' Mama is so ugly[COMMA] she can only grow hair on her nuts.,
Yo' Mama is so stupid[COMMA] she asked if her drug test was multiple choice.,
Yo' Mama is so ugly[COMMA] she's going to be in trouble when the baboon wants its ass back.,
Yo' Mama is like a telephone book: available to the public[COMMA] no charge.,
Yo' Mama is like a television: even an old man can turn her on.,
Yo' Mama is so hairy[COMMA] she has to part the hair on her butt to go to the bathroom.,
Yo' Mama is so fat[COMMA] she puts in tampons with a bazooka.,
Yo' Mama is so skinny[COMMA] her nipples touch.,
Q: How is Yo' Mama like the New York Jets?,A: You give them a quarter[COMMA] and they'll let you score.,
Yo' Mama is so skanky[COMMA] her crabs ride dune buggies.,
Yo' Mama is so nasty[COMMA] her mouth is like an Almond Joy bar -- full of nuts.,
Yo' Mama is so ugly[COMMA] her vibrator went soft.,
Yo' Mama is so fat[COMMA] after God said[COMMA] [QUOTE]Let there be light[COMMA][QUOTE] he had to push her fat ass over to make it happen.,
Yo' Mama is like a brick: always getting laid.,
Yo' Mama is like an elephant: she does tricks for peanuts.,
Yo' Mama is so fat[COMMA] when I screwed her[COMMA] I burnt my ass on the light bulb.,
Yo' Mama is so stupid[COMMA] she got fired from a sperm bank for drinking on the job.,
Yo' Mama is so nasty[COMMA] her vagina's in the Axis of Evil.,
Yo mama's so fat[COMMA] her ass looks like two pigs fighting over a milk dud.,
Yo' Mama is so fat[COMMA] you have to slap her thigh and ride the wave in to have sex with her.,
Yo' Mama is like a door knob: everybody gets a turn.,
Yo' Mama is like a hockey player[COMMA] she doesn't change her pad for three periods.,
Yo' Mama is so nasty[COMMA] Red Lobster kicked her out for bringing her own crabs.,
Yo' Mama is so stupid[COMMA] she invented a ventilated condom.,
Yo' Mama is so nasty[COMMA] her crabs use her tampon string as a getaway rope.,
Yo' Mama is so fat[COMMA] yo' daddy is still climbing back off.,
Yo' Mama is so poor[COMMA] she strips at Chuck E.,Cheese for tokens.,
Yo' Mama is so nasty[COMMA] I asked what was for dinner[COMMA] she spread her legs and said[COMMA] [QUOTE]Tuna surprise.[QUOTE],
Yo' Mama so ugly[COMMA] when she wore cheese panties[COMMA] even the rats wouldn't eat her.,
Yo' Mama is so ugly[COMMA] the only difference between her face and a bag of crap is the bag.,
Q: What's the difference between Yo' Mama and a dartboard?,A: Yo' Mama's had more pricks.,
Yo' Mama is so nasty[COMMA] she can sit on a lollipop and guess its flavor.,
Yo' Mama is so fat[COMMA] when she farts[COMMA] it comes out at the ankles of her tight-ass jeans.,
Yo' Mama is so hairy[COMMA] when she gave birth[COMMA] you got rug burn.,
Yo' Mama is so old[COMMA] when I slapped her on the back[COMMA] her boobs fell off.,
Yo' Mama is so short[COMMA] she has to cuff up her panties.,
Yo' Mama is so old[COMMA] when she was born[COMMA] the Dead Sea was just getting sick.,
Yo' Mama is so stupid[COMMA] she smashed open her TV hoping to find a TV dinner.,
Yo' Mama is so ugly[COMMA] her shadow runs away from her.,
Yo' Mama is so fat[COMMA] her cereal bowl comes with a lifeguard.,
Yo mama's so ugly[COMMA] she made a blind kid cry.,
Yo' Mama is so fat[COMMA] her body parts sleep in shifts.,
Yo' Mama is so stupid[COMMA] she can't pour water from a pitcher with instructions on the bottom.,
Yo' Mama is so stupid[COMMA] she got hit by a parked car.,
Yo' Mama is so stupid[COMMA] she told you that Yo' Mama be stupid.,
Yo' Mama is so stupid[COMMA] she tripped over a cordless phone.,
Yo' Mama is so stupid[COMMA] her favorite color is clear.,
Yo' Mama is like a beached whale: stinky and tragic[COMMA] but you can't help but stare.,
Yo' Mama is so fat[COMMA] she makes Richard Simmons lose his enthusiasm.,
Yo' Mama is so dirty[COMMA] plants grow out her butt.,
Yo' Mama is so stupid[COMMA] she tried to tape glue.,
Yo mama is so ghetto[COMMA] she does wheelies in her 10 speed.,
Yo Mama''so fat she was on Jerry Springer and Ricky Lake at the same time.,
Yo mama's so fat[COMMA] she went out in high heels and came back in flip flops.,
Yo mama's so stupid[COMMA] she thought [QUOTE]Dunkin' Donuts[QUOTE] was a basketball team.,
Yo' Mama is so stupid[COMMA] she threw a baseball at Batman.,
Yo' Mama is so fat[COMMA] when she bent over[COMMA] they found Jimmy Hoffa.,
Yo' Mama is so hairy[COMMA] Tarzan couldn't get through her bush.,
Yo' Mama is so stupid[COMMA] she thinks Bill Gates is another name for toll booths.,
Yo' Mama is so fat[COMMA] she leaves stretch marks in the bath tub.,
Yo' Mama is so ugly[COMMA] she stuck her face in cookie dough and made gorilla cookies.,
Yo' Mama is so stupid[COMMA] she thought [QUOTE]harass[QUOTE] was two words.,
Yo' Mama is so old[COMMA] she remembers the Grand Canyon as a ditch.,
Yo' Mama is so stupid[COMMA] she thinks Limp Bizkit is a medical condition.,
Yo' Mama is so stupid[COMMA] she put a stamp on a fax.,
Yo' Mama is so ugly[COMMA] when she looks up[COMMA] it starts to rain.,
Yo' Mama is so fat[COMMA] she can't fit in a chat room.,
Yo' Mama is so nasty[COMMA] her farts are classified as biological weapons.,
Yo' daddy is so fat the only train he can travel is the GRAVY TRAIN.,
Yo' Mama is so short[COMMA] she has to pole vault into bed at night.,
Yo' Mama is so ugly[COMMA] even the Boogie Man won't hide under her bed.,
Yo' Mama is so stupid[COMMA] she has a glass door with a peephole.,
Yo' Mama is so stupid[COMMA] she thought fruit punch was a gay boxer.,
Yo mama's so fat that when she sees a school bus she yells[COMMA] [QUOTE]Stop that Twinkie![QUOTE],
Yo Mama is so ugly when she was kidnapped her mother sent the kidnappers a thank you card!,
Yo' mama so fat[COMMA] she wore corduroys and smoothed out the ridges!,
Your Mama's so fat that when she went to school she sat next to the whole class!,
Yo mama's so poor[COMMA] I saw her walking down the street with only one shoe on.,I said[COMMA] ''Hey[COMMA] Mrs Jones[COMMA] you've lost a shoe[COMMA]'' and she said ''No[COMMA] it's alright[COMMA] I found one''.,
Yo' Mama is so stupid[COMMA] when she hit rock bottom[COMMA] she started to dig.,
Yo' Mama is so ghetto[COMMA] her rims cost more than her car.,
Yo' Mama is so poor[COMMA] when she goes to the park[COMMA] ducks throw her bread.,
Yo' Mama is so poor[COMMA] her car came with a kickstand.,
Yo' Mama is so dumb[COMMA] if her brains were farts[COMMA] there wouldn't be enough to stink.,
Yo' Mama is so stupid[COMMA] she put a penny in a gumball machine and waited for change.,
Yo' Mama is so dirty[COMMA] her teachers gave her A's just for not raising her hand.,
Yo' Mama is so fat[COMMA] she once got stuck between the North and South Pole.,
Yo mama's so sorry she missed your birthday last week[COMMA] she bought you a cake so big you gotta eat it twice to have it once!,
Yo' Mama's so nasty[COMMA] they filmed [QUOTE]Crocodile Dundee[QUOTE] in her footbath.,
Yo' Mama is so stupid[COMMA] God put an I.O.U.,on her head.,
Yo' Mama is so nasty[COMMA] she uses bacon as bandages.,
Yo' Mama is so ugly[COMMA] they use her face to make animal crackers.,
Yo' Mama is so dumb[COMMA] she failed a pregnancy test.,
Yo' Mama is so stupid[COMMA] her brainstorms are more like drizzles.,
Yo' Mama is so fat[COMMA] when she goes to the beach[COMMA] she's the only one who gets a tan.,
Yo' Mama is so ugly[COMMA] when she was a kid[COMMA] cats tried to bury her in the sandbox.,
Yo' Mama is so ugly[COMMA] she has to sneak up on the mirror.,
Yo' Mama is so stupid[COMMA] she put lipstick on her forehead to make up her mind.,
Yo' Mama is so nasty[COMMA] the sign in the front yard says[COMMA] [QUOTE]Beware of Mama.[QUOTE],
Yo' Mama's teeth are so big[COMMA] she stabs herself in the chest whenever she sneezes.,
Yo' Mama is so fat[COMMA] she has to wear snowshoes on dry land.,
Yo' Mama is like a saint -- a St.,Bernard.,
Yo' Mama is so stupid[COMMA] she saw a sign that said[COMMA] [QUOTE]Airport Left[COMMA][QUOTE] so she turned around and went home.,
Yo' Mama is so ghetto[COMMA] she puts food stamps in a money clip.,
Yo' Mama is so poor[COMMA] when she went to take a bath[COMMA] the roaches made her wait her turn.,
Yo' Mama is so fat[COMMA] her panty lines look like a road map.,
Yo' Mama is so poor[COMMA] she calls trash days [QUOTE]clearance sales.[QUOTE],
Yo' Mama is so stupid[COMMA] she thought asphalt was a rectal disorder.,
Yo' Mama is so poor[COMMA] I threw a rock through her window and hit everyone inside.,
Yo' Mama is so stupid[COMMA] she put a TV dinner in the VCR.,
Yo' Mama is so fat[COMMA] her kneecaps smile.,
Yo' Mama is so short[COMMA] she's the last one to know when it rains.,
Yo' Mama's teeth are so gapped[COMMA] she uses a gate for braces.,
Yo' Mama is so fat[COMMA] she falls out of bed on both sides.,
Yo mama's so polite[COMMA] she once held the door for a week!,
Yo' Mama's breath is so nasty[COMMA] she could clear a chat room.,
Yo' Mama's so old[COMMA] when she breast feeds[COMMA] powdered milk comes out.,
Yo' Mama is so short[COMMA] she could sit on a dime and swing her legs.,
Yo' Mama is so stupid[COMMA] she needs a recipe to boil water.,
Yo' Mama is so bald[COMMA] she has to use rice for rollers.,
Yo' Mama is so stanky[COMMA] she vacuums her sheets instead of washing them.,
Yo' Mama is so ugly[COMMA] she makes the mice scream and jump up on chairs.,
Yo' Mama is so fat[COMMA] when she was born[COMMA] the doctor announced twins.,
Yo' Mama is so poor[COMMA] she washes paper plates.,
Yo' Mama is so nasty[COMMA] when I asked what was for dinner[COMMA] she took off her shoe and said[COMMA] [QUOTE]Corns.[QUOTE],
Yo' Mama is so skinny[COMMA] she can jump through her a**hole.,
Yo' Mama is so stupid[COMMA] she couldn't find a needle in a needle stack.,
Knock knock.,Who's there?,Sham.,Sham who?,No[COMMA] not Yo' Mama.,
Yo' Mama is so stupid[COMMA] she bought a solar powered flashlight.,
Yo' Mama is so redneck[COMMA] Costco is her favorite city.,
Yo' Mama is so fat[COMMA] when she walks in high heels[COMMA] she strikes oil.,
Yo' Mama is so stupid[COMMA] she sold her car for gas money.,
Yo' Mama is so stupid[COMMA] she thinks Tupac Shakur is a Jewish holiday.,
Yo' Mama is so fat[COMMA] 401K is her bra size.,
Yo' Mama is so stupid[COMMA] she went up to a cow and asked for 2%.,
Yo mama's so fat[COMMA] she uses a semi-trailer as a, couch.,
Yo mama is so fat that when she asked[COMMA] [QUOTE]Why is the grass always greener on the other side?[QUOTE] everyone replied[COMMA] [QUOTE]'Cause you aren't standing on it.[QUOTE],
Yo' mama so old[COMMA] she took her driver's test on a T-Rex!,
Yo' mama so fat[COMMA] she's on both sides of the family!,
Yo mama is so fat[COMMA] her picture fell off the wall!,
Yo' mama so stupid[COMMA] she sold her car for gas money.,
Yo' mama so stupid[COMMA] she climbed over a glass wall to see what was on the other side.,
Yo' mama so ugly[COMMA] they give her an extra 364 days for Halloween!,
Yo' mama so stupid[COMMA] when they said the drinks were on the house[COMMA] she went up to the roof.,
Yo' mama so fat[COMMA] she uses a VCR as a beeper!,
Your mama's so ugly[COMMA] she laid down to take a beauty nap and slipped into a coma.,
Yo' mama so ugly[COMMA] she scares blind kids away.,
Your mama's so fat she went on an airplane and it turned into a boat.,
Yo' mama so stupid[COMMA] she bought a glass door with a peephole.,
Your mama's cooking is so bad[COMMA] that,the flies pitched in to fix the screen door.,
Yo' mama so stupid[COMMA] she got hit by a parked car.,
Yo' mama's lips so big[COMMA] she can whisper in her own ear.,
Yo mamma's so fat[COMMA] she tripped on 4th Avenue and landed on 12th.,
Yo' Mama is so fat[COMMA] the back of her neck looks like a package of hot dogs.,
Yo' Mama is so fat[COMMA] when she ran away[COMMA] they had to use all four sides of the milk carton.,
Yo' Mama is so fat[COMMA] when she gets in an elevator[COMMA] it HAS to go down.,
Yo' Mama is so fat[COMMA] she was born with a silver shovel in her mouth.,
Yo' Mama is so fat[COMMA] I ran around her twice and got lost.,
Yo' Mama is so fat[COMMA] she gets runs in her jeans.,
Yo' Mama is so fat[COMMA] when she goes to a restaurant[COMMA] she doesn't get a menu[COMMA] she gets an estimate.,
Yo' Mama is so fat[COMMA] when she gets her shoes shined[COMMA] she has to take the shoeshine boy's word for it.,
Yo' Mama is so fat[COMMA] she has to put her belt on with a boomerang.,
Yo' Mama is so fat[COMMA] she can't even jump to a conclusion.,
Yo' Mama is so fat[COMMA] she went to the movies and sat next to everyone.,
Yo' Mama is so fat[COMMA] she stepped on my cat's tail[COMMA] and now I call him [QUOTE]Beaver.[QUOTE],
Yo' Mama is so fat[COMMA] she makes the radio skip when she dances.,
Yo' Mama is so fat[COMMA] she's got more chins than a Chinese phone book.,
Yo' Mama is so fat[COMMA] I had to take a train and two buses just to get on her good side.,
Yo' Mama is so fat[COMMA] she looks like she's smuggling a Volkswagen.,
Yo' Mama is so fat[COMMA] she plays hopscotch like this: Mercury[COMMA] Venus[COMMA] Earth[COMMA] Mars...,..,
Yo' Mama is so ugly[COMMA] if ugliness was a record[COMMA] she would go triple platinum.,
Q: What's the difference between Yo' Mama and a blue whale?,A:,About 10 pounds.,
Yo' Mama is so stanky[COMMA] when you were born[COMMA] the doctor had to wear the oxygen mask.,
Yo' Mama is so stanky[COMMA] her Sure deodorant got confused and her Secret deodorant told on her.,
Yo' Mama is so ugly[COMMA] the last time I saw something that looked like her[COMMA] I pinned a tail on it.,
Yo' Mama is so ugly[COMMA] Yo' Daddy first met her at the pound.,
Yo' Mama is so fat[COMMA] when she walked into the all-you-can-eat buffet[COMMA] they had to install speed bumps.,
Yo' Mama is so stupid[COMMA] she put a ruler next to her bed to see how long she sleeps.,
Yo' Mama is so dumb[COMMA] the Psychic Friends only charge her half price to read her mind.,
Yo' Mama is so skinny[COMMA] she can hula-hoop with a Fruit Loop!,
Yo' Mama is so stupid[COMMA] when I asked her to turn on the TV[COMMA] she started stripping.,
Yo' Mama is so ugly[COMMA] when she looks at roadkill[COMMA] it runs away.,
Yo' Mama is so fat[COMMA] you can use her thong as a hammock.,
Yo' Mama is so stupid[COMMA] she tried to steal a free sample.,
Yo' Mama is so poor[COMMA] bath time is a a family thing.,
Yo' Mama's teeth are so yellow[COMMA] I can't believe it's not butter.,
Yo' Mama is so fat[COMMA] that when she sits around the house[COMMA] she really sits around the house.,
Yo' Mama is so fat[COMMA] she has to call Sherwin-Williams to paint her toenails.,
Yo' Mama's house is so dirty[COMMA] I had to wipe my feet before I went outside.,
Yo' Mama is so poor[COMMA] her checks bounce more than the cast of Baywatch.,
Yo' Mama is so old[COMMA] she was the only dinosaur they didn't have to animate for [QUOTE]Jurassic Park.[QUOTE],
Yo' Mama is so fat[COMMA] she steps on a dollar and makes four quarters.,
Yo' Mama is so old[COMMA] she dreams in black and white.,
Yo' Mama is so uptight[COMMA] when she farts[COMMA] only dogs can hear it.,
Yo' Mama is so dumb[COMMA] she went to the police station and said[COMMA] [QUOTE]Give me all your money![QUOTE],
Yo' Mama's cooking is so bad[COMMA] the homeless give it back.,
Yo' Mama is so fat[COMMA] yo' daddy only sees the other side of her every 4 years.,
Yo' Mama is so poor[COMMA] she's always talking about the time she almost ate at a restaurant.,
Yo' Mama is so dumb[COMMA] she went to rehab because she was hooked on phonics.,
Yo' Mama is so fat[COMMA] smaller fat women orbit around her.,
Yo' Mama is so poor[COMMA] she only goes to the grocery store for free samples.,
Yo' Mama is so fat[COMMA] she fills the bathtub before she even turns on the water.,
Yo' Mama is so ugly[COMMA] she took a beauty nap and slipped into a coma.,
Yo' Mama is so dumb[COMMA] she stuck the phone up her butt and thought she was makin' a booty call.,
Yo' Mama is so fat[COMMA] she made the centerfold in Mountain Climber Magazine.,
Yo' Mama is so ugly[COMMA] she couldn't get a date on a calendar.,
Yo' Mama is so old[COMMA] she's got a Bible autographed by Jesus.,
Yo' Mama is so dumb[COMMA] she locked her keys inside her motorcycle.,
Yo' Mama is so stupid[COMMA] she put a mirror on the TV screen so she could watch a reality show.,
Yo' Mama is so stupid[COMMA] she ate her food stamps.,
Yo' Mama is so poor[COMMA] she only gets robbed for practice.,
Yo' Mama is so fat[COMMA] she's gotta call the fire department when her hemorrhoids get inflamed.,
Yo' Mama is so stupid[COMMA] she tried to put the leftover orange juice back in the rind.,
Yo' Mama is so poor[COMMA] when she picks a booger[COMMA] she yells[COMMA] [QUOTE]Clap your hands and stomp your feet[COMMA] praise the Lord[COMMA] we got meat![QUOTE],
Yo' Mama is so ugly[COMMA] she got hauled into the dog pound for walking down the street without a license.,
Yo' Mama's breath is so nasty[COMMA] when she burps[COMMA] her teeth shiver.,
Yo' Mama is so stupid[COMMA] she thinks a quarterback is a refund.,
Yo' Mama is so ugly[COMMA] when she was born[COMMA] the doctors thought the placenta was her twin.,
Yo' Mama is so stupid[COMMA] she ate a TV dinner and choked on the antenna.,
Yo' Mama's teeth are so rotten[COMMA] her smile looks like candy corn.,
Yo' Mama is so stupid[COMMA] she thinks DNA is the National Dyslexics Association.,
Yo' Mama is so fat[COMMA] when she's on the highway[COMMA] she has to stop at the weigh station.,
Yo' Mama is such a drunk[COMMA] if it weren't for the olives in martinis[COMMA] she would starve.,
Yo' Mama is so stupid[COMMA] she stared at the orange juice carton because it said [QUOTE]concentrate.[QUOTE],
Yo' Mama is so fat[COMMA] she tried to jump rope and knocked the Earth out of orbit.,
Yo' Mama is so fat[COMMA] you need a map to pass her on the street.,
Yo' Mama is so poor[COMMA] the front door and the back door of her house are on the same hinge.,
Yo' Mama is so fat[COMMA] she uses California redwoods to pick her teeth.,
Yo' Mama is so fat[COMMA] the only pictures you have of her are satellite pictures.,
Yo' Mama is so fat[COMMA] she sprays her clothes with Pledge and walks around the house to clean.,
Yo' Mama is so fat[COMMA] the National Weather Agency assigns names to her farts.,
Yo' Mama is so fat[COMMA] she dresses like a Chevrolet and gets in free at the drive-in.,
Yo' Mama is so stupid[COMMA] she told everyone that she was [QUOTE]illegitimate[QUOTE] because she couldn't read.,
Yo' Mama is so fat[COMMA] the World Wildlife Foundation gave her a grant for her liposuction.,
Yo' Mama is so fat[COMMA] when she cut herself shaving[COMMA] gravy poured out.,
Yo' Mama is so fat[COMMA] when she fell over[COMMA] she rocked herself to sleep trying to get up again.,
Yo' Mama is so fat[COMMA] you have to grease the door frame and hold a Twinkie on the other side just to get her through.,
Yo' Mama is so fat[COMMA] she makes a parachute look like a handi-wipe.,
Yo' Mama is so fat[COMMA] she measures her weight on the Richter Scale.,
Yo' Mama is so ugly[COMMA] she makes onions cry.,
Yo' Mama is so fat[COMMA] when she left her home country[COMMA] the population dropped by 10%.,
Yo' Mama is so fat[COMMA] she won a marathon because no one could fit by her on the street.,
Yo' Mama is so stupid[COMMA] she tried to blow out a light bulb.,
Yo' Mama's teeth are so yellow[COMMA] her tonsils wear sunglasses.,
Yo' Mama is so fat[COMMA] when she wears blue[COMMA] she looks like a tidal wave.,
Yo' Mama is so stupid[COMMA] she thought Boyz II Men was a military academy.,
Yo' Mama is so fat[COMMA] it took the train conductor two hours before he could say all aboard.,
Yo' Mama is so fat[COMMA] when she wears a polka dot dress[COMMA] people play Twister.,
Yo' Mama is so old[COMMA] when I told her to act her age[COMMA] she died.,
Yo' Mama is so stupid[COMMA] she bought a video tape on how to fix your VCR.,
Yo' Mama is so fat[COMMA] she took up pages 41 - 43 in her school yearbook.,
Yo' Mama is so ugly[COMMA] yo' daddy takes her to work with him so he doesn't have to kiss her goodbye.,
Yo' Mama is so fat[COMMA] she uses duct tape for band-aids.,
Yo' Mama is so fat[COMMA] when she finally turned herself around during the [QUOTE]Hokey Pokey[COMMA][QUOTE] everyone gave her a welcome back party.,
Yo' Mama is so old[COMMA] she got mistaken for a lost resident by the cemetery keeper.,
Yo' Mama is so ugly[COMMA] her portraits hang themselves.,
Yo' Mama is so stupid[COMMA] she does her homework on an Etch-a-Sketch.,
Yo' Mama is so ugly[COMMA] she's donating her body to science fiction.,
Yo' Mama is so skinny[COMMA] she uses Chapstick as a body moisturizer.,
Yo' Mama is so fat[COMMA] she broke the family tree.,
Yo' Mama is so poor[COMMA] she bit off your daddy's toe 'cause she saw a corn on it.,
Yo' Mama is so fat[COMMA] when she jumps off the high dive[COMMA] she shows up on radar.,
Yo' Mama is so stupid[COMMA] it took her an hour to cook instant rice.,
Yo' Mama is so fat[COMMA] she fell in the Grand Canyon and got stuck.,
Yo' Mama is so ugly[COMMA] when she was a kid[COMMA] they fed her with a slingshot.,
Yo' Mama is so stupid[COMMA] she took her remote control to the movies.,
Yo' Mama's breath is so nasty[COMMA] people look forward to her farts.,
Yo' Mama's cooking is so bad[COMMA] your family prays <i>after</i> they eat.,
Yo' Mama is so old[COMMA] I took her to see [QUOTE]Jurassic Park[QUOTE] and she started having flashbacks.,
Yo' Mama is so poor[COMMA] she told your little sister that Santa Claus was dead.,
Yo' Mama is so dirty[COMMA] when I went to her house[COMMA] a rat held me up while a cockroach stole my wallet.,
Yo' Mama is so poor[COMMA] I walked in her front door and fell down the back steps.,
Yo' Mama is so fat[COMMA] her measurements are 36-24-36[COMMA] and her other arm is just as big.,
Yo' Mama is so fat[COMMA] her back scratcher is a spruce.,
Yo' Mama is so fat[COMMA] when she puts on her BVDs[COMMA] it spells out [QUOTE]boulevard.[QUOTE],
Yo' Mama is so ugly[COMMA] when she was young[COMMA] her mama left her outside a store and got fined for littering.,
Yo' Mama is so dirty[COMMA] she has to creep up and take the bath by surprise.,
Yo' Mama is so hairy[COMMA] her knees have bangs.,
Yo' Mama is so stupid[COMMA] she stood in front of a revolving door for three hours looking for the doorknob.,
Yo' Mama's house is so dirty[COMMA] the roaches ride around in ATVs.,
Yo' Mama's breath is so nasty[COMMA] when she walks by a clock[COMMA] it goes [QUOTE]Tic Tac.[QUOTE],
Yo' Mama is so ugly[COMMA] I can't even describe her 'cause I'm too scared to look.,
Yo' Mama is so stupid[COMMA] if I gave her a penny for her thoughts[COMMA] I'd expect change.,
Yo' Mama is so ugly[COMMA] she has to trick-or-treat over the phone.,
Yo' Mama is so skinny[COMMA] she uses dental floss for toilet paper.,
Yo' Mama so redneck[COMMA] she thought an elevator was a mobile home.,
Yo' Mama is so ugly[COMMA] not even her Rice Krispies will talk to her.,
Yo' Mama is so fat[COMMA] every car she gets into becomes a low rider.,
Yo' Mama's teeth have so many gaps[COMMA] I don't know whether to laugh or kick a field goal.,
Yo' Mama is so fat[COMMA] she stepped on a scale[COMMA] and it said[COMMA] [QUOTE]Please step out of the car.[QUOTE],
Yo' Mama is so fat[COMMA] when she went to the amusement park[COMMA] they gave her a group discount.,
Yo' Mama is so fat[COMMA] she needs six frames for her portrait.,
Yo' Mama is so fat[COMMA] she can roll faster than she can run.,
Yo' Mama is so dirty[COMMA] roaches check into her laundry basket[COMMA] but they don't check out.,
Yo' Mama is so fat[COMMA] she makes sumo wrestlers look malnourished.,
Yo' Mama is so stupid[COMMA] she got locked in a grocery store and starved to death.,
Yo' Mama is so fat[COMMA] when she went skydiving[COMMA] she caused an eclipse.,
Yo' Mama is so stupid[COMMA] she set a penguin free from the Bronx Zoo.,
Yo' Mama is so ugly[COMMA] she walked into a house of mirrors and had 700 years of bad luck.,
Yo' Mama is so ugly[COMMA] her parents had to tie a pork chop around her neck to get the dog to play with her.,
Yo' Mama is so poor[COMMA] she had to take a second mortgage on her cardboard box.,
Yo' Mama is so fat[COMMA] when she tried boarding Noah's ark[COMMA] Noah yelled out the window[COMMA] [QUOTE]We only need one of those.[QUOTE],
Yo' Mama is so fat[COMMA] she goes to the beach to sell shade.,
Yo' Mama is so stupid[COMMA] she thought she could read minds when she got PMS.,
Yo' Mama is so fat[COMMA] she needed a hula hoop for her wedding ring.,
Yo' Mama is so stupid[COMMA] when she heard there was a change in the weather[COMMA] she ran outside with her piggy bank.,
Yo' Mama is so fat[COMMA] her car is made of spandex.,
Yo' Mama is so fat[COMMA] the only thing stopping her from going to the gym is the doorframe.,
Yo' Mama is so ugly[COMMA] kids at the zoo feed her bananas.,
Yo' Mama is so poor[COMMA] I saw her kicking a can down the street[COMMA] and when I asked her what she was doing[COMMA] she said[COMMA] [QUOTE]Moving.[QUOTE],
Yo' Mama is so stupid[COMMA] when she got to the sex question on the job application[COMMA] she wrote [QUOTE]not lately.[QUOTE],
Yo' Mama is so stupid[COMMA] she stole the free press.,
Yo' Mama is so poor[COMMA] she eats cereal with a fork to save milk.,
Yo' Mama is so hairy[COMMA] when she went into the woods[COMMA] Bigfoot took pictures of <i>her</i>.,
Yo' Mama is so lazy[COMMA] she stuck her nose out the window and let the wind blow it.,
Yo' Mama is so fat[COMMA] when she goes to the beach[COMMA] the tide comes in.,
Yo' Mama is so ugly[COMMA] when she entered an ugly contest[COMMA] the judges said[COMMA] [QUOTE]Sorry[COMMA] no professionals.[QUOTE],
Yo' Mama's teeth are so yellow[COMMA] when she smiles on the street[COMMA] cars slow down.,
Yo' Mama is so bald[COMMA] I can see what she's thinking.,
Yo' Mama is so poor[COMMA] when I stepped on a cockroach crawling across her floor[COMMA] she said[COMMA] [QUOTE]Now what do we do for supper?[QUOTE],
Yo' Mama's head is so big[COMMA] when it rains[COMMA] her clothes don't get wet.,
Yo' Mama is so fat[COMMA] when she was born[COMMA] they had to perform a C-D-E-F-G-section.,
Yo' Mama is so stupid[COMMA] she got locked in a bathroom and peed her pants.,
Yo' Mama's teeth are so yellow[COMMA] she spits butter.,
Yo' Mama is so ugly[COMMA] when she cries[COMMA] the tears run down her back.,
Yo' Mama is so ugly[COMMA] she has to cover her head before her feet will get into bed with her.,
Yo' Mama is so fat[COMMA] she when wears leather pants to a party[COMMA] people sit on her booty thinking it's a couch.,
Yo' Mama is so hairy[COMMA] she goes to the barber for a chest trim.,
Yo' Mama is so fat[COMMA] when she was born[COMMA] her parents got blueprints instead of a birth certificate.,
Yo' Mama is so fat[COMMA] she sweats barbeque sauce.,
Yo' Mama is so fat[COMMA] she's banned from all-you-can-eat restaurants.,
Yo' Mama is so stupid[COMMA] she asked for a price check at the 99 cent store.,
Yo' Mama is so fat[COMMA] she votes in her very own district.,
Yo' Mama is so ugly[COMMA] cops stop her to ask if she reported the accident.,
Yo' Mama is so stupid[COMMA] she put the air conditioner in backwards so she could chill outside.,
Yo' Mama is so ugly[COMMA] the alarm went off when she walked out of the pet store.,
Yo' Mama is so fat[COMMA] she has shocks on her toilet.,
Yo' Mama is so nasty[COMMA] she brushes her hair with her toothbrush.,
Yo' Mama is so fat[COMMA] when she walks down the street[COMMA] her legs bargain with each other: [QUOTE]You let me go[COMMA] I'll let you pass[QUOTE]; [QUOTE]You let me go[COMMA] I'll let you pass.[QUOTE],
Yo' Mama is so poor[COMMA] she waves a popsicle in front of her face for air conditioning.,
Yo' Mama is so fat[COMMA] she thinks a balanced meal is a cheeseburger in each hand.,
Yo' Mama is so ugly[COMMA] she wore a paper sack when you went to see Santa so Santa wouldn't cry for the photo.,
Yo' Mama is so poor[COMMA] I saw her walking around with one shoe[COMMA] and when I asked if she lost a shoe[COMMA] she said[COMMA] [QUOTE]No[COMMA] I found one.[QUOTE],
Yo' Mama is so stupid[COMMA] she has to re-read the instructions on the shampoo bottle every time she showers.,
Yo' Mama is so fat[COMMA] her bellybutton is a skate park.,
Yo' Mama is so fat[COMMA] she has a tattoo of the United States on her chest -- actual size.,
Yo' Mama is so poor[COMMA] she DJs for the ice cream truck.,
Yo' Mama is so ugly[COMMA] when she smiles[COMMA] her face looks a cheeseburger -- with bacon.,
Yo' Mama is so nasty[COMMA] when she's asked to take out the trash[COMMA] she leaves the room.,
Yo' Mama is so old[COMMA] when she went to school[COMMA] they didn't have a history class yet.,
Yo' Mama is so fat[COMMA] she makes whales look like guppies.,
Yo' Mama is so stupid[COMMA] she needs a recipe to make ice cubes.,
Yo' Mama is so old[COMMA] her belly button is between her breasts.,
Yo' Mama is so bald[COMMA] she gets brainwashed when she showers.,
Yo' Mama is so bald[COMMA] when you rub her head[COMMA] you can see into the future.,
Yo' Mama is so fat[COMMA] she has an echo in her belly button.,
Yo' Mama is so stupid[COMMA] she argued with a gumball machine for not taking her food stamps.,
Yo' Mama is so ugly[COMMA] I've seen better lookin' butts in an ashtray.,
Yo' Mama is so ugly[COMMA] when God was giving out looks[COMMA] she must've been petting a bulldog.,
Yo' Mama is so dumb[COMMA] when God was giving out brains[COMMA] she thought they were milkshakes and asked for extra thick.,
Yo' Mama is so fat[COMMA] she causes night and day.,
Yo' Mama is so ugly[COMMA] when she was born[COMMA] the doctor charged extra for having to touch her.,
Yo' Mama is so stupid[COMMA] she sits on the TV and watches the couch.,
Yo' Mama is so poor[COMMA] every time the wind blows[COMMA] her address changes.,
Yo' Mama is so fat[COMMA] when she decided to get a water bed[COMMA] she bought bedding for Lake Superior.,
Yo' Mama is so stupid[COMMA] she turns on the light to see if it's dark outside.,
Yo' Mama is so stupid[COMMA] when the officer told her she broke the speed limit[COMMA] she offered to fix it.,
Yo' Mama is so stupid[COMMA] she tried to drown her pet fish.,
Yo' Mama is so fat[COMMA] I put a quarter up in her ear[COMMA] and she spat out a packaged snack cake.,
Yo' Mama is so ugly[COMMA] your family portraits hang themselves.,
Yo' Mama is so ugly[COMMA] she looked out the window and got arrested for mooning.,
Yo' Mama is so fat[COMMA] she uses a soccer field for a pool table.,
Yo' Mama is so fat[COMMA] she irons her clothes with a steamroller.,
Yo' Mama is so ugly[COMMA] when she walks outside[COMMA] the sun hides behind the clouds.,
Yo' Mama is so skinny[COMMA] she could hang glide on a Dorito.,
Yo' Mama is so poor[COMMA] when she farts[COMMA] her holey underwear whistles.,
Yo' Mama has so many gaps in her teeth[COMMA] it looks like her tongue is in jail.,
Yo' Mama is so poor[COMMA] she had to get a take a second mortgage on her cardboard shelter.,
Yo' Mama is so ugly[COMMA] when she looks in the mirror[COMMA] her reflection ducks.,
Yo' Mama is so ugly[COMMA] she had to get you drunk to breastfeed.,
Yo' Mama is so hairy[COMMA] she's suing the Velcro makers for personal injury.,
Yo' Mama is so fat[COMMA] I've known her for seven years and still haven't met yo' whole mama.,
Yo' Mama is so fat[COMMA] [QUOTE]fat[QUOTE] is a compliment.,
Yo' Mama is so old[COMMA] she wears Air Moses.,
Yo' Mama is so short[COMMA] you can see her feet on her driver's license.,
Yo' Mama is so fat[COMMA] she uses the equator as a belt.,
Yo' Mama is so fat[COMMA] she broke the stairway to Heaven.,
Yo' Mama is so old[COMMA] her birth certificate expired.,
Yo' Mama is so poor[COMMA] when I asked where her bathroom was[COMMA] she said[COMMA] [QUOTE]Fourth bottle from the left.[QUOTE],
Yo' Mama is so fat[COMMA] she wore a red dress[COMMA] and everyone shouted[COMMA] [QUOTE]Hey[COMMA] the Kool-Aid Man![QUOTE],
Yo' Mama is so stupid[COMMA] she took a ladder to a Giants game.,
Yo' Mama is so fat[COMMA] Goodyear wanted to fly her over the Super Bowl.,
Yo' Mama is so stupid[COMMA] she stamped her foot and missed the ground.,
Yo' Mama is so fat[COMMA] the highway department makes her wear an [QUOTE]Oversize Load[QUOTE] sign every time she takes a walk.,
Yo' Mama is so fat[COMMA] the local gym referred her to an evangelical church where they have a better chance of performing miracles.,
Yo' Mama is so stupid[COMMA] she went to the doctor for a home pregnancy test.,
Yo' Mama is so ugly[COMMA] she gets arrested for indecent exposure every time she leaves the house.,
Yo' Mama is so poor[COMMA] she uses garbage bags for luggage.,
Yo' Mama is so fat[COMMA] the last time she booked a flight[COMMA] her boarding ticket read[COMMA] [QUOTE]Please allow up to 4-6 weeks for freight delivery.[QUOTE],
Yo' Mama is so ugly[COMMA] when she was born[COMMA] the doctor slapped her mama.,
Yo' Mama is so poor[COMMA] she can't afford window shopping.,
Yo' Mama is so fat[COMMA] you can spot her on Google Maps.,
Yo' Mama is so fat[COMMA] her senior photo is an aerial shot.,
Yo' Mama is so fat[COMMA] NASA used her to plug a black hole.,
Yo' Mama's so fat[COMMA] her nickname is [QUOTE]Daaaamn![QUOTE],
Yo' Mama is so fat[COMMA] she puts on lipstick with a paint roller.,
Yo' Mama is so fat[COMMA] the last time she saw 90210 was on the bathroom scale.,
Yo' Mama is so fat[COMMA] when she went in for a portrait[COMMA] the photographer charged for a family sitting.,
Yo' Mama is so ugly[COMMA] when she walked past the toilet[COMMA] it flushed itself.,
Yo' Mama is so poor[COMMA] she steals her breakfast from backyard bird feeders.,
Yo' Mama's so fat[COMMA] she doesn't use bronzer -- she uses Mop n' Glo.,
Yo' Mama is so poor[COMMA] she hangs the toilet paper out to dry.,
Yo' Mama is so nasty[COMMA] her armpits look like she's got Don King in a headlock.,
Yo' Mama is so stupid[COMMA] she filled out a job application[COMMA] and where it said[COMMA] [QUOTE]Don't Write Below This Line[COMMA][QUOTE] she wrote[COMMA] [QUOTE]OK![QUOTE],
Yo' Mama is so stupid[COMMA] she couldn't buy [QUOTE]Guess[QUOTE] jeans because she didn't know the answer.,
Yo' Mama's glasses are so thick[COMMA] when she looks on a map[COMMA] she sees people waving.,
Yo' Mama is so fat[COMMA] she can't stand in single file.,
Yo' Mama is so fat[COMMA] if she were one of the three little pigs[COMMA] she'd say[COMMA] [QUOTE]Not by the hair on my 26 chins.[QUOTE],
Yo' Mama is so fat[COMMA] when she goes to a buffet[COMMA] she pulls up a chair.,
Yo' Mama is so stupid[COMMA] she holds onto quarters tightly in case the the eagles on them fly away.,
Yo' Mama is so stupid[COMMA] she thought Master P was a special restroom.,
Yo' Mama is so stupid[COMMA] she thought Subway made trains.,
Yo' Mama is so old[COMMA] she used to work with Fred Flintstone.,
Yo' Mama is so stupid[COMMA] she bought a book on how to read.,
Yo' Mama is so skinny[COMMA] when she eats jelly beans[COMMA] tabloids report on her [QUOTE]baby bump.[QUOTE],
Yo' Mama is so old[COMMA] she has to screw on her underpants around her wrinkles.,
Yo' Mama is so dirty[COMMA] she makes Speedstick slow down and think about it.,
Yo' Mama is so poor[COMMA] all you got for Christmas was a video of other kids playing with toys.,
Yo' Mama is so fat[COMMA] I take laps around her for exercise.,
Yo' Mama is so stupid[COMMA] she thinks Cheerios are donut seeds.,
Yo' Mama is so poor[COMMA] when asked to use the bathroom[COMMA] she handed me a shovel and opened the back door.,
Yo' Mama is so fat[COMMA] when she goes to a restaurant[COMMA] instead of a menu[COMMA] she gets an estimate.,
Yo' Mama is so fat[COMMA] when she went bungee jumping[COMMA] she collapsed the bridge.,
Yo' Mama is so skinny[COMMA] she has to run around the shower to get the water to hit her.,
Yo' Mama is so poor[COMMA] she makes change in the church offering plate.,
Yo' Mama is so fat[COMMA] when she throws her shadow[COMMA] it breaks the sidewalk.,
Yo' Mama is so stanky[COMMA] monkeys throw poop on her at the zoo.,
Yo' Mama is so stupid[COMMA] when they said[COMMA] [QUOTE]Order in the court[COMMA][QUOTE] she asked for fries and a shake.,
Yo' Mama is so stupid[COMMA] she thought menopause was a button on the DVD player.,
Yo' Mama is so ugly[COMMA] her smile makes puppies whimper.,
Yo' Mama is so fat[COMMA] she broke wind at a cookout and started a forest fire.,
Yo' Mama is so stanky[COMMA] she used Odor-Eaters and completely disappeared.,
Yo' Mama's so ugly[COMMA] if ugly were bricks[COMMA] she could build homes for all the homeless.,
Yo' Mama is so poor[COMMA] she puts McDonald's dollar meals on layaway.,
Yo' Mama is so fat[COMMA] her first word was [QUOTE]more.[QUOTE],
Yo' Mama is so fat[COMMA] every time she turns around[COMMA] it's her birthday.,
Yo' Mama is so stupid[COMMA] she didn't want the window seat on her flight because she thought the breeze might mess up her hair.,
Yo' Mama is so poor[COMMA] she got married for the rice.,
Yo' Mama is so short[COMMA] she plays racquetball on the curb.,
Yo' Mama's teeth are so busted[COMMA] she can kiss yo' daddy and comb her mustache at the same time.,
Yo' Mama is so stupid[COMMA] her wig has a chinstrap.,
Yo' Mama's teeth are so yellow[COMMA] when she closes her mouth[COMMA] her cheeks light up.,
Yo' Mama is so poor[COMMA] her bathroom consists of a tin can and a pile of leaves.,
Yo' Mama is so fat[COMMA] she has a kickstand on her peg leg.,
Yo' Mama is so fat[COMMA] when she visits the doctor[COMMA] they need a forklift to get her on the examining table.,
Yo' Mama is so fat[COMMA] she buys clothes in three sizes: large[COMMA] extra large[COMMA] and [QUOTE]Oh my God[COMMA] it's coming towards us![QUOTE],
Yo' Mama is so poor[COMMA] I sat on a garbage can[COMMA] and she told me to get off her roof.,
Yo' Mama is so fat[COMMA] she uses the refrigerator for her lunch box.,
Yo' Mama is so fat[COMMA] she has to make a long distance call to talk to herself.,
Yo' Mama is so fat[COMMA] she shows up on radar.,
Yo' Mama is so fat[COMMA] the donut shop accused her of stealing their jelly rolls.,
Yo' Mama's teeth are so crooked[COMMA] when she smiles[COMMA] it looks like her mouth is throwing gang signs.,
Yo' Mama is so poor[COMMA] her face is on the food stamp.,
Yo' Mama is so stupid[COMMA] she saw a [QUOTE]Wet Floor[QUOTE] sign and did what it said.,
Yo' Mama is so ugly[COMMA] she has to sneak up to water fountains to get a drink.,
Yo' Mama is so fat[COMMA] when she wears a yellow raincoat[COMMA] the kids yell[COMMA] [QUOTE]Here comes the school bus.[QUOTE],
Yo' Mama is so ugly[COMMA] she not only got hit with the ugly stick[COMMA] she must have got lost in an ugly forest.,
Yo' Mama is so stupid[COMMA] when she was pulled over for drunk driving and asked to walk a line[COMMA] she said[COMMA] [QUOTE]Which one?[QUOTE],
Yo' Mama is so nasty[COMMA] simply bathing is part of her weight loss program.,
Yo' Mama is so poor[COMMA] she considers the give-a-penny/take-a-penny cups part of her own [QUOTE]Save Yo' Mama[QUOTE] foundation.,
Yo' Mama is so stupid[COMMA] she thought the international dateline was a global dating service.,
Yo' Mama is so fat[COMMA] she couldn't identify a picture of her feet.,
Yo' Mama is so fat[COMMA] when the cops see her on a street corner[COMMA] they yell[COMMA] [QUOTE]Hey you guys[COMMA] break it up![QUOTE],
Yo' Mama's so fat[COMMA] her scale reads [QUOTE]Game Over.[QUOTE],
Yo' Mama is so fat[COMMA] every time you smack her butt[COMMA] you can ride the waves.,
Yo' Mama is so fat[COMMA] she brought on world hunger.,
Yo' Mama is so poor[COMMA] when you ring her doorbell[COMMA] she sticks her head out the window and yells[COMMA] [QUOTE]DING DONG![QUOTE],
Yo' Mama is so fat[COMMA] her stair master has a dinner tray attached.,
Yo' Mama is so ghetto[COMMA] her wedding cake was made of cornbread.,
Yo' Mama is so fat[COMMA] she tried to eat her chicken pox.,
Yo' Mama is so ugly[COMMA] the tide wouldn't even take her out.,
Yo' Mama is so poor[COMMA] when she goes to the park[COMMA] the pigeons throw her bread.,
Yo' Mama is so fat[COMMA] she got stuck in the great outdoors.,
Yo' Mama is so fat[COMMA] when she steps on a scale[COMMA] it says[COMMA] [QUOTE]To be continued.[QUOTE],
Yo' Mama is so poor[COMMA] she chases the garbage truck with a grocery list.,
Yo' Mama is so stupid[COMMA] she thought spitball was a sport.,
Yo' Mama is so fat[COMMA] she gets her nails done at the auto shop.,
Yo' Mama is so stupid[COMMA] she taped toilet paper to her TV set for free paper view.,
Yo' Mama is so skanky[COMMA] she can make out with a toothpick in her mouth.,
Yo' Mama is so stupid[COMMA] she thought Meow Mix was a rap CD for cats.,
Yo' Mama so fat[COMMA] I can stand on her belly and high-five God.,
Yo' Mama is so fat[COMMA] she got hit by a monster truck and said[COMMA] [QUOTE]Who pushed me?[QUOTE],
Yo' Mama is so nasty[COMMA] she gave me an ear infection over the phone.,
Yo' Mama is so stupid[COMMA] she gave your kids a [QUOTE]Yo' Grandmama Is So Stupid[QUOTE] joke book.,
Yo' Mama is so stupid[COMMA] it took her an hour to make Minute Maid.,
Yo' Mama is so old[COMMA] she dreams in black and white.,
Yo' Mama is so redneck[COMMA] the door mat to her trailer home doubles as a mad flap for her pick up truck.,
Yo' Mama is so ugly[COMMA] I asked if her face hurt because it was killing me.,
Yo' Mama is so dirty[COMMA] she has to use Right Guard and Left Guard.,
Yo' Mama is so ugly[COMMA] she make blind kids cry.,
Yo' Mama is so stupid[COMMA] she poured a bowl of Cheerios and said[COMMA] [QUOTE]Look[COMMA] my alphabet soup spells 'Ooooo.'[QUOTE],
Yo' Mama's head is so big[COMMA] she dreams in IMAX.,
Yo' Mama is so fat[COMMA] instead lint in her belly button[COMMA] she's gathered full sweaters.,
Yo' Mama is so fat[COMMA] when she went to KFC[COMMA] she ordered the bucket of chicken on the roof.,
Yo' Mama is so fat[COMMA] after sex[COMMA] she smokes a turkey.,
Yo' Mama is so fat[COMMA] she can't lift her own spirit.,
Yo' Mama is so fat[COMMA] people use her butt cheeks for a ski slope.,
Yo Mama's so Web 2.0[COMMA] she makes you call her Mothr!,
Yo' Mama is so poor[COMMA] her tv only has two channels: on and not working.,
Yo' Mama is so stanky[COMMA] even the garbage man won't pick her up.,
Yo' Mama is so stupid[COMMA] when you were born[COMMA] she saw the umbilical cord and said[COMMA] [QUOTE]Hey[COMMA] it comes with cable.[QUOTE],
Yo' Mama is so fat[COMMA] when she goes to a stadium[COMMA] she sits next to everybody.,
Yo' Mama is so short[COMMA] she models for trophies.,
Yo' Mama's breath is so nasty[COMMA] it makes onions cry.,
Yo' mama so fat[COMMA] that when she wears a yellow rain jacket[COMMA] people think she's a taxi cab.,
Yo' mama so stupid[COMMA] she got locked in a supermarket and starved to death!,
Yo' Mama is so fat[COMMA] when she walked past the TV[COMMA] I missed a two-hour special of [QUOTE]Lost.[QUOTE],
Yo' mama so stupid[COMMA] she thought the Blizzard of '96 was a new item at Dairy Queen!,
Yo Mama is so fat[COMMA] that when she dances[COMMA] the band skips!,
Yo mama's so technologically unsavvy[COMMA] she leaves out pieces of cheese next to the computer!,
Yo' mama so fat[COMMA] people exercise by doing laps 'round her!,
Yo' Mama is so stupid[COMMA] when she heard that Christmas was around the corner[COMMA] she went looking for it.,
Yo mama is so dumb she stuck a battery up her butt and said[COMMA] [QUOTE]I got energy![QUOTE],
Yo mama's so fat[COMMA] when she farted pluto's ice caps melted.,
Yo mama's so fat she uses two greyhound buses as rollerblades.,
Yo' Mama is so fat[COMMA] she shaves with a lawnmower.,
Yo' Mama is so nasty[COMMA] her flyswatter doubles as a spatula.,
Yo' Mama is so poor[COMMA] when I put out my cigarette in her kitchen[COMMA] she yelled[COMMA] [QUOTE]Who turned off the heat?[QUOTE],
Yo' Mama is so stupid[COMMA] she thought Johnny Cash was a pay toilet.,
Yo' Mama so stupid[COMMA] she returned a donut because it had a hole in it.,
Yo' Mama is so dirty[COMMA] she uses bleach in her baths.,
Yo' Mama is so stupid[COMMA] she climbed a glass wall to see what was on the other side.,
Yo' Mama is like a blimp: a huge spectacle that's full of gas.,
Yo' Mama is so fat[COMMA] when she rubs her legs together[COMMA] I smell bacon.,
Yo mama is so small that she plays handball on the curb.,
Yo' Mama is so fat[COMMA] the hippos at the zoo get jealous of her figure.,
Yo' Mama is so ugly[COMMA] when I walked past your fence[COMMA] she came out barking.,
Yo mama's so lactose intolerant[COMMA] human kindness makes her throw up!,
Yo mama's so fat that when she goes walking on the beach in heals she strikes oil.,
Yo' Mama is so fat[COMMA] her Polo shirts come with real horses on the pocket.,
Yo' Mama is so fat[COMMA] she got baptized at Sea World.,
Yo' Mama is so ugly[COMMA] her imaginary friend played with other kids.,
Yo' Mama is so fat[COMMA] local night clubs had to put up signs that read[COMMA] [QUOTE]Maximum Occupancy: 240 or Yo' Mama.[QUOTE],
Yo' Mama is so old[COMMA] she was a waitress at the Last Supper.,
Yo' Mama is so stupid[COMMA] when she went to buy a color television[COMMA] she left the store because they didn't have one in pink.,
Yo mama's so skinny[COMMA] she used a needle for a baseball bat,
Yo' Mama is like my cell phone plan: 10 cents a minute -- anytime[COMMA] anywhere[COMMA] no restrictions.,
Yo' mama so old[COMMA] her social security number is two!,
Yo' Mama is so fat[COMMA] she uses transport trucks as roller skates.,
Yo' Mama is so ugly[COMMA] when she were born[COMMA] the doctor didn't know which end to slap.,
Yo' Mama is so fat[COMMA] if she buys a fur coat[COMMA] a whole species will become extinct.,
Yo' Mama is so flat[COMMA] paper gets jealous.,
Yo' Mama is so stupid[COMMA] she thinks her binoculars are opera glasses.,
Yo' Mama is so fat[COMMA] her shadow is used for the witness protection program.,
Yo' Mama is so stupid[COMMA] she put the operator on speed dial.,
Yo' Mama is so stupid[COMMA] she studied for her blood test.,
Your mama's so stupid she tripped over a line on a basketball court.,
I could have been your daddy[COMMA] but the line was too long.,
Yo' Mama is so poor[COMMA] she dumpster dives for your birthday presents.,
<ol>,<li>How on earth can you see the TV sitting so far back?,<li>Yeah[COMMA] I used to cut class a lot too.,<li>Let me smell that shirt - don't worry[COMMA] it's good for another week.,<li>Go ahead and keep that stray dog[COMMA] honey.,I'll be glad to feed and walk him every day.,<li>That outfit isn't sexy enough[COMMA] here[COMMA] unbutton your blouse.,<li>Why don't you hitchhike?, It would totally be cheaper.,<li>The curfew is just a general time to shoot for.,It's not like I'm running a prison around here.,<li>Don't clean your room so often., It makes the rest of the house look bad.,<li>Can I borrow your new speed metal CDs?,<li>Naw[COMMA] you don't have to call me[COMMA] I'll eventually figure it out if you're in trouble.,</ol>,
Yo' mama so old[COMMA] I told her to act her age and she died!,
You're so ugly[COMMA] Yo' Mama had to be drunk to breastfeed you.,
You''re so ugly[COMMA] when yo'' mama dropped you off at school[COMMA] she got a ticket for littering!,
Yo' Mama is so ugly[COMMA] her zits don't want to be seen with her.,
Yo' Mama is so fat[COMMA] she wears a watch on each arm -- one for each time zone she's in.,
Yo' Mama is so ugly[COMMA] when I took her to the zoo[COMMA] the security guard thanked me for bringing her back.,
